OG_ID	gene_name	aBSREL_any	absrel_num_dry_branches	absrel_dry_ge2	CNEE_bf3plus	Expr_any_Muscle	de_Muscle
OG_0000219	NA	FALSE	0	0	TRUE	TRUE	1
OG_0000397	NA	FALSE	0	0	FALSE	TRUE	1
OG_0001116	NA	FALSE	0	0	FALSE	TRUE	1
OG_0001523	NA	FALSE	0	0	FALSE	TRUE	1
OG_0002287	NA	FALSE	0	0	FALSE	TRUE	1
OG_0002576	NA	FALSE	0	0	FALSE	TRUE	1
OG_0002834	NA	FALSE	0	0	FALSE	TRUE	1
OG_0002864	NA	FALSE	0	0	FALSE	TRUE	1
OG_0002935	NA	FALSE	0	0	FALSE	TRUE	1
OG_0003052	CXorf57	TRUE	1	0	FALSE	TRUE	1
OG_0003053	NA	FALSE	0	0	FALSE	TRUE	1
OG_0003064	NA	FALSE	0	0	FALSE	TRUE	1
OG_0003159	NA	FALSE	0	0	FALSE	TRUE	1
OG_0003242	MED14	TRUE	1	0	FALSE	TRUE	1
OG_0003352	NA	FALSE	0	0	FALSE	TRUE	1
OG_0003402	NA	FALSE	0	0	FALSE	TRUE	1
OG_0003658	NA	FALSE	0	0	FALSE	TRUE	1
OG_0003729	NA	FALSE	0	0	FALSE	TRUE	1
OG_0003901	NA	FALSE	0	0	TRUE	TRUE	1
OG_0003907	NA	FALSE	0	0	FALSE	TRUE	1
OG_0003954	NA	FALSE	0	0	FALSE	TRUE	1
OG_0003975	NA	FALSE	0	0	FALSE	TRUE	1
OG_0004144	NA	FALSE	0	0	FALSE	TRUE	1
OG_0004306	NA	FALSE	0	0	FALSE	TRUE	1
OG_0004410	NA	FALSE	0	0	FALSE	TRUE	1
OG_0004425	NA	FALSE	0	0	FALSE	TRUE	1
OG_0004611	NA	FALSE	0	0	FALSE	TRUE	1
OG_0004999	NA	FALSE	0	0	FALSE	TRUE	1
OG_0005217	NA	FALSE	0	0	FALSE	TRUE	1
OG_0005222	NA	FALSE	0	0	FALSE	TRUE	1
OG_0005328	NA	FALSE	0	0	TRUE	TRUE	1
OG_0005809	NA	FALSE	0	0	FALSE	TRUE	1
OG_0005860	NA	FALSE	0	0	FALSE	TRUE	1
OG_0006254	NA	FALSE	0	0	FALSE	TRUE	1
OG_0006530	NA	FALSE	0	0	FALSE	TRUE	1
OG_0006700	NA	FALSE	0	0	FALSE	TRUE	1
OG_0006735	NA	FALSE	0	0	FALSE	TRUE	1
OG_0006748	NA	FALSE	0	0	FALSE	TRUE	1
OG_0006777	NA	FALSE	0	0	TRUE	TRUE	1
OG_0006815	NA	FALSE	0	0	FALSE	TRUE	1
OG_0006963	NA	FALSE	0	0	FALSE	TRUE	1
OG_0007091	NA	FALSE	0	0	FALSE	TRUE	1
OG_0007128	NA	FALSE	0	0	FALSE	TRUE	1
OG_0007137	LDHB	TRUE	1	0	FALSE	TRUE	1
OG_0007406	NA	FALSE	0	0	FALSE	TRUE	1
OG_0007414	NA	FALSE	0	0	FALSE	TRUE	1
OG_0007505	NA	FALSE	0	0	FALSE	TRUE	1
OG_0007652	NA	FALSE	0	0	FALSE	TRUE	1
OG_0007701	NA	FALSE	0	0	FALSE	TRUE	1
OG_0007750	NA	FALSE	0	0	FALSE	TRUE	1
OG_0007849	NA	FALSE	0	0	FALSE	TRUE	1
OG_0007906	NA	FALSE	0	0	FALSE	TRUE	1
OG_0007943	mul1a	TRUE	1	0	FALSE	TRUE	1
OG_0008037	NA	FALSE	0	0	FALSE	TRUE	1
OG_0008064	NA	FALSE	0	0	TRUE	TRUE	1
OG_0008067	NA	FALSE	0	0	FALSE	TRUE	1
OG_0008146	NA	FALSE	0	0	FALSE	TRUE	1
OG_0008314	NA	FALSE	0	0	FALSE	TRUE	1
OG_0008373	NA	FALSE	0	0	FALSE	TRUE	1
OG_0008399	NA	FALSE	0	0	FALSE	TRUE	1
OG_0008439	NA	FALSE	0	0	FALSE	TRUE	1
OG_0008491	NA	FALSE	0	0	FALSE	TRUE	1
OG_0008537	NA	FALSE	0	0	FALSE	TRUE	1
OG_0008551	NA	FALSE	0	0	FALSE	TRUE	1
OG_0008581	NA	FALSE	0	0	FALSE	TRUE	1
OG_0008701	NA	FALSE	0	0	FALSE	TRUE	1
OG_0008762	NA	FALSE	0	0	FALSE	TRUE	1
OG_0008782	NA	FALSE	0	0	FALSE	TRUE	1
OG_0008804	NA	FALSE	0	0	FALSE	TRUE	1
OG_0008958	NA	FALSE	0	0	TRUE	TRUE	1
OG_0009065	NA	FALSE	0	0	FALSE	TRUE	1
OG_0009069	NA	FALSE	0	0	FALSE	TRUE	1
OG_0009274	NA	FALSE	0	0	FALSE	TRUE	1
OG_0009439	NA	FALSE	0	0	FALSE	TRUE	1
OG_0009565	NA	FALSE	0	0	FALSE	TRUE	1
OG_0009614	NA	FALSE	0	0	FALSE	TRUE	1
OG_0009626	NA	FALSE	0	0	FALSE	TRUE	1
OG_0009660	NA	FALSE	0	0	FALSE	TRUE	1
OG_0009672	NA	FALSE	0	0	FALSE	TRUE	1
OG_0009689	NA	FALSE	0	0	FALSE	TRUE	1
OG_0009870	NA	FALSE	0	0	FALSE	TRUE	1
OG_0009892	NA	FALSE	0	0	FALSE	TRUE	1
OG_0010051	NA	FALSE	0	0	FALSE	TRUE	1
OG_0010066	NA	FALSE	0	0	FALSE	TRUE	1
OG_0010079	NA	FALSE	0	0	FALSE	TRUE	1
OG_0010088	NA	FALSE	0	0	FALSE	TRUE	1
OG_0010127	NA	FALSE	0	0	FALSE	TRUE	1
OG_0010175	NA	FALSE	0	0	FALSE	TRUE	1
OG_0010355	NA	FALSE	0	0	FALSE	TRUE	1
OG_0010475	NA	FALSE	0	0	FALSE	TRUE	1
OG_0010482	NA	FALSE	0	0	FALSE	TRUE	1
OG_0010558	NA	FALSE	0	0	FALSE	TRUE	1
OG_0010650	NA	FALSE	0	0	FALSE	TRUE	1
OG_0010664	NA	FALSE	0	0	FALSE	TRUE	1
OG_0010849	NA	FALSE	0	0	FALSE	TRUE	1
OG_0010893	NA	FALSE	0	0	FALSE	TRUE	1
OG_0011062	NA	FALSE	0	0	FALSE	TRUE	1
OG_0011114	NA	FALSE	0	0	FALSE	TRUE	1
OG_0011115	NA	FALSE	0	0	FALSE	TRUE	1
OG_0011125	NA	FALSE	0	0	TRUE	TRUE	1
OG_0011428	NA	FALSE	0	0	FALSE	TRUE	1
OG_0011686	NA	FALSE	0	0	FALSE	TRUE	1
OG_0011700	NA	FALSE	0	0	FALSE	TRUE	1
OG_0011790	NA	FALSE	0	0	FALSE	TRUE	1
OG_0011806	NA	FALSE	0	0	FALSE	TRUE	1
OG_0011853	NA	FALSE	0	0	FALSE	TRUE	1
OG_0011868	NA	FALSE	0	0	FALSE	TRUE	1
OG_0011916	NA	FALSE	0	0	FALSE	TRUE	1
OG_0011917	NA	FALSE	0	0	FALSE	TRUE	1
OG_0011958	NA	FALSE	0	0	FALSE	TRUE	1
OG_0011961	NA	FALSE	0	0	FALSE	TRUE	1
OG_0011966	NA	FALSE	0	0	TRUE	TRUE	1
OG_0012016	NA	FALSE	0	0	FALSE	TRUE	1
OG_0012029	NA	FALSE	0	0	FALSE	TRUE	1
OG_0012424	NA	FALSE	0	0	FALSE	TRUE	1
OG_0012470	NA	FALSE	0	0	FALSE	TRUE	1
OG_0012533	NA	FALSE	0	0	FALSE	TRUE	1
OG_0012601	NA	FALSE	0	0	FALSE	TRUE	1
OG_0012639	NA	FALSE	0	0	FALSE	TRUE	1
OG_0012696	NA	FALSE	0	0	FALSE	TRUE	1
OG_0012822	NA	FALSE	0	0	FALSE	TRUE	1
OG_0012858	NA	FALSE	0	0	FALSE	TRUE	1
OG_0012859	NA	FALSE	0	0	FALSE	TRUE	1
OG_0012996	NA	FALSE	0	0	FALSE	TRUE	1
OG_0013000	NA	FALSE	0	0	FALSE	TRUE	1
OG_0013037	NA	FALSE	0	0	FALSE	TRUE	1
OG_0013093	NA	FALSE	0	0	FALSE	TRUE	1
OG_0013354	NA	FALSE	0	0	FALSE	TRUE	1
OG_0013408	NA	FALSE	0	0	FALSE	TRUE	1
OG_0013409	NA	FALSE	0	0	FALSE	TRUE	1
OG_0013449	NA	FALSE	0	0	FALSE	TRUE	1
OG_0013467	NA	FALSE	0	0	FALSE	TRUE	1
OG_0013471	NA	FALSE	0	0	FALSE	TRUE	1
OG_0013597	NA	FALSE	0	0	FALSE	TRUE	1
OG_0013929	NA	FALSE	0	0	FALSE	TRUE	1
OG_0013976	NA	FALSE	0	0	FALSE	TRUE	1
OG_0014047	NA	FALSE	0	0	FALSE	TRUE	1
OG_0014064	NA	FALSE	0	0	TRUE	TRUE	1
OG_0014101	NA	FALSE	0	0	FALSE	TRUE	1
OG_0014117	NA	FALSE	0	0	FALSE	TRUE	1
OG_0014328	NA	FALSE	0	0	FALSE	TRUE	1
OG_0014402	NA	FALSE	0	0	FALSE	TRUE	1
OG_0014540	NA	FALSE	0	0	FALSE	TRUE	1
OG_0014545	NA	FALSE	0	0	FALSE	TRUE	1
OG_0014635	NA	FALSE	0	0	FALSE	TRUE	1
OG_0014701	NA	FALSE	0	0	FALSE	TRUE	1
OG_0014823	NA	FALSE	0	0	FALSE	TRUE	1
OG_0014962	NA	FALSE	0	0	TRUE	TRUE	1
OG_0015010	NA	FALSE	0	0	FALSE	TRUE	1
OG_0015098	NA	FALSE	0	0	FALSE	TRUE	1
OG_0015158	NA	FALSE	0	0	FALSE	TRUE	1
OG_0015272	NA	FALSE	0	0	FALSE	TRUE	1
OG_0015346	NA	FALSE	0	0	FALSE	TRUE	1
OG_0015355	NA	FALSE	0	0	FALSE	TRUE	1
OG_0015512	NA	FALSE	0	0	FALSE	TRUE	1
OG_0015586	NA	FALSE	0	0	FALSE	TRUE	1
OG_0015800	NA	FALSE	0	0	FALSE	TRUE	1
OG_0015930	NA	FALSE	0	0	FALSE	TRUE	1
OG_0016075	NA	FALSE	0	0	FALSE	TRUE	1
OG_0016255	NA	FALSE	0	0	FALSE	TRUE	1
OG_0016303	NA	FALSE	0	0	FALSE	TRUE	1
OG_0016346	NA	FALSE	0	0	FALSE	TRUE	1
OG_0016574	NA	FALSE	0	0	FALSE	TRUE	1
OG_0016614	NA	FALSE	0	0	FALSE	TRUE	1
OG_0016912	NA	FALSE	0	0	FALSE	TRUE	1
OG_0016923	NA	FALSE	0	0	FALSE	TRUE	1
OG_0017029	NA	FALSE	0	0	FALSE	TRUE	1
OG_0017150	NA	FALSE	0	0	FALSE	TRUE	1
OG_0017156	NA	FALSE	0	0	FALSE	TRUE	1
OG_0017220	NA	FALSE	0	0	FALSE	TRUE	1
OG_0017228	NA	FALSE	0	0	FALSE	TRUE	1
OG_0017335	NA	FALSE	0	0	FALSE	TRUE	1
OG_0017412	NA	FALSE	0	0	FALSE	TRUE	1
OG_0017420	NA	FALSE	0	0	FALSE	TRUE	1
OG_0017502	NA	FALSE	0	0	FALSE	TRUE	1
OG_0017704	NA	FALSE	0	0	FALSE	TRUE	1
OG_0017803	NA	FALSE	0	0	FALSE	TRUE	1
OG_0017813	NA	FALSE	0	0	FALSE	TRUE	1
OG_0017989	NA	FALSE	0	0	FALSE	TRUE	1
OG_0018021	NA	FALSE	0	0	FALSE	TRUE	1
OG_0018046	NA	FALSE	0	0	FALSE	TRUE	1
OG_0018072	NA	FALSE	0	0	FALSE	TRUE	1
OG_0018093	NA	FALSE	0	0	FALSE	TRUE	1
OG_0018143	NA	FALSE	0	0	FALSE	TRUE	1
OG_0018407	NA	FALSE	0	0	FALSE	TRUE	1
OG_0018474	NA	FALSE	0	0	FALSE	TRUE	1
OG_0018543	NA	FALSE	0	0	FALSE	TRUE	1
OG_0018669	MRPL37	TRUE	1	0	FALSE	TRUE	1
OG_0018739	NA	FALSE	0	0	FALSE	TRUE	1
OG_0018745	NA	FALSE	0	0	FALSE	TRUE	1
OG_0018747	NA	FALSE	0	0	FALSE	TRUE	1
OG_0018753	NA	FALSE	0	0	FALSE	TRUE	1
OG_0018911	NA	FALSE	0	0	FALSE	TRUE	1
OG_0018918	NA	FALSE	0	0	FALSE	TRUE	1
OG_0018952	NA	FALSE	0	0	FALSE	TRUE	1
OG_0018963	NA	FALSE	0	0	FALSE	TRUE	1
OG_0019333	NA	FALSE	0	0	FALSE	TRUE	1
OG_0019345	NA	FALSE	0	0	FALSE	TRUE	1
OG_0019367	NA	FALSE	0	0	FALSE	TRUE	1
OG_0019452	NA	FALSE	0	0	FALSE	TRUE	1
OG_0019567	NA	FALSE	0	0	FALSE	TRUE	1
OG_0019638	NA	FALSE	0	0	FALSE	TRUE	1
OG_0019649	NA	FALSE	0	0	FALSE	TRUE	1
OG_0019685	NA	FALSE	0	0	FALSE	TRUE	1
OG_0019810	NA	FALSE	0	0	FALSE	TRUE	1
OG_0019917	PDPN	TRUE	1	0	FALSE	TRUE	1
OG_0019970	NA	FALSE	0	0	FALSE	TRUE	1
OG_0019979	NA	FALSE	0	0	FALSE	TRUE	1
OG_0019995	NA	FALSE	0	0	FALSE	TRUE	1
OG_0020322	NA	FALSE	0	0	FALSE	TRUE	1
OG_0020363	NA	FALSE	0	0	FALSE	TRUE	1
OG_0020471	NA	FALSE	0	0	FALSE	TRUE	1
OG_0020505	NA	FALSE	0	0	FALSE	TRUE	1
OG_0020534	NA	FALSE	0	0	FALSE	TRUE	1
OG_0020540	NA	FALSE	0	0	FALSE	TRUE	1
OG_0020639	NA	FALSE	0	0	FALSE	TRUE	1
OG_0020663	NA	FALSE	0	0	FALSE	TRUE	1
OG_0020673	NA	FALSE	0	0	FALSE	TRUE	1
OG_0020676	NA	FALSE	0	0	FALSE	TRUE	1
OG_0020798	NA	FALSE	0	0	FALSE	TRUE	1
OG_0020916	RCL1	TRUE	1	0	FALSE	TRUE	1
OG_0020960	NA	FALSE	0	0	FALSE	TRUE	1
OG_0021152	NA	FALSE	0	0	FALSE	TRUE	1
OG_0021153	NA	FALSE	0	0	FALSE	TRUE	1
OG_0021177	NA	FALSE	0	0	FALSE	TRUE	1
OG_0021188	NA	FALSE	0	0	FALSE	TRUE	1
OG_0021364	NA	FALSE	0	0	FALSE	TRUE	1
OG_0021411	NA	FALSE	0	0	FALSE	TRUE	1
OG_0021454	NA	FALSE	0	0	FALSE	TRUE	1
OG_0021504	NA	FALSE	0	0	FALSE	TRUE	1
OG_0021546	NA	FALSE	0	0	FALSE	TRUE	1
OG_0021552	NA	FALSE	0	0	FALSE	TRUE	1
OG_0021758	NA	FALSE	0	0	FALSE	TRUE	1
OG_0021807	NA	FALSE	0	0	FALSE	TRUE	1
OG_0022066	NA	FALSE	0	0	FALSE	TRUE	1
OG_0022497	NA	FALSE	0	0	FALSE	TRUE	1
OG_0022505	NA	FALSE	0	0	FALSE	TRUE	1
OG_0022860	NA	FALSE	0	0	FALSE	TRUE	1
OG_0022885	CCDC167	TRUE	1	0	FALSE	TRUE	1
OG_0022896	NA	FALSE	0	0	FALSE	TRUE	1
OG_0022933	NA	FALSE	0	0	FALSE	TRUE	1
OG_0022945	NA	FALSE	0	0	FALSE	TRUE	1
OG_0023425	NA	FALSE	0	0	FALSE	TRUE	1
OG_0023466	NA	FALSE	0	0	FALSE	TRUE	1
OG_0023914	NA	FALSE	0	0	FALSE	TRUE	1
OG_0025066	NA	FALSE	0	0	FALSE	TRUE	1
OG_0025552	NA	FALSE	0	0	FALSE	TRUE	1
OG_0025564	NA	FALSE	0	0	FALSE	TRUE	1
OG_0025613	NA	FALSE	0	0	FALSE	TRUE	1
OG_0025650	NA	FALSE	0	0	FALSE	TRUE	1
OG_0026002	NA	FALSE	0	0	FALSE	TRUE	1
OG_0026005	NA	FALSE	0	0	FALSE	TRUE	1
OG_0026442	NA	FALSE	0	0	FALSE	TRUE	1
OG_0026680	NA	FALSE	0	0	FALSE	TRUE	1
OG_0026729	NA	FALSE	0	0	FALSE	TRUE	1
OG_0026788	NA	FALSE	0	0	FALSE	TRUE	1
OG_0027046	NA	FALSE	0	0	FALSE	TRUE	1
OG_0027124	NA	FALSE	0	0	FALSE	TRUE	1
OG_0027180	NA	FALSE	0	0	FALSE	TRUE	1
OG_0027882	NA	FALSE	0	0	FALSE	TRUE	1
OG_0028019	NA	FALSE	0	0	FALSE	TRUE	1
OG_0028020	NA	FALSE	0	0	TRUE	TRUE	1
OG_0028036	NA	FALSE	0	0	FALSE	TRUE	1
OG_0028597	NA	FALSE	0	0	FALSE	TRUE	1
OG_0028823	NA	FALSE	0	0	FALSE	TRUE	1
OG_0028892	NA	FALSE	0	0	FALSE	TRUE	1
OG_0028974	NA	FALSE	0	0	FALSE	TRUE	1
OG_0029017	NA	FALSE	0	0	FALSE	TRUE	1
OG_0030985	NA	FALSE	0	0	FALSE	TRUE	1
OG_0030992	NA	FALSE	0	0	FALSE	TRUE	1
OG_0031026	NA	FALSE	0	0	FALSE	TRUE	1
OG_0031147	NA	FALSE	0	0	FALSE	TRUE	1
OG_0031236	NA	FALSE	0	0	FALSE	TRUE	1
OG_0031295	NA	FALSE	0	0	FALSE	TRUE	1
OG_0031323	NA	FALSE	0	0	FALSE	TRUE	1
OG_0031351	NA	FALSE	0	0	FALSE	TRUE	1
OG_0032988	NA	FALSE	0	0	FALSE	TRUE	1
OG_0032997	NA	FALSE	0	0	FALSE	TRUE	1
OG_0033037	NA	FALSE	0	0	FALSE	TRUE	1
OG_0033039	NA	FALSE	0	0	FALSE	TRUE	1
OG_0033283	NA	FALSE	0	0	FALSE	TRUE	1
OG_0033416	NA	FALSE	0	0	FALSE	TRUE	1
OG_0033458	NA	FALSE	0	0	FALSE	TRUE	1
OG_0033919	NA	FALSE	0	0	FALSE	TRUE	1
OG_0034123	NA	FALSE	0	0	FALSE	TRUE	1
OG_0036153	NA	FALSE	0	0	FALSE	TRUE	1
OG_0038985	NA	FALSE	0	0	FALSE	TRUE	1
OG_0038988	NA	FALSE	0	0	FALSE	TRUE	1
OG_0039006	NA	FALSE	0	0	FALSE	TRUE	1
OG_0039097	NA	FALSE	0	0	FALSE	TRUE	1
OG_0041455	NA	FALSE	0	0	FALSE	TRUE	1
OG_0041508	NA	FALSE	0	0	FALSE	TRUE	1
OG_0041592	NA	FALSE	0	0	FALSE	TRUE	1
OG_0041909	NA	FALSE	0	0	FALSE	TRUE	1
OG_0041960	NA	FALSE	0	0	FALSE	TRUE	1
OG_0041968	NA	FALSE	0	0	FALSE	TRUE	1
OG_0042032	NA	FALSE	0	0	FALSE	TRUE	1
OG_0042136	NA	FALSE	0	0	FALSE	TRUE	1
OG_0042249	NA	FALSE	0	0	FALSE	TRUE	1
OG_0042263	NA	FALSE	0	0	FALSE	TRUE	1
OG_0042384	NA	FALSE	0	0	FALSE	TRUE	1
OG_0042386	NA	FALSE	0	0	FALSE	TRUE	1
OG_0042517	NA	FALSE	0	0	FALSE	TRUE	1
OG_0042938	NA	FALSE	0	0	FALSE	TRUE	1
OG_0043150	NA	FALSE	0	0	FALSE	TRUE	1
OG_0043183	NA	FALSE	0	0	FALSE	TRUE	1
OG_0043605	NA	FALSE	0	0	FALSE	TRUE	1
OG_0043988	NA	FALSE	0	0	FALSE	TRUE	1
OG_0000195	NA	FALSE	0	0	FALSE	TRUE	0
OG_0000400	NA	FALSE	0	0	FALSE	TRUE	0
OG_0000406	NA	FALSE	0	0	FALSE	TRUE	0
OG_0001202	NA	FALSE	0	0	FALSE	TRUE	0
OG_0001336	NA	FALSE	0	0	TRUE	TRUE	0
OG_0001952	NA	FALSE	0	0	FALSE	TRUE	0
OG_0002447	NA	FALSE	0	0	FALSE	TRUE	0
OG_0002766	NA	FALSE	0	0	FALSE	TRUE	0
OG_0002836	NA	FALSE	0	0	FALSE	TRUE	0
OG_0003027	NA	FALSE	0	0	FALSE	TRUE	0
OG_0003244	NA	FALSE	0	0	FALSE	TRUE	0
OG_0003474	NA	FALSE	0	0	FALSE	TRUE	0
OG_0003538	NA	FALSE	0	0	FALSE	TRUE	0
OG_0003660	NA	FALSE	0	0	FALSE	TRUE	0
OG_0003678	NA	FALSE	0	0	FALSE	TRUE	0
OG_0003768	NA	FALSE	0	0	FALSE	TRUE	0
OG_0003801	NA	FALSE	0	0	FALSE	TRUE	0
OG_0003968	NA	FALSE	0	0	FALSE	TRUE	0
OG_0004303	NA	FALSE	0	0	FALSE	TRUE	0
OG_0004344	NA	FALSE	0	0	FALSE	TRUE	0
OG_0004426	NA	FALSE	0	0	FALSE	TRUE	0
OG_0004630	NA	FALSE	0	0	FALSE	TRUE	0
OG_0004676	NA	FALSE	0	0	FALSE	TRUE	0
OG_0004705	NA	FALSE	0	0	FALSE	TRUE	0
OG_0004824	NA	FALSE	0	0	FALSE	TRUE	0
OG_0004842	NA	FALSE	0	0	TRUE	TRUE	0
OG_0004844	NA	FALSE	0	0	FALSE	TRUE	0
OG_0004931	NA	FALSE	0	0	FALSE	TRUE	0
OG_0005099	NA	FALSE	0	0	FALSE	TRUE	0
OG_0005152	NA	FALSE	0	0	FALSE	TRUE	0
OG_0005220	NA	FALSE	0	0	FALSE	TRUE	0
OG_0005317	NA	FALSE	0	0	TRUE	TRUE	0
OG_0005399	NA	FALSE	0	0	FALSE	TRUE	0
OG_0005786	NA	FALSE	0	0	FALSE	TRUE	0
OG_0006110	NA	FALSE	0	0	FALSE	TRUE	0
OG_0006201	NA	FALSE	0	0	FALSE	TRUE	0
OG_0006218	NA	FALSE	0	0	FALSE	TRUE	0
OG_0006744	NA	FALSE	0	0	FALSE	TRUE	0
OG_0006845	NA	FALSE	0	0	FALSE	TRUE	0
OG_0007004	NA	FALSE	0	0	FALSE	TRUE	0
OG_0007007	NA	FALSE	0	0	FALSE	TRUE	0
OG_0007025	NA	FALSE	0	0	FALSE	TRUE	0
OG_0007049	NA	FALSE	0	0	FALSE	TRUE	0
OG_0007099	NA	FALSE	0	0	FALSE	TRUE	0
OG_0007811	NA	FALSE	0	0	FALSE	TRUE	0
OG_0007941	NA	FALSE	0	0	FALSE	TRUE	0
OG_0008113	FILIP1L	TRUE	1	0	FALSE	TRUE	0
OG_0008481	NA	FALSE	0	0	FALSE	TRUE	0
OG_0008727	NA	FALSE	0	0	FALSE	TRUE	0
OG_0008824	NA	FALSE	0	0	FALSE	TRUE	0
OG_0009015	NA	FALSE	0	0	FALSE	TRUE	0
OG_0009023	NA	FALSE	0	0	FALSE	TRUE	0
OG_0009191	NA	FALSE	0	0	FALSE	TRUE	0
OG_0009331	NA	FALSE	0	0	FALSE	TRUE	0
OG_0009441	NA	FALSE	0	0	FALSE	TRUE	0
OG_0009621	NA	FALSE	0	0	FALSE	TRUE	0
OG_0009810	NA	FALSE	0	0	FALSE	TRUE	0
OG_0009966	NA	FALSE	0	0	FALSE	TRUE	0
OG_0010131	NA	FALSE	0	0	FALSE	TRUE	0
OG_0010192	NA	FALSE	0	0	FALSE	TRUE	0
OG_0010204	NA	FALSE	0	0	FALSE	TRUE	0
OG_0010264	NA	FALSE	0	0	FALSE	TRUE	0
OG_0010275	NA	FALSE	0	0	FALSE	TRUE	0
OG_0010478	NA	FALSE	0	0	FALSE	TRUE	0
OG_0010533	NA	FALSE	0	0	FALSE	TRUE	0
OG_0010555	NA	FALSE	0	0	FALSE	TRUE	0
OG_0011173	NA	FALSE	0	0	FALSE	TRUE	0
OG_0011259	NA	FALSE	0	0	FALSE	TRUE	0
OG_0011442	NA	FALSE	0	0	FALSE	TRUE	0
OG_0011532	NA	FALSE	0	0	FALSE	TRUE	0
OG_0011783	NA	FALSE	0	0	FALSE	TRUE	0
OG_0011818	NA	FALSE	0	0	TRUE	TRUE	0
OG_0012013	NA	FALSE	0	0	FALSE	TRUE	0
OG_0012054	NA	FALSE	0	0	FALSE	TRUE	0
OG_0012148	NA	FALSE	0	0	FALSE	TRUE	0
OG_0012213	NA	FALSE	0	0	TRUE	TRUE	0
OG_0012221	NA	FALSE	0	0	FALSE	TRUE	0
OG_0012237	NA	FALSE	0	0	FALSE	TRUE	0
OG_0012271	NA	FALSE	0	0	FALSE	TRUE	0
OG_0012361	NA	FALSE	0	0	FALSE	TRUE	0
OG_0012416	NA	FALSE	0	0	FALSE	TRUE	0
OG_0012636	NA	FALSE	0	0	FALSE	TRUE	0
OG_0012682	NA	FALSE	0	0	FALSE	TRUE	0
OG_0012898	NA	FALSE	0	0	FALSE	TRUE	0
OG_0013134	NA	FALSE	0	0	FALSE	TRUE	0
OG_0013334	NA	FALSE	0	0	FALSE	TRUE	0
OG_0013444	NA	FALSE	0	0	FALSE	TRUE	0
OG_0013452	NA	FALSE	0	0	FALSE	TRUE	0
OG_0013469	NA	FALSE	0	0	FALSE	TRUE	0
OG_0013547	NA	FALSE	0	0	FALSE	TRUE	0
OG_0013640	NA	FALSE	0	0	FALSE	TRUE	0
OG_0013818	NA	FALSE	0	0	FALSE	TRUE	0
OG_0013951	NA	FALSE	0	0	FALSE	TRUE	0
OG_0013967	NA	FALSE	0	0	FALSE	TRUE	0
OG_0014116	NA	FALSE	0	0	FALSE	TRUE	0
OG_0014414	NA	FALSE	0	0	FALSE	TRUE	0
OG_0014593	NA	FALSE	0	0	FALSE	TRUE	0
OG_0014751	NA	FALSE	0	0	TRUE	TRUE	0
OG_0014868	NA	FALSE	0	0	FALSE	TRUE	0
OG_0014907	NA	FALSE	0	0	FALSE	TRUE	0
OG_0015140	NA	FALSE	0	0	FALSE	TRUE	0
OG_0015357	NA	FALSE	0	0	FALSE	TRUE	0
OG_0015548	NA	FALSE	0	0	FALSE	TRUE	0
OG_0015591	NA	FALSE	0	0	FALSE	TRUE	0
OG_0015675	NA	FALSE	0	0	FALSE	TRUE	0
OG_0015687	NA	FALSE	0	0	FALSE	TRUE	0
OG_0015803	NA	FALSE	0	0	FALSE	TRUE	0
OG_0015937	NA	FALSE	0	0	FALSE	TRUE	0
OG_0016282	NA	FALSE	0	0	TRUE	TRUE	0
OG_0016557	NA	FALSE	0	0	FALSE	TRUE	0
OG_0016759	NA	FALSE	0	0	FALSE	TRUE	0
OG_0016915	NA	FALSE	0	0	FALSE	TRUE	0
OG_0016966	NA	FALSE	0	0	FALSE	TRUE	0
OG_0017415	NA	FALSE	0	0	FALSE	TRUE	0
OG_0017477	NA	FALSE	0	0	FALSE	TRUE	0
OG_0017928	Arhgap31	TRUE	1	0	FALSE	TRUE	0
OG_0018000	NA	FALSE	0	0	FALSE	TRUE	0
OG_0018158	NA	FALSE	0	0	FALSE	TRUE	0
OG_0018400	NA	FALSE	0	0	FALSE	TRUE	0
OG_0018568	NA	FALSE	0	0	FALSE	TRUE	0
OG_0018600	NA	FALSE	0	0	FALSE	TRUE	0
OG_0018607	NA	FALSE	0	0	FALSE	TRUE	0
OG_0018748	NA	FALSE	0	0	FALSE	TRUE	0
OG_0018793	NA	FALSE	0	0	FALSE	TRUE	0
OG_0018984	NA	FALSE	0	0	FALSE	TRUE	0
OG_0019286	NA	FALSE	0	0	FALSE	TRUE	0
OG_0019305	NA	FALSE	0	0	FALSE	TRUE	0
OG_0019316	NA	FALSE	0	0	FALSE	TRUE	0
OG_0019350	NA	FALSE	0	0	FALSE	TRUE	0
OG_0019352	NA	FALSE	0	0	FALSE	TRUE	0
OG_0019665	NA	FALSE	0	0	FALSE	TRUE	0
OG_0020013	NA	FALSE	0	0	FALSE	TRUE	0
OG_0020080	NA	FALSE	0	0	FALSE	TRUE	0
OG_0020338	NA	FALSE	0	0	FALSE	TRUE	0
OG_0020528	NA	FALSE	0	0	FALSE	TRUE	0
OG_0020581	NA	FALSE	0	0	FALSE	TRUE	0
OG_0020688	NA	FALSE	0	0	FALSE	TRUE	0
OG_0020842	NA	FALSE	0	0	FALSE	TRUE	0
OG_0020903	NA	FALSE	0	0	FALSE	TRUE	0
OG_0020911	NA	FALSE	0	0	FALSE	TRUE	0
OG_0021783	NA	FALSE	0	0	FALSE	TRUE	0
OG_0022528	NA	FALSE	0	0	FALSE	TRUE	0
OG_0023479	NA	FALSE	0	0	FALSE	TRUE	0
OG_0025040	NA	FALSE	0	0	FALSE	TRUE	0
OG_0025317	NA	FALSE	0	0	FALSE	TRUE	0
OG_0025600	NA	FALSE	0	0	FALSE	TRUE	0
OG_0025604	NA	FALSE	0	0	FALSE	TRUE	0
OG_0026648	NA	FALSE	0	0	FALSE	TRUE	0
OG_0026653	NA	FALSE	0	0	FALSE	TRUE	0
OG_0026765	NA	FALSE	0	0	FALSE	TRUE	0
OG_0026775	NA	FALSE	0	0	FALSE	TRUE	0
OG_0026785	NA	FALSE	0	0	FALSE	TRUE	0
OG_0027171	NA	FALSE	0	0	FALSE	TRUE	0
OG_0028853	NA	FALSE	0	0	FALSE	TRUE	0
OG_0028855	NA	FALSE	0	0	FALSE	TRUE	0
OG_0028870	NA	FALSE	0	0	FALSE	TRUE	0
OG_0029835	NA	FALSE	0	0	FALSE	TRUE	0
OG_0029879	NA	FALSE	0	0	FALSE	TRUE	0
OG_0029882	NA	FALSE	0	0	FALSE	TRUE	0
OG_0031176	NA	FALSE	0	0	FALSE	TRUE	0
OG_0031548	NA	FALSE	0	0	FALSE	TRUE	0
OG_0031647	NA	FALSE	0	0	FALSE	TRUE	0
OG_0032993	NA	FALSE	0	0	FALSE	TRUE	0
OG_0033084	NA	FALSE	0	0	TRUE	TRUE	0
OG_0033199	NA	FALSE	0	0	FALSE	TRUE	0
OG_0033300	NA	FALSE	0	0	FALSE	TRUE	0
OG_0033603	NA	FALSE	0	0	FALSE	TRUE	0
OG_0033809	NA	FALSE	0	0	FALSE	TRUE	0
OG_0035818	NA	FALSE	0	0	FALSE	TRUE	0
OG_0035863	NA	FALSE	0	0	FALSE	TRUE	0
OG_0035943	NA	FALSE	0	0	FALSE	TRUE	0
OG_0036060	NA	FALSE	0	0	FALSE	TRUE	0
OG_0036104	NA	FALSE	0	0	FALSE	TRUE	0
OG_0036233	NA	FALSE	0	0	FALSE	TRUE	0
OG_0036236	NA	FALSE	0	0	FALSE	TRUE	0
OG_0036262	NA	FALSE	0	0	FALSE	TRUE	0
OG_0036275	NA	FALSE	0	0	FALSE	TRUE	0
OG_0041521	NA	FALSE	0	0	FALSE	TRUE	0
OG_0041577	NA	FALSE	0	0	FALSE	TRUE	0
OG_0041640	NA	FALSE	0	0	FALSE	TRUE	0
OG_0041702	NA	FALSE	0	0	FALSE	TRUE	0
OG_0041848	NA	FALSE	0	0	FALSE	TRUE	0
OG_0041878	NA	FALSE	0	0	FALSE	TRUE	0
OG_0041940	NA	FALSE	0	0	FALSE	TRUE	0
OG_0042054	NA	FALSE	0	0	FALSE	TRUE	0
OG_0042112	NA	FALSE	0	0	FALSE	TRUE	0
OG_0042282	NA	FALSE	0	0	FALSE	TRUE	0
OG_0042307	NA	FALSE	0	0	TRUE	TRUE	0
OG_0042896	NA	FALSE	0	0	FALSE	TRUE	0
OG_0042911	NA	FALSE	0	0	FALSE	TRUE	0
OG_0043060	NA	FALSE	0	0	FALSE	TRUE	0
OG_0043101	NA	FALSE	0	0	FALSE	TRUE	0
OG_0043159	NA	FALSE	0	0	FALSE	TRUE	0
OG_0043375	NA	FALSE	0	0	FALSE	TRUE	0
OG_0000031	F8	TRUE	1	0	FALSE	FALSE	1
OG_0000039	NA	FALSE	0	0	FALSE	FALSE	1
OG_0000082	NA	FALSE	0	0	FALSE	FALSE	1
OG_0000086	NA	FALSE	0	0	FALSE	FALSE	1
OG_0000115	NA	FALSE	0	0	FALSE	FALSE	1
OG_0000132	NA	FALSE	0	0	FALSE	FALSE	1
OG_0000145	NA	FALSE	0	0	FALSE	FALSE	1
OG_0000157	EP400	TRUE	1	0	FALSE	FALSE	1
OG_0000194	NA	FALSE	0	0	FALSE	FALSE	1
OG_0000229	NA	FALSE	0	0	FALSE	FALSE	1
OG_0000239	NA	FALSE	0	0	FALSE	FALSE	1
OG_0000241	NA	FALSE	0	0	FALSE	FALSE	1
OG_0000278	NA	FALSE	0	0	FALSE	FALSE	1
OG_0000283	NA	FALSE	0	0	TRUE	FALSE	1
OG_0000312	NA	FALSE	0	0	FALSE	FALSE	1
OG_0000313	NA	FALSE	0	0	FALSE	FALSE	1
OG_0000348	NA	FALSE	0	0	FALSE	FALSE	1
OG_0000374	NA	FALSE	0	0	FALSE	FALSE	1
OG_0000396	NA	FALSE	0	0	FALSE	FALSE	1
OG_0000415	NA	FALSE	0	0	FALSE	FALSE	1
OG_0000442	NA	FALSE	0	0	FALSE	FALSE	1
OG_0001092	NA	FALSE	0	0	FALSE	FALSE	1
OG_0001117	NA	FALSE	0	0	TRUE	FALSE	1
OG_0001121	PDLIM3	TRUE	1	0	FALSE	FALSE	1
OG_0001155	NA	FALSE	0	0	FALSE	FALSE	1
OG_0001165	NA	FALSE	0	0	FALSE	FALSE	1
OG_0001223	NA	FALSE	0	0	FALSE	FALSE	1
OG_0001281	NA	FALSE	0	0	FALSE	FALSE	1
OG_0001288	NA	FALSE	0	0	FALSE	FALSE	1
OG_0001342	NA	FALSE	0	0	FALSE	FALSE	1
OG_0001356	NA	FALSE	0	0	FALSE	FALSE	1
OG_0001484	NA	FALSE	0	0	FALSE	FALSE	1
OG_0001629	NA	FALSE	0	0	FALSE	FALSE	1
OG_0001632	NA	FALSE	0	0	FALSE	FALSE	1
OG_0001648	NA	FALSE	0	0	FALSE	FALSE	1
OG_0001717	NA	FALSE	0	0	FALSE	FALSE	1
OG_0001937	NA	FALSE	0	0	FALSE	FALSE	1
OG_0001953	NA	FALSE	0	0	FALSE	FALSE	1
OG_0001959	NA	FALSE	0	0	FALSE	FALSE	1
OG_0001978	NA	FALSE	0	0	FALSE	FALSE	1
OG_0002016	NA	FALSE	0	0	FALSE	FALSE	1
OG_0002197	NA	FALSE	0	0	FALSE	FALSE	1
OG_0002284	NA	FALSE	0	0	FALSE	FALSE	1
OG_0002292	NA	FALSE	0	0	FALSE	FALSE	1
OG_0002305	NA	FALSE	0	0	FALSE	FALSE	1
OG_0002318	NA	FALSE	0	0	FALSE	FALSE	1
OG_0002321	NA	FALSE	0	0	FALSE	FALSE	1
OG_0002322	NA	FALSE	0	0	FALSE	FALSE	1
OG_0002338	NA	FALSE	0	0	FALSE	FALSE	1
OG_0002365	NA	FALSE	0	0	FALSE	FALSE	1
OG_0002380	NA	FALSE	0	0	FALSE	FALSE	1
OG_0002446	NA	FALSE	0	0	FALSE	FALSE	1
OG_0002449	NA	FALSE	0	0	FALSE	FALSE	1
OG_0002464	NA	FALSE	0	0	FALSE	FALSE	1
OG_0002467	NA	FALSE	0	0	FALSE	FALSE	1
OG_0002490	NA	FALSE	0	0	FALSE	FALSE	1
OG_0002491	NA	FALSE	0	0	FALSE	FALSE	1
OG_0002507	NA	FALSE	0	0	TRUE	FALSE	1
OG_0002545	NA	FALSE	0	0	FALSE	FALSE	1
OG_0002569	NA	FALSE	0	0	FALSE	FALSE	1
OG_0002594	NA	FALSE	0	0	FALSE	FALSE	1
OG_0002606	NA	FALSE	0	0	FALSE	FALSE	1
OG_0002696	NA	FALSE	0	0	FALSE	FALSE	1
OG_0002697	NA	FALSE	0	0	FALSE	FALSE	1
OG_0002732	NA	FALSE	0	0	FALSE	FALSE	1
OG_0002765	NA	FALSE	0	0	FALSE	FALSE	1
OG_0002802	NA	FALSE	0	0	FALSE	FALSE	1
OG_0002804	NA	FALSE	0	0	FALSE	FALSE	1
OG_0002808	NA	FALSE	0	0	FALSE	FALSE	1
OG_0002819	NA	FALSE	0	0	FALSE	FALSE	1
OG_0002821	NA	FALSE	0	0	FALSE	FALSE	1
OG_0002837	NA	FALSE	0	0	FALSE	FALSE	1
OG_0002877	NA	FALSE	0	0	FALSE	FALSE	1
OG_0002932	NA	FALSE	0	0	FALSE	FALSE	1
OG_0002936	NA	FALSE	0	0	FALSE	FALSE	1
OG_0002937	NA	FALSE	0	0	FALSE	FALSE	1
OG_0003045	NA	FALSE	0	0	FALSE	FALSE	1
OG_0003094	NA	FALSE	0	0	FALSE	FALSE	1
OG_0003156	NA	FALSE	0	0	FALSE	FALSE	1
OG_0003199	CILK1	TRUE	1	0	FALSE	FALSE	1
OG_0003202	NA	FALSE	0	0	FALSE	FALSE	1
OG_0003243	NA	FALSE	0	0	FALSE	FALSE	1
OG_0003278	NA	FALSE	0	0	FALSE	FALSE	1
OG_0003313	NA	FALSE	0	0	FALSE	FALSE	1
OG_0003328	NA	FALSE	0	0	FALSE	FALSE	1
OG_0003358	NA	FALSE	0	0	TRUE	FALSE	1
OG_0003477	NA	FALSE	0	0	FALSE	FALSE	1
OG_0003535	NA	FALSE	0	0	FALSE	FALSE	1
OG_0003624	NA	FALSE	0	0	TRUE	FALSE	1
OG_0003690	NA	FALSE	0	0	FALSE	FALSE	1
OG_0003697	NA	FALSE	0	0	FALSE	FALSE	1
OG_0003724	NA	FALSE	0	0	FALSE	FALSE	1
OG_0003727	NA	FALSE	0	0	FALSE	FALSE	1
OG_0003742	NA	FALSE	0	0	FALSE	FALSE	1
OG_0003747	NA	FALSE	0	0	FALSE	FALSE	1
OG_0003751	NA	FALSE	0	0	FALSE	FALSE	1
OG_0003764	NA	FALSE	0	0	FALSE	FALSE	1
OG_0003800	NA	FALSE	0	0	FALSE	FALSE	1
OG_0003806	NA	FALSE	0	0	FALSE	FALSE	1
OG_0003808	NA	FALSE	0	0	FALSE	FALSE	1
OG_0003826	NA	FALSE	0	0	FALSE	FALSE	1
OG_0003835	NA	FALSE	0	0	FALSE	FALSE	1
OG_0003861	NA	FALSE	0	0	FALSE	FALSE	1
OG_0003866	NA	FALSE	0	0	FALSE	FALSE	1
OG_0003873	NA	FALSE	0	0	FALSE	FALSE	1
OG_0003880	NA	FALSE	0	0	FALSE	FALSE	1
OG_0003928	NA	FALSE	0	0	FALSE	FALSE	1
OG_0003973	NA	FALSE	0	0	FALSE	FALSE	1
OG_0003999	NA	FALSE	0	0	FALSE	FALSE	1
OG_0004022	NA	FALSE	0	0	FALSE	FALSE	1
OG_0004033	NA	FALSE	0	0	FALSE	FALSE	1
OG_0004064	NA	FALSE	0	0	FALSE	FALSE	1
OG_0004080	NA	FALSE	0	0	FALSE	FALSE	1
OG_0004097	NA	FALSE	0	0	FALSE	FALSE	1
OG_0004108	NA	FALSE	0	0	TRUE	FALSE	1
OG_0004130	NA	FALSE	0	0	FALSE	FALSE	1
OG_0004141	NA	FALSE	0	0	FALSE	FALSE	1
OG_0004165	NA	FALSE	0	0	FALSE	FALSE	1
OG_0004181	NA	FALSE	0	0	FALSE	FALSE	1
OG_0004292	NA	FALSE	0	0	FALSE	FALSE	1
OG_0004299	NA	FALSE	0	0	FALSE	FALSE	1
OG_0004323	NA	FALSE	0	0	FALSE	FALSE	1
OG_0004326	NA	FALSE	0	0	FALSE	FALSE	1
OG_0004353	NA	FALSE	0	0	FALSE	FALSE	1
OG_0004407	NA	FALSE	0	0	FALSE	FALSE	1
OG_0004411	NA	FALSE	0	0	FALSE	FALSE	1
OG_0004443	NA	FALSE	0	0	FALSE	FALSE	1
OG_0004461	NA	FALSE	0	0	FALSE	FALSE	1
OG_0004465	NA	FALSE	0	0	FALSE	FALSE	1
OG_0004554	NA	FALSE	0	0	FALSE	FALSE	1
OG_0004576	NA	FALSE	0	0	FALSE	FALSE	1
OG_0004663	NA	FALSE	0	0	FALSE	FALSE	1
OG_0004720	NA	FALSE	0	0	FALSE	FALSE	1
OG_0004754	NA	FALSE	0	0	FALSE	FALSE	1
OG_0004756	NA	FALSE	0	0	FALSE	FALSE	1
OG_0004811	NA	FALSE	0	0	FALSE	FALSE	1
OG_0004817	NA	FALSE	0	0	FALSE	FALSE	1
OG_0004847	NA	FALSE	0	0	FALSE	FALSE	1
OG_0004882	NA	FALSE	0	0	FALSE	FALSE	1
OG_0004892	NA	FALSE	0	0	FALSE	FALSE	1
OG_0004894	NA	FALSE	0	0	FALSE	FALSE	1
OG_0004973	NA	FALSE	0	0	FALSE	FALSE	1
OG_0004994	NA	FALSE	0	0	FALSE	FALSE	1
OG_0005014	NA	FALSE	0	0	FALSE	FALSE	1
OG_0005028	NA	FALSE	0	0	FALSE	FALSE	1
OG_0005067	NA	FALSE	0	0	FALSE	FALSE	1
OG_0005076	NA	FALSE	0	0	FALSE	FALSE	1
OG_0005087	NA	FALSE	0	0	FALSE	FALSE	1
OG_0005100	NA	FALSE	0	0	TRUE	FALSE	1
OG_0005119	NA	FALSE	0	0	FALSE	FALSE	1
OG_0005127	NA	FALSE	0	0	FALSE	FALSE	1
OG_0005135	NA	FALSE	0	0	FALSE	FALSE	1
OG_0005153	NA	FALSE	0	0	FALSE	FALSE	1
OG_0005168	NA	FALSE	0	0	FALSE	FALSE	1
OG_0005189	NA	FALSE	0	0	FALSE	FALSE	1
OG_0005195	NA	FALSE	0	0	FALSE	FALSE	1
OG_0005197	NA	FALSE	0	0	FALSE	FALSE	1
OG_0005208	NA	FALSE	0	0	FALSE	FALSE	1
OG_0005211	NA	FALSE	0	0	FALSE	FALSE	1
OG_0005216	NA	FALSE	0	0	FALSE	FALSE	1
OG_0005232	NA	FALSE	0	0	FALSE	FALSE	1
OG_0005263	NA	FALSE	0	0	TRUE	FALSE	1
OG_0005350	NA	FALSE	0	0	TRUE	FALSE	1
OG_0005375	NA	FALSE	0	0	FALSE	FALSE	1
OG_0005395	NA	FALSE	0	0	FALSE	FALSE	1
OG_0005397	SCRN3	TRUE	1	0	FALSE	FALSE	1
OG_0005403	NA	FALSE	0	0	FALSE	FALSE	1
OG_0005406	NA	FALSE	0	0	FALSE	FALSE	1
OG_0005407	NA	FALSE	0	0	FALSE	FALSE	1
OG_0005430	NA	FALSE	0	0	FALSE	FALSE	1
OG_0005432	NA	FALSE	0	0	FALSE	FALSE	1
OG_0005448	NA	FALSE	0	0	FALSE	FALSE	1
OG_0005456	NA	FALSE	0	0	FALSE	FALSE	1
OG_0005465	NA	FALSE	0	0	FALSE	FALSE	1
OG_0005541	NA	FALSE	0	0	FALSE	FALSE	1
OG_0005560	NA	FALSE	0	0	FALSE	FALSE	1
OG_0005567	NA	FALSE	0	0	FALSE	FALSE	1
OG_0005576	NA	FALSE	0	0	FALSE	FALSE	1
OG_0005599	REPS1	TRUE	1	0	FALSE	FALSE	1
OG_0005600	NA	FALSE	0	0	FALSE	FALSE	1
OG_0005610	NA	FALSE	0	0	FALSE	FALSE	1
OG_0005620	NA	FALSE	0	0	FALSE	FALSE	1
OG_0005653	NA	FALSE	0	0	FALSE	FALSE	1
OG_0005689	NA	FALSE	0	0	FALSE	FALSE	1
OG_0005699	NA	FALSE	0	0	FALSE	FALSE	1
OG_0005700	NA	FALSE	0	0	FALSE	FALSE	1
OG_0005748	NA	FALSE	0	0	FALSE	FALSE	1
OG_0005773	NA	FALSE	0	0	FALSE	FALSE	1
OG_0005774	CIAO1	TRUE	1	0	FALSE	FALSE	1
OG_0005789	NA	FALSE	0	0	FALSE	FALSE	1
OG_0005790	NA	FALSE	0	0	FALSE	FALSE	1
OG_0005826	NA	FALSE	0	0	FALSE	FALSE	1
OG_0005832	NA	FALSE	0	0	FALSE	FALSE	1
OG_0005836	NA	FALSE	0	0	FALSE	FALSE	1
OG_0005848	NA	FALSE	0	0	FALSE	FALSE	1
OG_0005849	NA	FALSE	0	0	FALSE	FALSE	1
OG_0005850	NA	FALSE	0	0	FALSE	FALSE	1
OG_0005858	NA	FALSE	0	0	FALSE	FALSE	1
OG_0005863	NA	FALSE	0	0	FALSE	FALSE	1
OG_0005886	NA	FALSE	0	0	FALSE	FALSE	1
OG_0005903	NA	FALSE	0	0	FALSE	FALSE	1
OG_0005905	NA	FALSE	0	0	FALSE	FALSE	1
OG_0005907	NA	FALSE	0	0	TRUE	FALSE	1
OG_0005917	NA	FALSE	0	0	FALSE	FALSE	1
OG_0005924	NA	FALSE	0	0	FALSE	FALSE	1
OG_0005989	NA	FALSE	0	0	TRUE	FALSE	1
OG_0005990	NA	FALSE	0	0	FALSE	FALSE	1
OG_0005994	NA	FALSE	0	0	FALSE	FALSE	1
OG_0006011	NA	FALSE	0	0	FALSE	FALSE	1
OG_0006030	NA	FALSE	0	0	FALSE	FALSE	1
OG_0006070	NA	FALSE	0	0	FALSE	FALSE	1
OG_0006121	NA	FALSE	0	0	FALSE	FALSE	1
OG_0006175	NA	FALSE	0	0	FALSE	FALSE	1
OG_0006177	NA	FALSE	0	0	FALSE	FALSE	1
OG_0006181	NA	FALSE	0	0	FALSE	FALSE	1
OG_0006200	NA	FALSE	0	0	FALSE	FALSE	1
OG_0006243	NA	FALSE	0	0	FALSE	FALSE	1
OG_0006257	NA	FALSE	0	0	FALSE	FALSE	1
OG_0006258	NA	FALSE	0	0	FALSE	FALSE	1
OG_0006308	NA	FALSE	0	0	FALSE	FALSE	1
OG_0006318	NA	FALSE	0	0	FALSE	FALSE	1
OG_0006333	NA	FALSE	0	0	FALSE	FALSE	1
OG_0006366	NA	FALSE	0	0	FALSE	FALSE	1
OG_0006420	NA	FALSE	0	0	FALSE	FALSE	1
OG_0006496	NA	FALSE	0	0	FALSE	FALSE	1
OG_0006625	NA	FALSE	0	0	FALSE	FALSE	1
OG_0006632	NA	FALSE	0	0	FALSE	FALSE	1
OG_0006656	NA	FALSE	0	0	FALSE	FALSE	1
OG_0006719	NA	FALSE	0	0	FALSE	FALSE	1
OG_0006728	NA	FALSE	0	0	FALSE	FALSE	1
OG_0006738	NA	FALSE	0	0	FALSE	FALSE	1
OG_0006745	NA	FALSE	0	0	FALSE	FALSE	1
OG_0006746	NA	FALSE	0	0	FALSE	FALSE	1
OG_0006765	NA	FALSE	0	0	FALSE	FALSE	1
OG_0006774	NA	FALSE	0	0	FALSE	FALSE	1
OG_0006782	NA	FALSE	0	0	FALSE	FALSE	1
OG_0006817	NA	FALSE	0	0	FALSE	FALSE	1
OG_0006819	NA	FALSE	0	0	FALSE	FALSE	1
OG_0006820	NA	FALSE	0	0	FALSE	FALSE	1
OG_0006840	NA	FALSE	0	0	FALSE	FALSE	1
OG_0006841	NA	FALSE	0	0	FALSE	FALSE	1
OG_0006917	NA	FALSE	0	0	FALSE	FALSE	1
OG_0006997	NA	FALSE	0	0	FALSE	FALSE	1
OG_0007002	NA	FALSE	0	0	FALSE	FALSE	1
OG_0007059	NA	FALSE	0	0	FALSE	FALSE	1
OG_0007110	NA	FALSE	0	0	FALSE	FALSE	1
OG_0007132	NA	FALSE	0	0	FALSE	FALSE	1
OG_0007168	NA	FALSE	0	0	FALSE	FALSE	1
OG_0007175	NA	FALSE	0	0	FALSE	FALSE	1
OG_0007187	NA	FALSE	0	0	FALSE	FALSE	1
OG_0007197	NA	FALSE	0	0	FALSE	FALSE	1
OG_0007211	NA	FALSE	0	0	FALSE	FALSE	1
OG_0007249	NA	FALSE	0	0	FALSE	FALSE	1
OG_0007304	NA	FALSE	0	0	FALSE	FALSE	1
OG_0007338	NA	FALSE	0	0	FALSE	FALSE	1
OG_0007370	NA	FALSE	0	0	FALSE	FALSE	1
OG_0007393	NA	FALSE	0	0	FALSE	FALSE	1
OG_0007398	NA	FALSE	0	0	FALSE	FALSE	1
OG_0007400	NA	FALSE	0	0	FALSE	FALSE	1
OG_0007401	NA	FALSE	0	0	FALSE	FALSE	1
OG_0007405	NA	FALSE	0	0	FALSE	FALSE	1
OG_0007433	NA	FALSE	0	0	FALSE	FALSE	1
OG_0007437	NA	FALSE	0	0	FALSE	FALSE	1
OG_0007444	NA	FALSE	0	0	FALSE	FALSE	1
OG_0007461	NA	FALSE	0	0	FALSE	FALSE	1
OG_0007470	NA	FALSE	0	0	FALSE	FALSE	1
OG_0007480	NA	FALSE	0	0	FALSE	FALSE	1
OG_0007496	NA	FALSE	0	0	FALSE	FALSE	1
OG_0007506	NA	FALSE	0	0	FALSE	FALSE	1
OG_0007559	NA	FALSE	0	0	FALSE	FALSE	1
OG_0007577	NA	FALSE	0	0	FALSE	FALSE	1
OG_0007600	NA	FALSE	0	0	FALSE	FALSE	1
OG_0007637	NA	FALSE	0	0	FALSE	FALSE	1
OG_0007642	NA	FALSE	0	0	FALSE	FALSE	1
OG_0007651	NA	FALSE	0	0	FALSE	FALSE	1
OG_0007653	NA	FALSE	0	0	FALSE	FALSE	1
OG_0007663	NA	FALSE	0	0	FALSE	FALSE	1
OG_0007682	NA	FALSE	0	0	FALSE	FALSE	1
OG_0007690	NA	FALSE	0	0	FALSE	FALSE	1
OG_0007692	NA	FALSE	0	0	FALSE	FALSE	1
OG_0007702	NA	FALSE	0	0	TRUE	FALSE	1
OG_0007715	NA	FALSE	0	0	FALSE	FALSE	1
OG_0007728	NA	FALSE	0	0	FALSE	FALSE	1
OG_0007766	NA	FALSE	0	0	FALSE	FALSE	1
OG_0007773	CASP7	TRUE	1	0	FALSE	FALSE	1
OG_0007812	NA	FALSE	0	0	FALSE	FALSE	1
OG_0007844	NA	FALSE	0	0	FALSE	FALSE	1
OG_0007847	NA	FALSE	0	0	FALSE	FALSE	1
OG_0007882	NA	FALSE	0	0	FALSE	FALSE	1
OG_0007885	NA	FALSE	0	0	FALSE	FALSE	1
OG_0007897	NA	FALSE	0	0	FALSE	FALSE	1
OG_0007899	NA	FALSE	0	0	FALSE	FALSE	1
OG_0007904	NA	FALSE	0	0	FALSE	FALSE	1
OG_0007909	NA	FALSE	0	0	FALSE	FALSE	1
OG_0007918	NA	FALSE	0	0	FALSE	FALSE	1
OG_0007966	NA	FALSE	0	0	TRUE	FALSE	1
OG_0007970	NA	FALSE	0	0	FALSE	FALSE	1
OG_0008003	NA	FALSE	0	0	FALSE	FALSE	1
OG_0008008	NA	FALSE	0	0	FALSE	FALSE	1
OG_0008052	NA	FALSE	0	0	FALSE	FALSE	1
OG_0008069	NA	FALSE	0	0	TRUE	FALSE	1
OG_0008071	NA	FALSE	0	0	FALSE	FALSE	1
OG_0008101	NA	FALSE	0	0	TRUE	FALSE	1
OG_0008108	NA	FALSE	0	0	FALSE	FALSE	1
OG_0008159	NA	FALSE	0	0	FALSE	FALSE	1
OG_0008172	NA	FALSE	0	0	FALSE	FALSE	1
OG_0008206	NA	FALSE	0	0	FALSE	FALSE	1
OG_0008208	NA	FALSE	0	0	FALSE	FALSE	1
OG_0008218	NA	FALSE	0	0	FALSE	FALSE	1
OG_0008237	NA	FALSE	0	0	FALSE	FALSE	1
OG_0008252	NA	FALSE	0	0	FALSE	FALSE	1
OG_0008313	NA	FALSE	0	0	FALSE	FALSE	1
OG_0008349	NA	FALSE	0	0	FALSE	FALSE	1
OG_0008400	NA	FALSE	0	0	FALSE	FALSE	1
OG_0008404	NA	FALSE	0	0	FALSE	FALSE	1
OG_0008405	NA	FALSE	0	0	FALSE	FALSE	1
OG_0008408	NA	FALSE	0	0	FALSE	FALSE	1
OG_0008419	NA	FALSE	0	0	FALSE	FALSE	1
OG_0008433	NA	FALSE	0	0	FALSE	FALSE	1
OG_0008442	NA	FALSE	0	0	FALSE	FALSE	1
OG_0008443	LOC100227084	TRUE	1	0	FALSE	FALSE	1
OG_0008456	NA	FALSE	0	0	FALSE	FALSE	1
OG_0008478	NA	FALSE	0	0	FALSE	FALSE	1
OG_0008497	NA	FALSE	0	0	FALSE	FALSE	1
OG_0008524	NA	FALSE	0	0	FALSE	FALSE	1
OG_0008543	NA	FALSE	0	0	FALSE	FALSE	1
OG_0008552	NA	FALSE	0	0	FALSE	FALSE	1
OG_0008589	NA	FALSE	0	0	FALSE	FALSE	1
OG_0008649	NA	FALSE	0	0	FALSE	FALSE	1
OG_0008669	NA	FALSE	0	0	FALSE	FALSE	1
OG_0008682	NA	FALSE	0	0	FALSE	FALSE	1
OG_0008686	NA	FALSE	0	0	FALSE	FALSE	1
OG_0008689	NA	FALSE	0	0	FALSE	FALSE	1
OG_0008691	NA	FALSE	0	0	FALSE	FALSE	1
OG_0008694	NA	FALSE	0	0	FALSE	FALSE	1
OG_0008735	NA	FALSE	0	0	FALSE	FALSE	1
OG_0008737	NA	FALSE	0	0	FALSE	FALSE	1
OG_0008758	NA	FALSE	0	0	FALSE	FALSE	1
OG_0008766	NA	FALSE	0	0	FALSE	FALSE	1
OG_0008778	NA	FALSE	0	0	FALSE	FALSE	1
OG_0008781	NA	FALSE	0	0	FALSE	FALSE	1
OG_0008791	NA	FALSE	0	0	FALSE	FALSE	1
OG_0008818	NA	FALSE	0	0	TRUE	FALSE	1
OG_0008823	NA	FALSE	0	0	FALSE	FALSE	1
OG_0008837	NA	FALSE	0	0	FALSE	FALSE	1
OG_0008879	NA	FALSE	0	0	FALSE	FALSE	1
OG_0008933	NA	FALSE	0	0	FALSE	FALSE	1
OG_0009005	NA	FALSE	0	0	FALSE	FALSE	1
OG_0009011	NA	FALSE	0	0	FALSE	FALSE	1
OG_0009013	NA	FALSE	0	0	FALSE	FALSE	1
OG_0009018	NA	FALSE	0	0	FALSE	FALSE	1
OG_0009030	NA	FALSE	0	0	FALSE	FALSE	1
OG_0009036	NA	FALSE	0	0	FALSE	FALSE	1
OG_0009055	NA	FALSE	0	0	TRUE	FALSE	1
OG_0009124	NA	FALSE	0	0	FALSE	FALSE	1
OG_0009171	NA	FALSE	0	0	FALSE	FALSE	1
OG_0009177	NA	FALSE	0	0	FALSE	FALSE	1
OG_0009182	NA	FALSE	0	0	FALSE	FALSE	1
OG_0009183	NA	FALSE	0	0	TRUE	FALSE	1
OG_0009209	NA	FALSE	0	0	FALSE	FALSE	1
OG_0009226	NA	FALSE	0	0	FALSE	FALSE	1
OG_0009264	NA	FALSE	0	0	FALSE	FALSE	1
OG_0009273	NA	FALSE	0	0	FALSE	FALSE	1
OG_0009280	NA	FALSE	0	0	FALSE	FALSE	1
OG_0009411	NA	FALSE	0	0	FALSE	FALSE	1
OG_0009418	NA	FALSE	0	0	FALSE	FALSE	1
OG_0009423	NA	FALSE	0	0	FALSE	FALSE	1
OG_0009453	NA	FALSE	0	0	FALSE	FALSE	1
OG_0009456	NA	FALSE	0	0	FALSE	FALSE	1
OG_0009459	NA	FALSE	0	0	FALSE	FALSE	1
OG_0009462	NA	FALSE	0	0	FALSE	FALSE	1
OG_0009464	NA	FALSE	0	0	FALSE	FALSE	1
OG_0009512	NA	FALSE	0	0	FALSE	FALSE	1
OG_0009515	NA	FALSE	0	0	FALSE	FALSE	1
OG_0009547	NA	FALSE	0	0	FALSE	FALSE	1
OG_0009550	NA	FALSE	0	0	FALSE	FALSE	1
OG_0009561	NA	FALSE	0	0	FALSE	FALSE	1
OG_0009573	NA	FALSE	0	0	FALSE	FALSE	1
OG_0009594	NA	FALSE	0	0	FALSE	FALSE	1
OG_0009610	NA	FALSE	0	0	FALSE	FALSE	1
OG_0009615	NA	FALSE	0	0	FALSE	FALSE	1
OG_0009617	NA	FALSE	0	0	FALSE	FALSE	1
OG_0009634	NA	FALSE	0	0	FALSE	FALSE	1
OG_0009638	NA	FALSE	0	0	FALSE	FALSE	1
OG_0009648	NA	FALSE	0	0	FALSE	FALSE	1
OG_0009654	NA	FALSE	0	0	FALSE	FALSE	1
OG_0009708	NA	FALSE	0	0	FALSE	FALSE	1
OG_0009710	PANX1	TRUE	1	0	FALSE	FALSE	1
OG_0009720	NA	FALSE	0	0	FALSE	FALSE	1
OG_0009724	NA	FALSE	0	0	FALSE	FALSE	1
OG_0009747	NA	FALSE	0	0	FALSE	FALSE	1
OG_0009752	NA	FALSE	0	0	FALSE	FALSE	1
OG_0009755	NA	FALSE	0	0	FALSE	FALSE	1
OG_0009761	NA	FALSE	0	0	FALSE	FALSE	1
OG_0009775	NA	FALSE	0	0	FALSE	FALSE	1
OG_0009818	NA	FALSE	0	0	FALSE	FALSE	1
OG_0009826	NA	FALSE	0	0	FALSE	FALSE	1
OG_0009830	NA	FALSE	0	0	FALSE	FALSE	1
OG_0009835	NA	FALSE	0	0	FALSE	FALSE	1
OG_0009850	NA	FALSE	0	0	FALSE	FALSE	1
OG_0009873	NA	FALSE	0	0	FALSE	FALSE	1
OG_0009883	NA	FALSE	0	0	FALSE	FALSE	1
OG_0009906	NA	FALSE	0	0	FALSE	FALSE	1
OG_0009910	ENG	TRUE	1	0	FALSE	FALSE	1
OG_0009935	NA	FALSE	0	0	FALSE	FALSE	1
OG_0009943	NA	FALSE	0	0	FALSE	FALSE	1
OG_0009949	NA	FALSE	0	0	FALSE	FALSE	1
OG_0009963	NA	FALSE	0	0	FALSE	FALSE	1
OG_0009994	NA	FALSE	0	0	FALSE	FALSE	1
OG_0009995	NA	FALSE	0	0	FALSE	FALSE	1
OG_0010001	NA	FALSE	0	0	FALSE	FALSE	1
OG_0010002	NA	FALSE	0	0	FALSE	FALSE	1
OG_0010003	NA	FALSE	0	0	FALSE	FALSE	1
OG_0010008	NA	FALSE	0	0	FALSE	FALSE	1
OG_0010010	NA	FALSE	0	0	FALSE	FALSE	1
OG_0010049	NA	FALSE	0	0	FALSE	FALSE	1
OG_0010071	NA	FALSE	0	0	FALSE	FALSE	1
OG_0010075	NA	FALSE	0	0	FALSE	FALSE	1
OG_0010086	NA	FALSE	0	0	FALSE	FALSE	1
OG_0010105	NA	FALSE	0	0	FALSE	FALSE	1
OG_0010119	NA	FALSE	0	0	FALSE	FALSE	1
OG_0010125	NA	FALSE	0	0	FALSE	FALSE	1
OG_0010206	NA	FALSE	0	0	FALSE	FALSE	1
OG_0010221	NA	FALSE	0	0	FALSE	FALSE	1
OG_0010250	NA	FALSE	0	0	FALSE	FALSE	1
OG_0010286	GLUL	TRUE	1	0	FALSE	FALSE	1
OG_0010305	NA	FALSE	0	0	FALSE	FALSE	1
OG_0010339	NA	FALSE	0	0	FALSE	FALSE	1
OG_0010343	NA	FALSE	0	0	FALSE	FALSE	1
OG_0010353	NA	FALSE	0	0	FALSE	FALSE	1
OG_0010354	NA	FALSE	0	0	FALSE	FALSE	1
OG_0010384	NA	FALSE	0	0	FALSE	FALSE	1
OG_0010395	NA	FALSE	0	0	FALSE	FALSE	1
OG_0010405	NA	FALSE	0	0	FALSE	FALSE	1
OG_0010420	NA	FALSE	0	0	FALSE	FALSE	1
OG_0010437	NA	FALSE	0	0	FALSE	FALSE	1
OG_0010443	NA	FALSE	0	0	FALSE	FALSE	1
OG_0010584	NA	FALSE	0	0	FALSE	FALSE	1
OG_0010644	NA	FALSE	0	0	FALSE	FALSE	1
OG_0010677	NA	FALSE	0	0	FALSE	FALSE	1
OG_0010714	NA	FALSE	0	0	FALSE	FALSE	1
OG_0010716	NA	FALSE	0	0	FALSE	FALSE	1
OG_0010723	NA	FALSE	0	0	FALSE	FALSE	1
OG_0010827	NA	FALSE	0	0	FALSE	FALSE	1
OG_0010837	NA	FALSE	0	0	FALSE	FALSE	1
OG_0010895	NA	FALSE	0	0	FALSE	FALSE	1
OG_0010899	NA	FALSE	0	0	FALSE	FALSE	1
OG_0010923	NA	FALSE	0	0	FALSE	FALSE	1
OG_0010937	NA	FALSE	0	0	FALSE	FALSE	1
OG_0010950	NA	FALSE	0	0	TRUE	FALSE	1
OG_0010952	NA	FALSE	0	0	FALSE	FALSE	1
OG_0011001	NA	FALSE	0	0	FALSE	FALSE	1
OG_0011018	NA	FALSE	0	0	FALSE	FALSE	1
OG_0011023	NA	FALSE	0	0	FALSE	FALSE	1
OG_0011024	NA	FALSE	0	0	FALSE	FALSE	1
OG_0011040	ZNF330	TRUE	1	0	FALSE	FALSE	1
OG_0011086	NA	FALSE	0	0	FALSE	FALSE	1
OG_0011103	NA	FALSE	0	0	FALSE	FALSE	1
OG_0011171	NA	FALSE	0	0	FALSE	FALSE	1
OG_0011207	NA	FALSE	0	0	FALSE	FALSE	1
OG_0011243	NA	FALSE	0	0	FALSE	FALSE	1
OG_0011251	NA	FALSE	0	0	FALSE	FALSE	1
OG_0011270	NA	FALSE	0	0	FALSE	FALSE	1
OG_0011356	NA	FALSE	0	0	FALSE	FALSE	1
OG_0011366	NA	FALSE	0	0	FALSE	FALSE	1
OG_0011401	NA	FALSE	0	0	FALSE	FALSE	1
OG_0011440	NA	FALSE	0	0	FALSE	FALSE	1
OG_0011454	NA	FALSE	0	0	FALSE	FALSE	1
OG_0011456	NA	FALSE	0	0	FALSE	FALSE	1
OG_0011462	NA	FALSE	0	0	FALSE	FALSE	1
OG_0011482	NA	FALSE	0	0	FALSE	FALSE	1
OG_0011484	NA	FALSE	0	0	FALSE	FALSE	1
OG_0011516	NA	FALSE	0	0	FALSE	FALSE	1
OG_0011518	NA	FALSE	0	0	FALSE	FALSE	1
OG_0011523	NA	FALSE	0	0	FALSE	FALSE	1
OG_0011527	NA	FALSE	0	0	FALSE	FALSE	1
OG_0011528	NA	FALSE	0	0	FALSE	FALSE	1
OG_0011556	NA	FALSE	0	0	FALSE	FALSE	1
OG_0011572	NA	FALSE	0	0	FALSE	FALSE	1
OG_0011578	NA	FALSE	0	0	FALSE	FALSE	1
OG_0011599	NA	FALSE	0	0	FALSE	FALSE	1
OG_0011636	SYPL1	TRUE	1	0	FALSE	FALSE	1
OG_0011646	NA	FALSE	0	0	FALSE	FALSE	1
OG_0011654	NA	FALSE	0	0	FALSE	FALSE	1
OG_0011667	NA	FALSE	0	0	FALSE	FALSE	1
OG_0011711	NA	FALSE	0	0	FALSE	FALSE	1
OG_0011717	NA	FALSE	0	0	FALSE	FALSE	1
OG_0011755	Klf4	TRUE	1	0	FALSE	FALSE	1
OG_0011768	NA	FALSE	0	0	FALSE	FALSE	1
OG_0011772	NA	FALSE	0	0	FALSE	FALSE	1
OG_0011791	NA	FALSE	0	0	FALSE	FALSE	1
OG_0011821	NA	FALSE	0	0	FALSE	FALSE	1
OG_0011822	NA	FALSE	0	0	FALSE	FALSE	1
OG_0011823	NA	FALSE	0	0	FALSE	FALSE	1
OG_0011850	NA	FALSE	0	0	FALSE	FALSE	1
OG_0011876	NA	FALSE	0	0	FALSE	FALSE	1
OG_0011881	NA	FALSE	0	0	FALSE	FALSE	1
OG_0011932	NA	FALSE	0	0	FALSE	FALSE	1
OG_0011957	NA	FALSE	0	0	FALSE	FALSE	1
OG_0011986	NA	FALSE	0	0	FALSE	FALSE	1
OG_0012000	NA	FALSE	0	0	FALSE	FALSE	1
OG_0012044	NA	FALSE	0	0	FALSE	FALSE	1
OG_0012161	NA	FALSE	0	0	FALSE	FALSE	1
OG_0012180	NA	FALSE	0	0	FALSE	FALSE	1
OG_0012189	NA	FALSE	0	0	FALSE	FALSE	1
OG_0012190	NA	FALSE	0	0	FALSE	FALSE	1
OG_0012244	NA	FALSE	0	0	FALSE	FALSE	1
OG_0012254	NA	FALSE	0	0	FALSE	FALSE	1
OG_0012304	NA	FALSE	0	0	FALSE	FALSE	1
OG_0012311	NA	FALSE	0	0	TRUE	FALSE	1
OG_0012316	NA	FALSE	0	0	FALSE	FALSE	1
OG_0012320	NA	FALSE	0	0	FALSE	FALSE	1
OG_0012331	NA	FALSE	0	0	FALSE	FALSE	1
OG_0012338	NA	FALSE	0	0	FALSE	FALSE	1
OG_0012339	NA	FALSE	0	0	FALSE	FALSE	1
OG_0012371	NA	FALSE	0	0	FALSE	FALSE	1
OG_0012372	NA	FALSE	0	0	FALSE	FALSE	1
OG_0012386	NA	FALSE	0	0	FALSE	FALSE	1
OG_0012393	NA	FALSE	0	0	FALSE	FALSE	1
OG_0012417	NA	FALSE	0	0	FALSE	FALSE	1
OG_0012421	NA	FALSE	0	0	FALSE	FALSE	1
OG_0012425	NA	FALSE	0	0	FALSE	FALSE	1
OG_0012467	NA	FALSE	0	0	FALSE	FALSE	1
OG_0012471	NA	FALSE	0	0	FALSE	FALSE	1
OG_0012477	NA	FALSE	0	0	FALSE	FALSE	1
OG_0012479	NA	FALSE	0	0	FALSE	FALSE	1
OG_0012543	NA	FALSE	0	0	FALSE	FALSE	1
OG_0012544	NA	FALSE	0	0	FALSE	FALSE	1
OG_0012554	NA	FALSE	0	0	FALSE	FALSE	1
OG_0012555	NA	FALSE	0	0	FALSE	FALSE	1
OG_0012568	NA	FALSE	0	0	FALSE	FALSE	1
OG_0012576	NA	FALSE	0	0	FALSE	FALSE	1
OG_0012590	NA	FALSE	0	0	FALSE	FALSE	1
OG_0012591	NA	FALSE	0	0	FALSE	FALSE	1
OG_0012604	NA	FALSE	0	0	FALSE	FALSE	1
OG_0012608	SPRY3	TRUE	1	0	FALSE	FALSE	1
OG_0012617	NA	FALSE	0	0	FALSE	FALSE	1
OG_0012634	NA	FALSE	0	0	FALSE	FALSE	1
OG_0012637	NA	FALSE	0	0	TRUE	FALSE	1
OG_0012666	NA	FALSE	0	0	FALSE	FALSE	1
OG_0012681	NA	FALSE	0	0	FALSE	FALSE	1
OG_0012684	NA	FALSE	0	0	FALSE	FALSE	1
OG_0012694	NA	FALSE	0	0	FALSE	FALSE	1
OG_0012702	NA	FALSE	0	0	FALSE	FALSE	1
OG_0012746	NA	FALSE	0	0	FALSE	FALSE	1
OG_0012795	NA	FALSE	0	0	FALSE	FALSE	1
OG_0012797	NA	FALSE	0	0	FALSE	FALSE	1
OG_0012803	NA	FALSE	0	0	FALSE	FALSE	1
OG_0012804	NA	FALSE	0	0	FALSE	FALSE	1
OG_0012811	NA	FALSE	0	0	FALSE	FALSE	1
OG_0012842	NA	FALSE	0	0	FALSE	FALSE	1
OG_0012843	NA	FALSE	0	0	FALSE	FALSE	1
OG_0012848	NA	FALSE	0	0	FALSE	FALSE	1
OG_0012853	NA	FALSE	0	0	FALSE	FALSE	1
OG_0012864	NA	FALSE	0	0	FALSE	FALSE	1
OG_0012867	NA	FALSE	0	0	FALSE	FALSE	1
OG_0012904	NA	FALSE	0	0	FALSE	FALSE	1
OG_0012927	NA	FALSE	0	0	FALSE	FALSE	1
OG_0012928	NA	FALSE	0	0	FALSE	FALSE	1
OG_0012930	NA	FALSE	0	0	FALSE	FALSE	1
OG_0012931	NA	FALSE	0	0	FALSE	FALSE	1
OG_0012932	NA	FALSE	0	0	FALSE	FALSE	1
OG_0012955	NA	FALSE	0	0	FALSE	FALSE	1
OG_0012960	NA	FALSE	0	0	FALSE	FALSE	1
OG_0012969	NA	FALSE	0	0	FALSE	FALSE	1
OG_0012971	NA	FALSE	0	0	FALSE	FALSE	1
OG_0012975	NA	FALSE	0	0	FALSE	FALSE	1
OG_0012977	NA	FALSE	0	0	FALSE	FALSE	1
OG_0012979	NA	FALSE	0	0	TRUE	FALSE	1
OG_0012999	NA	FALSE	0	0	FALSE	FALSE	1
OG_0013048	NA	FALSE	0	0	FALSE	FALSE	1
OG_0013055	NA	FALSE	0	0	FALSE	FALSE	1
OG_0013080	NA	FALSE	0	0	FALSE	FALSE	1
OG_0013120	NA	FALSE	0	0	FALSE	FALSE	1
OG_0013122	NA	FALSE	0	0	FALSE	FALSE	1
OG_0013127	NA	FALSE	0	0	FALSE	FALSE	1
OG_0013139	NA	FALSE	0	0	FALSE	FALSE	1
OG_0013144	NA	FALSE	0	0	FALSE	FALSE	1
OG_0013150	NA	FALSE	0	0	FALSE	FALSE	1
OG_0013152	NA	FALSE	0	0	FALSE	FALSE	1
OG_0013165	NA	FALSE	0	0	FALSE	FALSE	1
OG_0013166	NA	FALSE	0	0	FALSE	FALSE	1
OG_0013170	NA	FALSE	0	0	FALSE	FALSE	1
OG_0013179	NA	FALSE	0	0	FALSE	FALSE	1
OG_0013197	NA	FALSE	0	0	FALSE	FALSE	1
OG_0013218	NA	FALSE	0	0	FALSE	FALSE	1
OG_0013229	NA	FALSE	0	0	FALSE	FALSE	1
OG_0013253	NA	FALSE	0	0	FALSE	FALSE	1
OG_0013273	NA	FALSE	0	0	FALSE	FALSE	1
OG_0013389	NA	FALSE	0	0	FALSE	FALSE	1
OG_0013407	NA	FALSE	0	0	FALSE	FALSE	1
OG_0013422	NA	FALSE	0	0	FALSE	FALSE	1
OG_0013424	NA	FALSE	0	0	FALSE	FALSE	1
OG_0013427	NA	FALSE	0	0	TRUE	FALSE	1
OG_0013457	NA	FALSE	0	0	FALSE	FALSE	1
OG_0013473	NA	FALSE	0	0	FALSE	FALSE	1
OG_0013479	NA	FALSE	0	0	FALSE	FALSE	1
OG_0013496	NA	FALSE	0	0	FALSE	FALSE	1
OG_0013498	NA	FALSE	0	0	FALSE	FALSE	1
OG_0013514	NA	FALSE	0	0	FALSE	FALSE	1
OG_0013518	NA	FALSE	0	0	FALSE	FALSE	1
OG_0013529	NA	FALSE	0	0	FALSE	FALSE	1
OG_0013574	NA	FALSE	0	0	FALSE	FALSE	1
OG_0013593	NA	FALSE	0	0	FALSE	FALSE	1
OG_0013594	NA	FALSE	0	0	FALSE	FALSE	1
OG_0013625	NA	FALSE	0	0	FALSE	FALSE	1
OG_0013629	NA	FALSE	0	0	FALSE	FALSE	1
OG_0013654	NA	FALSE	0	0	FALSE	FALSE	1
OG_0013669	NA	FALSE	0	0	FALSE	FALSE	1
OG_0013682	NA	FALSE	0	0	FALSE	FALSE	1
OG_0013697	NA	FALSE	0	0	FALSE	FALSE	1
OG_0013698	NA	FALSE	0	0	FALSE	FALSE	1
OG_0013700	NA	FALSE	0	0	FALSE	FALSE	1
OG_0013709	NA	FALSE	0	0	FALSE	FALSE	1
OG_0013725	NA	FALSE	0	0	FALSE	FALSE	1
OG_0013728	NA	FALSE	0	0	FALSE	FALSE	1
OG_0013730	NA	FALSE	0	0	FALSE	FALSE	1
OG_0013743	NA	FALSE	0	0	FALSE	FALSE	1
OG_0013750	NA	FALSE	0	0	FALSE	FALSE	1
OG_0013799	NA	FALSE	0	0	FALSE	FALSE	1
OG_0013817	NA	FALSE	0	0	FALSE	FALSE	1
OG_0013825	NA	FALSE	0	0	FALSE	FALSE	1
OG_0013848	NA	FALSE	0	0	FALSE	FALSE	1
OG_0013871	NA	FALSE	0	0	FALSE	FALSE	1
OG_0013872	NA	FALSE	0	0	FALSE	FALSE	1
OG_0013893	NA	FALSE	0	0	FALSE	FALSE	1
OG_0013900	NA	FALSE	0	0	FALSE	FALSE	1
OG_0013911	Mrpl1	TRUE	1	0	FALSE	FALSE	1
OG_0013921	NA	FALSE	0	0	FALSE	FALSE	1
OG_0013944	NA	FALSE	0	0	FALSE	FALSE	1
OG_0013959	NA	FALSE	0	0	FALSE	FALSE	1
OG_0013960	NA	FALSE	0	0	FALSE	FALSE	1
OG_0013971	NA	FALSE	0	0	FALSE	FALSE	1
OG_0013975	NA	FALSE	0	0	FALSE	FALSE	1
OG_0013981	NA	FALSE	0	0	FALSE	FALSE	1
OG_0014040	NA	FALSE	0	0	FALSE	FALSE	1
OG_0014059	NA	FALSE	0	0	FALSE	FALSE	1
OG_0014070	NA	FALSE	0	0	TRUE	FALSE	1
OG_0014081	NA	FALSE	0	0	FALSE	FALSE	1
OG_0014092	NA	FALSE	0	0	FALSE	FALSE	1
OG_0014095	NA	FALSE	0	0	FALSE	FALSE	1
OG_0014107	NA	FALSE	0	0	FALSE	FALSE	1
OG_0014148	NA	FALSE	0	0	FALSE	FALSE	1
OG_0014198	NA	FALSE	0	0	FALSE	FALSE	1
OG_0014280	NA	FALSE	0	0	FALSE	FALSE	1
OG_0014281	NA	FALSE	0	0	FALSE	FALSE	1
OG_0014355	NA	FALSE	0	0	FALSE	FALSE	1
OG_0014410	NA	FALSE	0	0	FALSE	FALSE	1
OG_0014466	NA	FALSE	0	0	FALSE	FALSE	1
OG_0014476	NA	FALSE	0	0	FALSE	FALSE	1
OG_0014483	NA	FALSE	0	0	FALSE	FALSE	1
OG_0014493	NA	FALSE	0	0	FALSE	FALSE	1
OG_0014494	NA	FALSE	0	0	FALSE	FALSE	1
OG_0014495	NA	FALSE	0	0	FALSE	FALSE	1
OG_0014516	NA	FALSE	0	0	FALSE	FALSE	1
OG_0014529	NA	FALSE	0	0	FALSE	FALSE	1
OG_0014536	NA	FALSE	0	0	FALSE	FALSE	1
OG_0014569	NA	FALSE	0	0	FALSE	FALSE	1
OG_0014585	NA	FALSE	0	0	FALSE	FALSE	1
OG_0014622	NA	FALSE	0	0	FALSE	FALSE	1
OG_0014656	NA	FALSE	0	0	FALSE	FALSE	1
OG_0014657	NA	FALSE	0	0	FALSE	FALSE	1
OG_0014668	VRK3	TRUE	1	0	FALSE	FALSE	1
OG_0014695	NA	FALSE	0	0	FALSE	FALSE	1
OG_0014703	NA	FALSE	0	0	FALSE	FALSE	1
OG_0014707	NA	FALSE	0	0	FALSE	FALSE	1
OG_0014726	NA	FALSE	0	0	FALSE	FALSE	1
OG_0014734	NA	FALSE	0	0	FALSE	FALSE	1
OG_0014745	NA	FALSE	0	0	FALSE	FALSE	1
OG_0014747	NA	FALSE	0	0	FALSE	FALSE	1
OG_0014758	NA	FALSE	0	0	FALSE	FALSE	1
OG_0014791	NA	FALSE	0	0	FALSE	FALSE	1
OG_0014809	NA	FALSE	0	0	FALSE	FALSE	1
OG_0014824	NA	FALSE	0	0	FALSE	FALSE	1
OG_0014825	NA	FALSE	0	0	FALSE	FALSE	1
OG_0014875	NA	FALSE	0	0	FALSE	FALSE	1
OG_0014876	NA	FALSE	0	0	FALSE	FALSE	1
OG_0014895	NA	FALSE	0	0	FALSE	FALSE	1
OG_0014943	NA	FALSE	0	0	FALSE	FALSE	1
OG_0014961	NA	FALSE	0	0	FALSE	FALSE	1
OG_0014979	NA	FALSE	0	0	FALSE	FALSE	1
OG_0014998	NA	FALSE	0	0	FALSE	FALSE	1
OG_0015026	NA	FALSE	0	0	FALSE	FALSE	1
OG_0015059	NA	FALSE	0	0	FALSE	FALSE	1
OG_0015076	NA	FALSE	0	0	FALSE	FALSE	1
OG_0015083	NA	FALSE	0	0	FALSE	FALSE	1
OG_0015091	NA	FALSE	0	0	FALSE	FALSE	1
OG_0015094	NA	FALSE	0	0	FALSE	FALSE	1
OG_0015099	NA	FALSE	0	0	FALSE	FALSE	1
OG_0015101	NA	FALSE	0	0	TRUE	FALSE	1
OG_0015102	NA	FALSE	0	0	FALSE	FALSE	1
OG_0015143	NA	FALSE	0	0	TRUE	FALSE	1
OG_0015164	NA	FALSE	0	0	FALSE	FALSE	1
OG_0015197	NA	FALSE	0	0	FALSE	FALSE	1
OG_0015266	NA	FALSE	0	0	FALSE	FALSE	1
OG_0015269	NA	FALSE	0	0	FALSE	FALSE	1
OG_0015271	NA	FALSE	0	0	FALSE	FALSE	1
OG_0015296	NA	FALSE	0	0	FALSE	FALSE	1
OG_0015383	SF3A1	TRUE	1	0	FALSE	FALSE	1
OG_0015443	NA	FALSE	0	0	FALSE	FALSE	1
OG_0015446	NA	FALSE	0	0	FALSE	FALSE	1
OG_0015464	NA	FALSE	0	0	FALSE	FALSE	1
OG_0015493	NA	FALSE	0	0	FALSE	FALSE	1
OG_0015508	NA	FALSE	0	0	FALSE	FALSE	1
OG_0015509	NA	FALSE	0	0	FALSE	FALSE	1
OG_0015517	NA	FALSE	0	0	FALSE	FALSE	1
OG_0015540	NA	FALSE	0	0	FALSE	FALSE	1
OG_0015595	NA	FALSE	0	0	FALSE	FALSE	1
OG_0015657	NA	FALSE	0	0	FALSE	FALSE	1
OG_0015693	NA	FALSE	0	0	FALSE	FALSE	1
OG_0015701	NA	FALSE	0	0	FALSE	FALSE	1
OG_0015721	NA	FALSE	0	0	FALSE	FALSE	1
OG_0015730	NA	FALSE	0	0	FALSE	FALSE	1
OG_0015731	NA	FALSE	0	0	FALSE	FALSE	1
OG_0015766	NA	FALSE	0	0	FALSE	FALSE	1
OG_0015771	NA	FALSE	0	0	FALSE	FALSE	1
OG_0015790	NA	FALSE	0	0	FALSE	FALSE	1
OG_0015791	NA	FALSE	0	0	FALSE	FALSE	1
OG_0015802	NA	FALSE	0	0	FALSE	FALSE	1
OG_0015804	NA	FALSE	0	0	FALSE	FALSE	1
OG_0015813	NA	FALSE	0	0	FALSE	FALSE	1
OG_0015814	NA	FALSE	0	0	FALSE	FALSE	1
OG_0015817	NA	FALSE	0	0	FALSE	FALSE	1
OG_0015864	NA	FALSE	0	0	FALSE	FALSE	1
OG_0015922	NA	FALSE	0	0	FALSE	FALSE	1
OG_0015934	NA	FALSE	0	0	FALSE	FALSE	1
OG_0015943	NA	FALSE	0	0	FALSE	FALSE	1
OG_0015945	NA	FALSE	0	0	FALSE	FALSE	1
OG_0015978	NA	FALSE	0	0	FALSE	FALSE	1
OG_0015991	NA	FALSE	0	0	FALSE	FALSE	1
OG_0016019	NA	FALSE	0	0	FALSE	FALSE	1
OG_0016033	NA	FALSE	0	0	FALSE	FALSE	1
OG_0016061	NA	FALSE	0	0	TRUE	FALSE	1
OG_0016120	NA	FALSE	0	0	FALSE	FALSE	1
OG_0016123	NA	FALSE	0	0	TRUE	FALSE	1
OG_0016130	NA	FALSE	0	0	FALSE	FALSE	1
OG_0016140	NA	FALSE	0	0	FALSE	FALSE	1
OG_0016142	NA	FALSE	0	0	FALSE	FALSE	1
OG_0016143	NA	FALSE	0	0	FALSE	FALSE	1
OG_0016170	NA	FALSE	0	0	FALSE	FALSE	1
OG_0016180	NA	FALSE	0	0	FALSE	FALSE	1
OG_0016181	NA	FALSE	0	0	FALSE	FALSE	1
OG_0016182	NA	FALSE	0	0	FALSE	FALSE	1
OG_0016183	NA	FALSE	0	0	FALSE	FALSE	1
OG_0016204	NA	FALSE	0	0	FALSE	FALSE	1
OG_0016221	NA	FALSE	0	0	FALSE	FALSE	1
OG_0016237	NA	FALSE	0	0	FALSE	FALSE	1
OG_0016284	NA	FALSE	0	0	FALSE	FALSE	1
OG_0016285	NA	FALSE	0	0	TRUE	FALSE	1
OG_0016289	NA	FALSE	0	0	FALSE	FALSE	1
OG_0016290	NA	FALSE	0	0	FALSE	FALSE	1
OG_0016295	NA	FALSE	0	0	FALSE	FALSE	1
OG_0016304	NA	FALSE	0	0	FALSE	FALSE	1
OG_0016339	NA	FALSE	0	0	FALSE	FALSE	1
OG_0016353	NA	FALSE	0	0	FALSE	FALSE	1
OG_0016367	NA	FALSE	0	0	FALSE	FALSE	1
OG_0016395	NA	FALSE	0	0	FALSE	FALSE	1
OG_0016397	NA	FALSE	0	0	FALSE	FALSE	1
OG_0016405	NA	FALSE	0	0	FALSE	FALSE	1
OG_0016458	NA	FALSE	0	0	FALSE	FALSE	1
OG_0016463	NA	FALSE	0	0	FALSE	FALSE	1
OG_0016467	NA	FALSE	0	0	FALSE	FALSE	1
OG_0016477	NA	FALSE	0	0	FALSE	FALSE	1
OG_0016503	NA	FALSE	0	0	FALSE	FALSE	1
OG_0016505	NA	FALSE	0	0	FALSE	FALSE	1
OG_0016506	NA	FALSE	0	0	FALSE	FALSE	1
OG_0016509	NA	FALSE	0	0	FALSE	FALSE	1
OG_0016519	NA	FALSE	0	0	FALSE	FALSE	1
OG_0016527	NA	FALSE	0	0	FALSE	FALSE	1
OG_0016551	NA	FALSE	0	0	FALSE	FALSE	1
OG_0016553	NA	FALSE	0	0	FALSE	FALSE	1
OG_0016555	NA	FALSE	0	0	FALSE	FALSE	1
OG_0016569	NA	FALSE	0	0	FALSE	FALSE	1
OG_0016579	NA	FALSE	0	0	FALSE	FALSE	1
OG_0016604	NA	FALSE	0	0	FALSE	FALSE	1
OG_0016626	NA	FALSE	0	0	FALSE	FALSE	1
OG_0016674	NA	FALSE	0	0	FALSE	FALSE	1
OG_0016679	NA	FALSE	0	0	FALSE	FALSE	1
OG_0016700	NA	FALSE	0	0	FALSE	FALSE	1
OG_0016705	NA	FALSE	0	0	FALSE	FALSE	1
OG_0016718	NA	FALSE	0	0	FALSE	FALSE	1
OG_0016721	NA	FALSE	0	0	FALSE	FALSE	1
OG_0016737	NA	FALSE	0	0	FALSE	FALSE	1
OG_0016742	NA	FALSE	0	0	FALSE	FALSE	1
OG_0016803	NA	FALSE	0	0	FALSE	FALSE	1
OG_0016813	NA	FALSE	0	0	FALSE	FALSE	1
OG_0016825	NA	FALSE	0	0	FALSE	FALSE	1
OG_0016837	NA	FALSE	0	0	FALSE	FALSE	1
OG_0016843	NA	FALSE	0	0	FALSE	FALSE	1
OG_0016892	NA	FALSE	0	0	FALSE	FALSE	1
OG_0016908	NA	FALSE	0	0	FALSE	FALSE	1
OG_0016928	NA	FALSE	0	0	FALSE	FALSE	1
OG_0016932	NA	FALSE	0	0	FALSE	FALSE	1
OG_0016936	NA	FALSE	0	0	FALSE	FALSE	1
OG_0016938	NA	FALSE	0	0	FALSE	FALSE	1
OG_0016947	NA	FALSE	0	0	FALSE	FALSE	1
OG_0016954	NA	FALSE	0	0	FALSE	FALSE	1
OG_0016971	NA	FALSE	0	0	FALSE	FALSE	1
OG_0016974	NA	FALSE	0	0	FALSE	FALSE	1
OG_0016975	NA	FALSE	0	0	FALSE	FALSE	1
OG_0016989	NA	FALSE	0	0	FALSE	FALSE	1
OG_0016999	NA	FALSE	0	0	FALSE	FALSE	1
OG_0017004	NA	FALSE	0	0	FALSE	FALSE	1
OG_0017005	NA	FALSE	0	0	FALSE	FALSE	1
OG_0017019	NA	FALSE	0	0	FALSE	FALSE	1
OG_0017024	NA	FALSE	0	0	FALSE	FALSE	1
OG_0017034	NA	FALSE	0	0	FALSE	FALSE	1
OG_0017110	NA	FALSE	0	0	FALSE	FALSE	1
OG_0017114	NA	FALSE	0	0	FALSE	FALSE	1
OG_0017169	NA	FALSE	0	0	FALSE	FALSE	1
OG_0017172	NA	FALSE	0	0	FALSE	FALSE	1
OG_0017185	NA	FALSE	0	0	FALSE	FALSE	1
OG_0017190	NA	FALSE	0	0	FALSE	FALSE	1
OG_0017198	NA	FALSE	0	0	FALSE	FALSE	1
OG_0017204	NA	FALSE	0	0	FALSE	FALSE	1
OG_0017213	NA	FALSE	0	0	FALSE	FALSE	1
OG_0017226	NA	FALSE	0	0	FALSE	FALSE	1
OG_0017244	NA	FALSE	0	0	FALSE	FALSE	1
OG_0017254	NA	FALSE	0	0	FALSE	FALSE	1
OG_0017284	NA	FALSE	0	0	FALSE	FALSE	1
OG_0017293	NA	FALSE	0	0	FALSE	FALSE	1
OG_0017306	NA	FALSE	0	0	FALSE	FALSE	1
OG_0017330	NA	FALSE	0	0	FALSE	FALSE	1
OG_0017334	NA	FALSE	0	0	FALSE	FALSE	1
OG_0017378	NA	FALSE	0	0	FALSE	FALSE	1
OG_0017432	NA	FALSE	0	0	FALSE	FALSE	1
OG_0017468	NA	FALSE	0	0	FALSE	FALSE	1
OG_0017471	NA	FALSE	0	0	FALSE	FALSE	1
OG_0017503	NA	FALSE	0	0	FALSE	FALSE	1
OG_0017507	NA	FALSE	0	0	FALSE	FALSE	1
OG_0017513	NA	FALSE	0	0	FALSE	FALSE	1
OG_0017533	NA	FALSE	0	0	FALSE	FALSE	1
OG_0017561	NA	FALSE	0	0	FALSE	FALSE	1
OG_0017562	NA	FALSE	0	0	FALSE	FALSE	1
OG_0017581	NA	FALSE	0	0	FALSE	FALSE	1
OG_0017586	NA	FALSE	0	0	FALSE	FALSE	1
OG_0017590	NA	FALSE	0	0	FALSE	FALSE	1
OG_0017592	NA	FALSE	0	0	FALSE	FALSE	1
OG_0017598	MOCS3	TRUE	2	1	FALSE	FALSE	1
OG_0017599	NA	FALSE	0	0	FALSE	FALSE	1
OG_0017601	NA	FALSE	0	0	FALSE	FALSE	1
OG_0017680	NA	FALSE	0	0	FALSE	FALSE	1
OG_0017699	NA	FALSE	0	0	FALSE	FALSE	1
OG_0017738	NA	FALSE	0	0	FALSE	FALSE	1
OG_0017752	NA	FALSE	0	0	FALSE	FALSE	1
OG_0017772	NA	FALSE	0	0	FALSE	FALSE	1
OG_0017780	NA	FALSE	0	0	FALSE	FALSE	1
OG_0017785	NA	FALSE	0	0	FALSE	FALSE	1
OG_0017789	NA	FALSE	0	0	FALSE	FALSE	1
OG_0017806	NA	FALSE	0	0	FALSE	FALSE	1
OG_0017809	NA	FALSE	0	0	FALSE	FALSE	1
OG_0017811	NA	FALSE	0	0	FALSE	FALSE	1
OG_0017812	NA	FALSE	0	0	FALSE	FALSE	1
OG_0018008	NA	FALSE	0	0	FALSE	FALSE	1
OG_0018043	NA	FALSE	0	0	FALSE	FALSE	1
OG_0018051	NA	FALSE	0	0	FALSE	FALSE	1
OG_0018052	NA	FALSE	0	0	FALSE	FALSE	1
OG_0018077	NA	FALSE	0	0	FALSE	FALSE	1
OG_0018092	NA	FALSE	0	0	FALSE	FALSE	1
OG_0018102	NA	FALSE	0	0	FALSE	FALSE	1
OG_0018109	NA	FALSE	0	0	FALSE	FALSE	1
OG_0018112	NA	FALSE	0	0	FALSE	FALSE	1
OG_0018133	NA	FALSE	0	0	FALSE	FALSE	1
OG_0018135	NA	FALSE	0	0	FALSE	FALSE	1
OG_0018137	NA	FALSE	0	0	FALSE	FALSE	1
OG_0018148	NA	FALSE	0	0	FALSE	FALSE	1
OG_0018150	NA	FALSE	0	0	FALSE	FALSE	1
OG_0018154	NA	FALSE	0	0	FALSE	FALSE	1
OG_0018159	NA	FALSE	0	0	FALSE	FALSE	1
OG_0018160	NA	FALSE	0	0	FALSE	FALSE	1
OG_0018357	NA	FALSE	0	0	FALSE	FALSE	1
OG_0018361	NA	FALSE	0	0	FALSE	FALSE	1
OG_0018371	NA	FALSE	0	0	FALSE	FALSE	1
OG_0018385	NA	FALSE	0	0	FALSE	FALSE	1
OG_0018416	NA	FALSE	0	0	FALSE	FALSE	1
OG_0018419	NA	FALSE	0	0	FALSE	FALSE	1
OG_0018420	NA	FALSE	0	0	FALSE	FALSE	1
OG_0018437	NA	FALSE	0	0	FALSE	FALSE	1
OG_0018448	NA	FALSE	0	0	FALSE	FALSE	1
OG_0018452	NA	FALSE	0	0	TRUE	FALSE	1
OG_0018454	NA	FALSE	0	0	FALSE	FALSE	1
OG_0018456	NA	FALSE	0	0	FALSE	FALSE	1
OG_0018468	NA	FALSE	0	0	FALSE	FALSE	1
OG_0018471	NA	FALSE	0	0	FALSE	FALSE	1
OG_0018477	NA	FALSE	0	0	FALSE	FALSE	1
OG_0018481	NA	FALSE	0	0	FALSE	FALSE	1
OG_0018561	NA	FALSE	0	0	FALSE	FALSE	1
OG_0018566	NA	FALSE	0	0	TRUE	FALSE	1
OG_0018615	NA	FALSE	0	0	FALSE	FALSE	1
OG_0018619	NA	FALSE	0	0	FALSE	FALSE	1
OG_0018622	NA	FALSE	0	0	FALSE	FALSE	1
OG_0018661	NA	FALSE	0	0	FALSE	FALSE	1
OG_0018680	NA	FALSE	0	0	FALSE	FALSE	1
OG_0018700	NA	FALSE	0	0	FALSE	FALSE	1
OG_0018721	NA	FALSE	0	0	FALSE	FALSE	1
OG_0018738	NA	FALSE	0	0	FALSE	FALSE	1
OG_0018756	NA	FALSE	0	0	FALSE	FALSE	1
OG_0018838	NA	FALSE	0	0	FALSE	FALSE	1
OG_0018843	NA	FALSE	0	0	FALSE	FALSE	1
OG_0018884	NA	FALSE	0	0	FALSE	FALSE	1
OG_0018921	NA	FALSE	0	0	FALSE	FALSE	1
OG_0018922	NA	FALSE	0	0	FALSE	FALSE	1
OG_0018928	NA	FALSE	0	0	FALSE	FALSE	1
OG_0018971	NA	FALSE	0	0	FALSE	FALSE	1
OG_0019208	NA	FALSE	0	0	FALSE	FALSE	1
OG_0019217	NA	FALSE	0	0	FALSE	FALSE	1
OG_0019218	NA	FALSE	0	0	FALSE	FALSE	1
OG_0019223	NA	FALSE	0	0	FALSE	FALSE	1
OG_0019230	NA	FALSE	0	0	FALSE	FALSE	1
OG_0019235	NA	FALSE	0	0	FALSE	FALSE	1
OG_0019236	NA	FALSE	0	0	FALSE	FALSE	1
OG_0019240	NA	FALSE	0	0	FALSE	FALSE	1
OG_0019245	NA	FALSE	0	0	FALSE	FALSE	1
OG_0019247	NA	FALSE	0	0	FALSE	FALSE	1
OG_0019272	NA	FALSE	0	0	FALSE	FALSE	1
OG_0019327	NA	FALSE	0	0	FALSE	FALSE	1
OG_0019334	NA	FALSE	0	0	FALSE	FALSE	1
OG_0019341	NA	FALSE	0	0	FALSE	FALSE	1
OG_0019346	NA	FALSE	0	0	FALSE	FALSE	1
OG_0019349	NA	FALSE	0	0	FALSE	FALSE	1
OG_0019369	NA	FALSE	0	0	FALSE	FALSE	1
OG_0019393	NA	FALSE	0	0	FALSE	FALSE	1
OG_0019398	NA	FALSE	0	0	FALSE	FALSE	1
OG_0019431	NA	FALSE	0	0	FALSE	FALSE	1
OG_0019463	NA	FALSE	0	0	FALSE	FALSE	1
OG_0019464	NA	FALSE	0	0	FALSE	FALSE	1
OG_0019479	NA	FALSE	0	0	FALSE	FALSE	1
OG_0019491	NA	FALSE	0	0	FALSE	FALSE	1
OG_0019495	NA	FALSE	0	0	FALSE	FALSE	1
OG_0019513	NA	FALSE	0	0	FALSE	FALSE	1
OG_0019518	NA	FALSE	0	0	FALSE	FALSE	1
OG_0019550	NA	FALSE	0	0	FALSE	FALSE	1
OG_0019558	NA	FALSE	0	0	FALSE	FALSE	1
OG_0019569	NA	FALSE	0	0	FALSE	FALSE	1
OG_0019676	NA	FALSE	0	0	FALSE	FALSE	1
OG_0019680	NA	FALSE	0	0	FALSE	FALSE	1
OG_0019699	NA	FALSE	0	0	FALSE	FALSE	1
OG_0019708	NA	FALSE	0	0	FALSE	FALSE	1
OG_0019709	NA	FALSE	0	0	FALSE	FALSE	1
OG_0019736	NA	FALSE	0	0	FALSE	FALSE	1
OG_0019751	NA	FALSE	0	0	FALSE	FALSE	1
OG_0019760	NA	FALSE	0	0	FALSE	FALSE	1
OG_0019772	NA	FALSE	0	0	FALSE	FALSE	1
OG_0019776	NA	FALSE	0	0	FALSE	FALSE	1
OG_0019811	NA	FALSE	0	0	FALSE	FALSE	1
OG_0019863	NA	FALSE	0	0	FALSE	FALSE	1
OG_0019968	NA	FALSE	0	0	FALSE	FALSE	1
OG_0019973	NA	FALSE	0	0	FALSE	FALSE	1
OG_0019976	NA	FALSE	0	0	FALSE	FALSE	1
OG_0019980	NA	FALSE	0	0	FALSE	FALSE	1
OG_0019986	NA	FALSE	0	0	FALSE	FALSE	1
OG_0020003	NA	FALSE	0	0	FALSE	FALSE	1
OG_0020008	NA	FALSE	0	0	FALSE	FALSE	1
OG_0020026	NA	FALSE	0	0	FALSE	FALSE	1
OG_0020030	NA	FALSE	0	0	FALSE	FALSE	1
OG_0020032	NA	FALSE	0	0	FALSE	FALSE	1
OG_0020033	NA	FALSE	0	0	FALSE	FALSE	1
OG_0020035	NA	FALSE	0	0	FALSE	FALSE	1
OG_0020055	NA	FALSE	0	0	FALSE	FALSE	1
OG_0020081	NA	FALSE	0	0	FALSE	FALSE	1
OG_0020091	NA	FALSE	0	0	FALSE	FALSE	1
OG_0020106	NA	FALSE	0	0	FALSE	FALSE	1
OG_0020207	NA	FALSE	0	0	FALSE	FALSE	1
OG_0020216	NA	FALSE	0	0	FALSE	FALSE	1
OG_0020226	NA	FALSE	0	0	FALSE	FALSE	1
OG_0020237	NA	FALSE	0	0	FALSE	FALSE	1
OG_0020248	NA	FALSE	0	0	FALSE	FALSE	1
OG_0020251	NA	FALSE	0	0	FALSE	FALSE	1
OG_0020252	NA	FALSE	0	0	FALSE	FALSE	1
OG_0020280	NA	FALSE	0	0	FALSE	FALSE	1
OG_0020286	NA	FALSE	0	0	FALSE	FALSE	1
OG_0020295	NA	FALSE	0	0	FALSE	FALSE	1
OG_0020357	NA	FALSE	0	0	FALSE	FALSE	1
OG_0020365	NA	FALSE	0	0	FALSE	FALSE	1
OG_0020366	NA	FALSE	0	0	FALSE	FALSE	1
OG_0020372	NA	FALSE	0	0	FALSE	FALSE	1
OG_0020395	NA	FALSE	0	0	FALSE	FALSE	1
OG_0020409	NA	FALSE	0	0	FALSE	FALSE	1
OG_0020468	NA	FALSE	0	0	FALSE	FALSE	1
OG_0020500	NA	FALSE	0	0	FALSE	FALSE	1
OG_0020508	NA	FALSE	0	0	FALSE	FALSE	1
OG_0020510	NA	FALSE	0	0	FALSE	FALSE	1
OG_0020519	NA	FALSE	0	0	FALSE	FALSE	1
OG_0020521	NA	FALSE	0	0	FALSE	FALSE	1
OG_0020527	NA	FALSE	0	0	FALSE	FALSE	1
OG_0020539	NA	FALSE	0	0	FALSE	FALSE	1
OG_0020549	NA	FALSE	0	0	FALSE	FALSE	1
OG_0020555	NA	FALSE	0	0	FALSE	FALSE	1
OG_0020588	NA	FALSE	0	0	FALSE	FALSE	1
OG_0020601	NA	FALSE	0	0	FALSE	FALSE	1
OG_0020602	NA	FALSE	0	0	FALSE	FALSE	1
OG_0020640	NA	FALSE	0	0	FALSE	FALSE	1
OG_0020641	NA	FALSE	0	0	FALSE	FALSE	1
OG_0020651	NA	FALSE	0	0	FALSE	FALSE	1
OG_0020653	NA	FALSE	0	0	FALSE	FALSE	1
OG_0020665	NA	FALSE	0	0	FALSE	FALSE	1
OG_0020733	NA	FALSE	0	0	TRUE	FALSE	1
OG_0020789	NA	FALSE	0	0	FALSE	FALSE	1
OG_0020801	NA	FALSE	0	0	FALSE	FALSE	1
OG_0020803	NA	FALSE	0	0	FALSE	FALSE	1
OG_0020825	NA	FALSE	0	0	FALSE	FALSE	1
OG_0020831	NA	FALSE	0	0	FALSE	FALSE	1
OG_0020832	NA	FALSE	0	0	FALSE	FALSE	1
OG_0020835	NA	FALSE	0	0	FALSE	FALSE	1
OG_0020840	NA	FALSE	0	0	FALSE	FALSE	1
OG_0020869	NA	FALSE	0	0	FALSE	FALSE	1
OG_0020878	NA	FALSE	0	0	FALSE	FALSE	1
OG_0020880	NA	FALSE	0	0	FALSE	FALSE	1
OG_0020882	NA	FALSE	0	0	FALSE	FALSE	1
OG_0020897	NA	FALSE	0	0	FALSE	FALSE	1
OG_0020940	NA	FALSE	0	0	FALSE	FALSE	1
OG_0020944	NA	FALSE	0	0	FALSE	FALSE	1
OG_0020950	NA	FALSE	0	0	FALSE	FALSE	1
OG_0020951	NA	FALSE	0	0	FALSE	FALSE	1
OG_0020959	NA	FALSE	0	0	FALSE	FALSE	1
OG_0020961	NA	FALSE	0	0	FALSE	FALSE	1
OG_0021074	NA	FALSE	0	0	FALSE	FALSE	1
OG_0021086	NA	FALSE	0	0	FALSE	FALSE	1
OG_0021087	NA	FALSE	0	0	FALSE	FALSE	1
OG_0021089	NA	FALSE	0	0	FALSE	FALSE	1
OG_0021111	NA	FALSE	0	0	FALSE	FALSE	1
OG_0021135	NA	FALSE	0	0	FALSE	FALSE	1
OG_0021156	NA	FALSE	0	0	FALSE	FALSE	1
OG_0021214	NA	FALSE	0	0	FALSE	FALSE	1
OG_0021218	NA	FALSE	0	0	FALSE	FALSE	1
OG_0021294	NA	FALSE	0	0	FALSE	FALSE	1
OG_0021376	NA	FALSE	0	0	FALSE	FALSE	1
OG_0021393	NA	FALSE	0	0	FALSE	FALSE	1
OG_0021401	NA	FALSE	0	0	FALSE	FALSE	1
OG_0021416	NA	FALSE	0	0	FALSE	FALSE	1
OG_0021421	NA	FALSE	0	0	TRUE	FALSE	1
OG_0021424	NA	FALSE	0	0	FALSE	FALSE	1
OG_0021430	NA	FALSE	0	0	FALSE	FALSE	1
OG_0021434	NA	FALSE	0	0	FALSE	FALSE	1
OG_0021491	NA	FALSE	0	0	FALSE	FALSE	1
OG_0021492	NA	FALSE	0	0	FALSE	FALSE	1
OG_0021506	NA	FALSE	0	0	FALSE	FALSE	1
OG_0021514	NA	FALSE	0	0	FALSE	FALSE	1
OG_0021517	NA	FALSE	0	0	FALSE	FALSE	1
OG_0021547	NA	FALSE	0	0	FALSE	FALSE	1
OG_0021561	NA	FALSE	0	0	FALSE	FALSE	1
OG_0021732	NA	FALSE	0	0	FALSE	FALSE	1
OG_0021752	NA	FALSE	0	0	FALSE	FALSE	1
OG_0021777	NA	FALSE	0	0	FALSE	FALSE	1
OG_0021781	NA	FALSE	0	0	FALSE	FALSE	1
OG_0021811	NA	FALSE	0	0	FALSE	FALSE	1
OG_0021817	NA	FALSE	0	0	FALSE	FALSE	1
OG_0021820	NA	FALSE	0	0	FALSE	FALSE	1
OG_0021835	NA	FALSE	0	0	FALSE	FALSE	1
OG_0021841	NA	FALSE	0	0	FALSE	FALSE	1
OG_0021972	NA	FALSE	0	0	FALSE	FALSE	1
OG_0022033	NA	FALSE	0	0	FALSE	FALSE	1
OG_0022061	NA	FALSE	0	0	FALSE	FALSE	1
OG_0022062	NA	FALSE	0	0	FALSE	FALSE	1
OG_0022073	NA	FALSE	0	0	FALSE	FALSE	1
OG_0022077	NA	FALSE	0	0	FALSE	FALSE	1
OG_0022080	NA	FALSE	0	0	FALSE	FALSE	1
OG_0022087	NA	FALSE	0	0	FALSE	FALSE	1
OG_0022111	NA	FALSE	0	0	FALSE	FALSE	1
OG_0022124	NA	FALSE	0	0	FALSE	FALSE	1
OG_0022129	NA	FALSE	0	0	FALSE	FALSE	1
OG_0022147	NA	FALSE	0	0	FALSE	FALSE	1
OG_0022153	NA	FALSE	0	0	FALSE	FALSE	1
OG_0022157	NA	FALSE	0	0	FALSE	FALSE	1
OG_0022160	NA	FALSE	0	0	FALSE	FALSE	1
OG_0022167	NA	FALSE	0	0	FALSE	FALSE	1
OG_0022168	NA	FALSE	0	0	FALSE	FALSE	1
OG_0022172	NA	FALSE	0	0	FALSE	FALSE	1
OG_0022173	NA	FALSE	0	0	FALSE	FALSE	1
OG_0022177	NA	FALSE	0	0	FALSE	FALSE	1
OG_0022178	NA	FALSE	0	0	FALSE	FALSE	1
OG_0022464	NA	FALSE	0	0	FALSE	FALSE	1
OG_0022491	NA	FALSE	0	0	FALSE	FALSE	1
OG_0022512	NA	FALSE	0	0	FALSE	FALSE	1
OG_0022516	NA	FALSE	0	0	FALSE	FALSE	1
OG_0022523	NA	FALSE	0	0	FALSE	FALSE	1
OG_0022525	NA	FALSE	0	0	FALSE	FALSE	1
OG_0022531	NA	FALSE	0	0	FALSE	FALSE	1
OG_0022535	NA	FALSE	0	0	FALSE	FALSE	1
OG_0022545	NA	FALSE	0	0	FALSE	FALSE	1
OG_0022703	NA	FALSE	0	0	TRUE	FALSE	1
OG_0022890	NA	FALSE	0	0	FALSE	FALSE	1
OG_0022899	NA	FALSE	0	0	FALSE	FALSE	1
OG_0022900	NA	FALSE	0	0	FALSE	FALSE	1
OG_0022912	NA	FALSE	0	0	FALSE	FALSE	1
OG_0022913	NA	FALSE	0	0	FALSE	FALSE	1
OG_0022918	NA	FALSE	0	0	FALSE	FALSE	1
OG_0022919	NA	FALSE	0	0	FALSE	FALSE	1
OG_0022936	NA	FALSE	0	0	FALSE	FALSE	1
OG_0022942	NA	FALSE	0	0	FALSE	FALSE	1
OG_0022946	NA	FALSE	0	0	FALSE	FALSE	1
OG_0022955	NA	FALSE	0	0	FALSE	FALSE	1
OG_0022960	NA	FALSE	0	0	FALSE	FALSE	1
OG_0023415	NA	FALSE	0	0	FALSE	FALSE	1
OG_0023417	NA	FALSE	0	0	FALSE	FALSE	1
OG_0023453	NA	FALSE	0	0	FALSE	FALSE	1
OG_0023455	NA	FALSE	0	0	FALSE	FALSE	1
OG_0023458	NA	FALSE	0	0	FALSE	FALSE	1
OG_0023464	NA	FALSE	0	0	FALSE	FALSE	1
OG_0023465	NA	FALSE	0	0	FALSE	FALSE	1
OG_0023475	NA	FALSE	0	0	FALSE	FALSE	1
OG_0023485	NA	FALSE	0	0	FALSE	FALSE	1
OG_0023496	NA	FALSE	0	0	FALSE	FALSE	1
OG_0023891	NA	FALSE	0	0	FALSE	FALSE	1
OG_0025034	NA	FALSE	0	0	FALSE	FALSE	1
OG_0025046	NA	FALSE	0	0	FALSE	FALSE	1
OG_0025055	NA	FALSE	0	0	FALSE	FALSE	1
OG_0025059	NA	FALSE	0	0	FALSE	FALSE	1
OG_0025067	NA	FALSE	0	0	FALSE	FALSE	1
OG_0025237	NA	FALSE	0	0	FALSE	FALSE	1
OG_0025556	NA	FALSE	0	0	FALSE	FALSE	1
OG_0025593	NA	FALSE	0	0	FALSE	FALSE	1
OG_0025603	NA	FALSE	0	0	FALSE	FALSE	1
OG_0025627	NA	FALSE	0	0	FALSE	FALSE	1
OG_0025631	NA	FALSE	0	0	FALSE	FALSE	1
OG_0025635	NA	FALSE	0	0	FALSE	FALSE	1
OG_0025640	NA	FALSE	0	0	FALSE	FALSE	1
OG_0025652	NA	FALSE	0	0	FALSE	FALSE	1
OG_0025660	NA	FALSE	0	0	FALSE	FALSE	1
OG_0025661	NA	FALSE	0	0	FALSE	FALSE	1
OG_0025666	NA	FALSE	0	0	FALSE	FALSE	1
OG_0025998	NA	FALSE	0	0	FALSE	FALSE	1
OG_0026021	NA	FALSE	0	0	FALSE	FALSE	1
OG_0026045	NA	FALSE	0	0	FALSE	FALSE	1
OG_0026050	NA	FALSE	0	0	FALSE	FALSE	1
OG_0026306	NA	FALSE	0	0	FALSE	FALSE	1
OG_0026353	NA	FALSE	0	0	FALSE	FALSE	1
OG_0026654	NA	FALSE	0	0	FALSE	FALSE	1
OG_0026672	NA	FALSE	0	0	FALSE	FALSE	1
OG_0026674	NA	FALSE	0	0	FALSE	FALSE	1
OG_0026712	NA	FALSE	0	0	FALSE	FALSE	1
OG_0026728	NA	FALSE	0	0	FALSE	FALSE	1
OG_0026732	NA	FALSE	0	0	FALSE	FALSE	1
OG_0026774	NA	FALSE	0	0	FALSE	FALSE	1
OG_0026781	NA	FALSE	0	0	FALSE	FALSE	1
OG_0026787	NA	FALSE	0	0	FALSE	FALSE	1
OG_0026885	NA	FALSE	0	0	FALSE	FALSE	1
OG_0026954	NA	FALSE	0	0	FALSE	FALSE	1
OG_0027157	NA	FALSE	0	0	FALSE	FALSE	1
OG_0027158	NA	FALSE	0	0	FALSE	FALSE	1
OG_0027568	NA	FALSE	0	0	FALSE	FALSE	1
OG_0027810	NA	FALSE	0	0	FALSE	FALSE	1
OG_0027813	NA	FALSE	0	0	FALSE	FALSE	1
OG_0027845	NA	FALSE	0	0	FALSE	FALSE	1
OG_0027883	NA	FALSE	0	0	FALSE	FALSE	1
OG_0028025	NA	FALSE	0	0	FALSE	FALSE	1
OG_0028033	NA	FALSE	0	0	FALSE	FALSE	1
OG_0028082	NA	FALSE	0	0	FALSE	FALSE	1
OG_0028086	NA	FALSE	0	0	FALSE	FALSE	1
OG_0028106	NA	FALSE	0	0	FALSE	FALSE	1
OG_0028157	NA	FALSE	0	0	FALSE	FALSE	1
OG_0028827	NA	FALSE	0	0	FALSE	FALSE	1
OG_0028829	NA	FALSE	0	0	FALSE	FALSE	1
OG_0028843	NA	FALSE	0	0	FALSE	FALSE	1
OG_0028846	NA	FALSE	0	0	FALSE	FALSE	1
OG_0028848	NA	FALSE	0	0	FALSE	FALSE	1
OG_0028854	NA	FALSE	0	0	FALSE	FALSE	1
OG_0028865	NA	FALSE	0	0	FALSE	FALSE	1
OG_0028866	NA	FALSE	0	0	FALSE	FALSE	1
OG_0028887	NA	FALSE	0	0	FALSE	FALSE	1
OG_0028895	NA	FALSE	0	0	FALSE	FALSE	1
OG_0028920	NA	FALSE	0	0	FALSE	FALSE	1
OG_0028929	NA	FALSE	0	0	FALSE	FALSE	1
OG_0028975	NA	FALSE	0	0	FALSE	FALSE	1
OG_0028976	NA	FALSE	0	0	TRUE	FALSE	1
OG_0029034	NA	FALSE	0	0	FALSE	FALSE	1
OG_0029044	NA	FALSE	0	0	FALSE	FALSE	1
OG_0029848	NA	FALSE	0	0	FALSE	FALSE	1
OG_0029851	NA	FALSE	0	0	FALSE	FALSE	1
OG_0029917	NA	FALSE	0	0	TRUE	FALSE	1
OG_0029919	NA	FALSE	0	0	FALSE	FALSE	1
OG_0029952	NA	FALSE	0	0	FALSE	FALSE	1
OG_0029964	SERPINI1	TRUE	1	0	FALSE	FALSE	1
OG_0029971	NA	FALSE	0	0	FALSE	FALSE	1
OG_0030038	NA	FALSE	0	0	FALSE	FALSE	1
OG_0030061	NA	FALSE	0	0	FALSE	FALSE	1
OG_0031028	NA	FALSE	0	0	FALSE	FALSE	1
OG_0031056	NA	FALSE	0	0	FALSE	FALSE	1
OG_0031092	NA	FALSE	0	0	FALSE	FALSE	1
OG_0031145	NA	FALSE	0	0	FALSE	FALSE	1
OG_0031217	NA	FALSE	0	0	FALSE	FALSE	1
OG_0031229	NA	FALSE	0	0	FALSE	FALSE	1
OG_0031279	NA	FALSE	0	0	FALSE	FALSE	1
OG_0031297	NA	FALSE	0	0	FALSE	FALSE	1
OG_0031343	NA	FALSE	0	0	FALSE	FALSE	1
OG_0031345	NA	FALSE	0	0	FALSE	FALSE	1
OG_0031390	NA	FALSE	0	0	FALSE	FALSE	1
OG_0031566	NA	FALSE	0	0	FALSE	FALSE	1
OG_0031575	NA	FALSE	0	0	FALSE	FALSE	1
OG_0031587	NA	FALSE	0	0	FALSE	FALSE	1
OG_0032914	NA	FALSE	0	0	FALSE	FALSE	1
OG_0032925	NA	FALSE	0	0	FALSE	FALSE	1
OG_0032927	NA	FALSE	0	0	FALSE	FALSE	1
OG_0032929	NA	FALSE	0	0	FALSE	FALSE	1
OG_0032989	NA	FALSE	0	0	FALSE	FALSE	1
OG_0033001	NA	FALSE	0	0	FALSE	FALSE	1
OG_0033020	NA	FALSE	0	0	FALSE	FALSE	1
OG_0033038	NA	FALSE	0	0	FALSE	FALSE	1
OG_0033088	NA	FALSE	0	0	FALSE	FALSE	1
OG_0033098	NA	FALSE	0	0	FALSE	FALSE	1
OG_0033118	ABCA8	TRUE	1	0	FALSE	FALSE	1
OG_0033166	NA	FALSE	0	0	FALSE	FALSE	1
OG_0033198	NA	FALSE	0	0	FALSE	FALSE	1
OG_0033224	NA	FALSE	0	0	FALSE	FALSE	1
OG_0033259	NA	FALSE	0	0	FALSE	FALSE	1
OG_0033284	NA	FALSE	0	0	FALSE	FALSE	1
OG_0033289	NA	FALSE	0	0	FALSE	FALSE	1
OG_0033350	NA	FALSE	0	0	FALSE	FALSE	1
OG_0033363	NA	FALSE	0	0	FALSE	FALSE	1
OG_0033384	NA	FALSE	0	0	FALSE	FALSE	1
OG_0033391	NA	FALSE	0	0	FALSE	FALSE	1
OG_0033398	NA	FALSE	0	0	FALSE	FALSE	1
OG_0033417	NA	FALSE	0	0	FALSE	FALSE	1
OG_0033468	NA	FALSE	0	0	FALSE	FALSE	1
OG_0033528	NA	FALSE	0	0	FALSE	FALSE	1
OG_0033560	NA	FALSE	0	0	FALSE	FALSE	1
OG_0033589	NA	FALSE	0	0	FALSE	FALSE	1
OG_0033689	NA	FALSE	0	0	FALSE	FALSE	1
OG_0033708	NA	FALSE	0	0	FALSE	FALSE	1
OG_0033725	NA	FALSE	0	0	FALSE	FALSE	1
OG_0033732	NA	FALSE	0	0	FALSE	FALSE	1
OG_0033753	NA	FALSE	0	0	FALSE	FALSE	1
OG_0033770	NA	FALSE	0	0	FALSE	FALSE	1
OG_0033891	NA	FALSE	0	0	FALSE	FALSE	1
OG_0033892	NA	FALSE	0	0	FALSE	FALSE	1
OG_0033917	NA	FALSE	0	0	FALSE	FALSE	1
OG_0033921	NA	FALSE	0	0	FALSE	FALSE	1
OG_0033923	NA	FALSE	0	0	FALSE	FALSE	1
OG_0033933	NA	FALSE	0	0	FALSE	FALSE	1
OG_0033994	NA	FALSE	0	0	FALSE	FALSE	1
OG_0033999	NA	FALSE	0	0	FALSE	FALSE	1
OG_0034003	NA	FALSE	0	0	TRUE	FALSE	1
OG_0034049	NA	FALSE	0	0	FALSE	FALSE	1
OG_0034121	NA	FALSE	0	0	FALSE	FALSE	1
OG_0034128	NA	FALSE	0	0	FALSE	FALSE	1
OG_0035811	RSRP1	TRUE	1	0	FALSE	FALSE	1
OG_0035853	NA	FALSE	0	0	FALSE	FALSE	1
OG_0035861	NA	FALSE	0	0	FALSE	FALSE	1
OG_0035864	NA	FALSE	0	0	FALSE	FALSE	1
OG_0035880	NA	FALSE	0	0	FALSE	FALSE	1
OG_0035928	NA	FALSE	0	0	FALSE	FALSE	1
OG_0035936	NA	FALSE	0	0	FALSE	FALSE	1
OG_0035945	NA	FALSE	0	0	FALSE	FALSE	1
OG_0035983	NA	FALSE	0	0	FALSE	FALSE	1
OG_0035985	NA	FALSE	0	0	FALSE	FALSE	1
OG_0036006	NA	FALSE	0	0	FALSE	FALSE	1
OG_0036029	NA	FALSE	0	0	FALSE	FALSE	1
OG_0036035	NA	FALSE	0	0	FALSE	FALSE	1
OG_0036083	NA	FALSE	0	0	TRUE	FALSE	1
OG_0036091	NA	FALSE	0	0	FALSE	FALSE	1
OG_0036127	NA	FALSE	0	0	FALSE	FALSE	1
OG_0036160	NA	FALSE	0	0	FALSE	FALSE	1
OG_0036162	NA	FALSE	0	0	FALSE	FALSE	1
OG_0036213	NA	FALSE	0	0	FALSE	FALSE	1
OG_0036227	NA	FALSE	0	0	FALSE	FALSE	1
OG_0036230	NA	FALSE	0	0	FALSE	FALSE	1
OG_0036234	NA	FALSE	0	0	FALSE	FALSE	1
OG_0036263	NA	FALSE	0	0	FALSE	FALSE	1
OG_0038722	NA	FALSE	0	0	TRUE	FALSE	1
OG_0038780	NA	FALSE	0	0	FALSE	FALSE	1
OG_0038830	NA	FALSE	0	0	FALSE	FALSE	1
OG_0038836	NA	FALSE	0	0	FALSE	FALSE	1
OG_0038840	NA	FALSE	0	0	FALSE	FALSE	1
OG_0038850	NA	FALSE	0	0	FALSE	FALSE	1
OG_0038953	NA	FALSE	0	0	FALSE	FALSE	1
OG_0038962	NA	FALSE	0	0	FALSE	FALSE	1
OG_0038979	NA	FALSE	0	0	FALSE	FALSE	1
OG_0038990	NA	FALSE	0	0	FALSE	FALSE	1
OG_0039099	NA	FALSE	0	0	FALSE	FALSE	1
OG_0039115	NA	FALSE	0	0	FALSE	FALSE	1
OG_0041463	NA	FALSE	0	0	FALSE	FALSE	1
OG_0041489	NA	FALSE	0	0	FALSE	FALSE	1
OG_0041556	NA	FALSE	0	0	FALSE	FALSE	1
OG_0041565	NA	FALSE	0	0	FALSE	FALSE	1
OG_0041601	NA	FALSE	0	0	FALSE	FALSE	1
OG_0041615	NA	FALSE	0	0	FALSE	FALSE	1
OG_0041618	NA	FALSE	0	0	FALSE	FALSE	1
OG_0041619	NA	FALSE	0	0	FALSE	FALSE	1
OG_0041695	NA	FALSE	0	0	FALSE	FALSE	1
OG_0041699	NA	FALSE	0	0	FALSE	FALSE	1
OG_0041704	NA	FALSE	0	0	FALSE	FALSE	1
OG_0041710	NA	FALSE	0	0	FALSE	FALSE	1
OG_0041711	NA	FALSE	0	0	FALSE	FALSE	1
OG_0041720	NA	FALSE	0	0	FALSE	FALSE	1
OG_0041734	NA	FALSE	0	0	FALSE	FALSE	1
OG_0041773	NA	FALSE	0	0	FALSE	FALSE	1
OG_0041799	NA	FALSE	0	0	TRUE	FALSE	1
OG_0041832	NA	FALSE	0	0	FALSE	FALSE	1
OG_0041868	NA	FALSE	0	0	FALSE	FALSE	1
OG_0041904	NA	FALSE	0	0	FALSE	FALSE	1
OG_0041914	NA	FALSE	0	0	FALSE	FALSE	1
OG_0041935	NA	FALSE	0	0	FALSE	FALSE	1
OG_0041941	NA	FALSE	0	0	FALSE	FALSE	1
OG_0042000	NA	FALSE	0	0	FALSE	FALSE	1
OG_0042006	MST1	TRUE	1	0	FALSE	FALSE	1
OG_0042044	NA	FALSE	0	0	FALSE	FALSE	1
OG_0042051	NA	FALSE	0	0	FALSE	FALSE	1
OG_0042059	NA	FALSE	0	0	FALSE	FALSE	1
OG_0042119	NA	FALSE	0	0	FALSE	FALSE	1
OG_0042126	NA	FALSE	0	0	FALSE	FALSE	1
OG_0042138	NA	FALSE	0	0	FALSE	FALSE	1
OG_0042139	NA	FALSE	0	0	FALSE	FALSE	1
OG_0042160	NA	FALSE	0	0	FALSE	FALSE	1
OG_0042174	NA	FALSE	0	0	FALSE	FALSE	1
OG_0042283	NA	FALSE	0	0	FALSE	FALSE	1
OG_0042302	NA	FALSE	0	0	FALSE	FALSE	1
OG_0042305	NA	FALSE	0	0	TRUE	FALSE	1
OG_0042308	NA	FALSE	0	0	FALSE	FALSE	1
OG_0042320	NA	FALSE	0	0	FALSE	FALSE	1
OG_0042349	NA	FALSE	0	0	FALSE	FALSE	1
OG_0042428	NA	FALSE	0	0	FALSE	FALSE	1
OG_0042445	NA	FALSE	0	0	TRUE	FALSE	1
OG_0042538	NA	FALSE	0	0	FALSE	FALSE	1
OG_0042545	NA	FALSE	0	0	FALSE	FALSE	1
OG_0042547	NA	FALSE	0	0	FALSE	FALSE	1
OG_0042619	NA	FALSE	0	0	FALSE	FALSE	1
OG_0042692	NA	FALSE	0	0	FALSE	FALSE	1
OG_0042698	NA	FALSE	0	0	FALSE	FALSE	1
OG_0042777	NA	FALSE	0	0	FALSE	FALSE	1
OG_0042863	NA	FALSE	0	0	FALSE	FALSE	1
OG_0042910	NA	FALSE	0	0	FALSE	FALSE	1
OG_0042914	NA	FALSE	0	0	FALSE	FALSE	1
OG_0042937	NA	FALSE	0	0	FALSE	FALSE	1
OG_0042943	NA	FALSE	0	0	FALSE	FALSE	1
OG_0042984	NA	FALSE	0	0	FALSE	FALSE	1
OG_0043041	NA	FALSE	0	0	FALSE	FALSE	1
OG_0043042	NA	FALSE	0	0	FALSE	FALSE	1
OG_0043058	NA	FALSE	0	0	TRUE	FALSE	1
OG_0043061	NA	FALSE	0	0	FALSE	FALSE	1
OG_0043065	NA	FALSE	0	0	FALSE	FALSE	1
OG_0043092	NA	FALSE	0	0	FALSE	FALSE	1
OG_0043198	NA	FALSE	0	0	FALSE	FALSE	1
OG_0043234	NA	FALSE	0	0	FALSE	FALSE	1
OG_0043325	NA	FALSE	0	0	FALSE	FALSE	1
OG_0043334	NA	FALSE	0	0	FALSE	FALSE	1
OG_0043341	NA	FALSE	0	0	FALSE	FALSE	1
OG_0043350	NA	FALSE	0	0	FALSE	FALSE	1
OG_0043428	NA	FALSE	0	0	FALSE	FALSE	1
OG_0043449	NA	FALSE	0	0	FALSE	FALSE	1
OG_0043455	NA	FALSE	0	0	TRUE	FALSE	1
OG_0043458	NA	FALSE	0	0	FALSE	FALSE	1
OG_0043489	NA	FALSE	0	0	FALSE	FALSE	1
OG_0043547	NA	FALSE	0	0	FALSE	FALSE	1
OG_0043554	NA	FALSE	0	0	FALSE	FALSE	1
OG_0043584	NA	FALSE	0	0	FALSE	FALSE	1
OG_0043614	NA	FALSE	0	0	FALSE	FALSE	1
OG_0043990	NA	FALSE	0	0	FALSE	FALSE	1
OG_0044045	NA	FALSE	0	0	FALSE	FALSE	1
OG_0044190	NA	FALSE	0	0	FALSE	FALSE	1
OG_0044208	NA	FALSE	0	0	FALSE	FALSE	1
OG_0044209	NA	FALSE	0	0	FALSE	FALSE	1
OG_0044213	NA	FALSE	0	0	FALSE	FALSE	1
OG_0044217	NA	FALSE	0	0	FALSE	FALSE	1
OG_0044256	NA	FALSE	0	0	FALSE	FALSE	1
OG_0044258	NA	FALSE	0	0	FALSE	FALSE	1
OG_0044266	NA	FALSE	0	0	FALSE	FALSE	1
