OG_ID	gene_name	short_gene_name	aBSREL_any	absrel_num_dry_branches	absrel_dry_ge2	CNEE_bf3plus	Expr_any_Muscle	de_Muscle
OG_0000219	NA	NA	FALSE	0	0	TRUE	TRUE	1
OG_0000397	NA	NA	FALSE	0	0	FALSE	TRUE	1
OG_0001116	NA	NA	FALSE	0	0	FALSE	TRUE	1
OG_0001523	NA	NA	FALSE	0	0	FALSE	TRUE	1
OG_0002287	NA	NA	FALSE	0	0	FALSE	TRUE	1
OG_0002576	NA	NA	FALSE	0	0	FALSE	TRUE	1
OG_0002834	NA	NA	FALSE	0	0	FALSE	TRUE	1
OG_0002864	NA	NA	FALSE	0	0	FALSE	TRUE	1
OG_0002935	NA	NA	FALSE	0	0	FALSE	TRUE	1
OG_0003052	CXorf57	XM_040700173.1.73	TRUE	1	0	FALSE	TRUE	1
OG_0003053	NA	NA	FALSE	0	0	FALSE	TRUE	1
OG_0003064	NA	NA	FALSE	0	0	FALSE	TRUE	1
OG_0003159	NA	NA	FALSE	0	0	FALSE	TRUE	1
OG_0003242	MED14	MED14	TRUE	1	0	FALSE	TRUE	1
OG_0003352	NA	NA	FALSE	0	0	FALSE	TRUE	1
OG_0003402	NA	NA	FALSE	0	0	FALSE	TRUE	1
OG_0003658	NA	NA	FALSE	0	0	FALSE	TRUE	1
OG_0003729	NA	NA	FALSE	0	0	FALSE	TRUE	1
OG_0003901	NA	NA	FALSE	0	0	TRUE	TRUE	1
OG_0003907	NA	NA	FALSE	0	0	FALSE	TRUE	1
OG_0003954	NA	NA	FALSE	0	0	FALSE	TRUE	1
OG_0003975	NA	NA	FALSE	0	0	FALSE	TRUE	1
OG_0004144	NA	NA	FALSE	0	0	FALSE	TRUE	1
OG_0004306	NA	NA	FALSE	0	0	FALSE	TRUE	1
OG_0004410	NA	NA	FALSE	0	0	FALSE	TRUE	1
OG_0004425	NA	NA	FALSE	0	0	FALSE	TRUE	1
OG_0004611	NA	NA	FALSE	0	0	FALSE	TRUE	1
OG_0004999	NA	NA	FALSE	0	0	FALSE	TRUE	1
OG_0005217	NA	NA	FALSE	0	0	FALSE	TRUE	1
OG_0005222	NA	NA	FALSE	0	0	FALSE	TRUE	1
OG_0005328	NA	NA	FALSE	0	0	TRUE	TRUE	1
OG_0005809	NA	NA	FALSE	0	0	FALSE	TRUE	1
OG_0005860	NA	NA	FALSE	0	0	FALSE	TRUE	1
OG_0006254	NA	NA	FALSE	0	0	FALSE	TRUE	1
OG_0006530	NA	NA	FALSE	0	0	FALSE	TRUE	1
OG_0006700	NA	NA	FALSE	0	0	FALSE	TRUE	1
OG_0006735	NA	NA	FALSE	0	0	FALSE	TRUE	1
OG_0006748	NA	NA	FALSE	0	0	FALSE	TRUE	1
OG_0006777	NA	NA	FALSE	0	0	TRUE	TRUE	1
OG_0006815	NA	NA	FALSE	0	0	FALSE	TRUE	1
OG_0006963	NA	NA	FALSE	0	0	FALSE	TRUE	1
OG_0007091	NA	NA	FALSE	0	0	FALSE	TRUE	1
OG_0007128	NA	NA	FALSE	0	0	FALSE	TRUE	1
OG_0007137	LDHB	LDHB	TRUE	1	0	FALSE	TRUE	1
OG_0007406	NA	NA	FALSE	0	0	FALSE	TRUE	1
OG_0007414	NA	NA	FALSE	0	0	FALSE	TRUE	1
OG_0007505	NA	NA	FALSE	0	0	FALSE	TRUE	1
OG_0007652	NA	NA	FALSE	0	0	FALSE	TRUE	1
OG_0007701	NA	NA	FALSE	0	0	FALSE	TRUE	1
OG_0007750	NA	NA	FALSE	0	0	FALSE	TRUE	1
OG_0007849	NA	NA	FALSE	0	0	FALSE	TRUE	1
OG_0007906	NA	NA	FALSE	0	0	FALSE	TRUE	1
OG_0007943	mul1a	mul1a	TRUE	1	0	FALSE	TRUE	1
OG_0008037	NA	NA	FALSE	0	0	FALSE	TRUE	1
OG_0008064	NA	NA	FALSE	0	0	TRUE	TRUE	1
OG_0008067	NA	NA	FALSE	0	0	FALSE	TRUE	1
OG_0008146	NA	NA	FALSE	0	0	FALSE	TRUE	1
OG_0008314	NA	NA	FALSE	0	0	FALSE	TRUE	1
OG_0008373	NA	NA	FALSE	0	0	FALSE	TRUE	1
OG_0008399	NA	NA	FALSE	0	0	FALSE	TRUE	1
OG_0008439	NA	NA	FALSE	0	0	FALSE	TRUE	1
OG_0008491	NA	NA	FALSE	0	0	FALSE	TRUE	1
OG_0008537	NA	NA	FALSE	0	0	FALSE	TRUE	1
OG_0008551	NA	NA	FALSE	0	0	FALSE	TRUE	1
OG_0008581	NA	NA	FALSE	0	0	FALSE	TRUE	1
OG_0008701	NA	NA	FALSE	0	0	FALSE	TRUE	1
OG_0008762	NA	NA	FALSE	0	0	FALSE	TRUE	1
OG_0008782	NA	NA	FALSE	0	0	FALSE	TRUE	1
OG_0008804	NA	NA	FALSE	0	0	FALSE	TRUE	1
OG_0008958	NA	NA	FALSE	0	0	TRUE	TRUE	1
OG_0009065	NA	NA	FALSE	0	0	FALSE	TRUE	1
OG_0009069	NA	NA	FALSE	0	0	FALSE	TRUE	1
OG_0009274	NA	NA	FALSE	0	0	FALSE	TRUE	1
OG_0009439	NA	NA	FALSE	0	0	FALSE	TRUE	1
OG_0009565	NA	NA	FALSE	0	0	FALSE	TRUE	1
OG_0009614	NA	NA	FALSE	0	0	FALSE	TRUE	1
OG_0009626	NA	NA	FALSE	0	0	FALSE	TRUE	1
OG_0009660	NA	NA	FALSE	0	0	FALSE	TRUE	1
OG_0009672	NA	NA	FALSE	0	0	FALSE	TRUE	1
OG_0009689	NA	NA	FALSE	0	0	FALSE	TRUE	1
OG_0009870	NA	NA	FALSE	0	0	FALSE	TRUE	1
OG_0009892	NA	NA	FALSE	0	0	FALSE	TRUE	1
OG_0010051	NA	NA	FALSE	0	0	FALSE	TRUE	1
OG_0010066	NA	NA	FALSE	0	0	FALSE	TRUE	1
OG_0010079	NA	NA	FALSE	0	0	FALSE	TRUE	1
OG_0010088	NA	NA	FALSE	0	0	FALSE	TRUE	1
OG_0010127	NA	NA	FALSE	0	0	FALSE	TRUE	1
OG_0010175	NA	NA	FALSE	0	0	FALSE	TRUE	1
OG_0010355	NA	NA	FALSE	0	0	FALSE	TRUE	1
OG_0010475	NA	NA	FALSE	0	0	FALSE	TRUE	1
OG_0010482	NA	NA	FALSE	0	0	FALSE	TRUE	1
OG_0010558	NA	NA	FALSE	0	0	FALSE	TRUE	1
OG_0010650	NA	NA	FALSE	0	0	FALSE	TRUE	1
OG_0010664	NA	NA	FALSE	0	0	FALSE	TRUE	1
OG_0010849	NA	NA	FALSE	0	0	FALSE	TRUE	1
OG_0010893	NA	NA	FALSE	0	0	FALSE	TRUE	1
OG_0011062	NA	NA	FALSE	0	0	FALSE	TRUE	1
OG_0011114	NA	NA	FALSE	0	0	FALSE	TRUE	1
OG_0011115	NA	NA	FALSE	0	0	FALSE	TRUE	1
OG_0011125	NA	NA	FALSE	0	0	TRUE	TRUE	1
OG_0011428	NA	NA	FALSE	0	0	FALSE	TRUE	1
OG_0011686	NA	NA	FALSE	0	0	FALSE	TRUE	1
OG_0011700	NA	NA	FALSE	0	0	FALSE	TRUE	1
OG_0011790	NA	NA	FALSE	0	0	FALSE	TRUE	1
OG_0011806	NA	NA	FALSE	0	0	FALSE	TRUE	1
OG_0011853	NA	NA	FALSE	0	0	FALSE	TRUE	1
OG_0011868	NA	NA	FALSE	0	0	FALSE	TRUE	1
OG_0011916	NA	NA	FALSE	0	0	FALSE	TRUE	1
OG_0011917	NA	NA	FALSE	0	0	FALSE	TRUE	1
OG_0011958	NA	NA	FALSE	0	0	FALSE	TRUE	1
OG_0011961	NA	NA	FALSE	0	0	FALSE	TRUE	1
OG_0011966	NA	NA	FALSE	0	0	TRUE	TRUE	1
OG_0012016	NA	NA	FALSE	0	0	FALSE	TRUE	1
OG_0012029	NA	NA	FALSE	0	0	FALSE	TRUE	1
OG_0012424	NA	NA	FALSE	0	0	FALSE	TRUE	1
OG_0012470	NA	NA	FALSE	0	0	FALSE	TRUE	1
OG_0012533	NA	NA	FALSE	0	0	FALSE	TRUE	1
OG_0012601	NA	NA	FALSE	0	0	FALSE	TRUE	1
OG_0012639	NA	NA	FALSE	0	0	FALSE	TRUE	1
OG_0012696	NA	NA	FALSE	0	0	FALSE	TRUE	1
OG_0012822	NA	NA	FALSE	0	0	FALSE	TRUE	1
OG_0012858	NA	NA	FALSE	0	0	FALSE	TRUE	1
OG_0012859	NA	NA	FALSE	0	0	FALSE	TRUE	1
OG_0012996	NA	NA	FALSE	0	0	FALSE	TRUE	1
OG_0013000	NA	NA	FALSE	0	0	FALSE	TRUE	1
OG_0013037	NA	NA	FALSE	0	0	FALSE	TRUE	1
OG_0013093	NA	NA	FALSE	0	0	FALSE	TRUE	1
OG_0013354	NA	NA	FALSE	0	0	FALSE	TRUE	1
OG_0013408	NA	NA	FALSE	0	0	FALSE	TRUE	1
OG_0013409	NA	NA	FALSE	0	0	FALSE	TRUE	1
OG_0013449	NA	NA	FALSE	0	0	FALSE	TRUE	1
OG_0013467	NA	NA	FALSE	0	0	FALSE	TRUE	1
OG_0013471	NA	NA	FALSE	0	0	FALSE	TRUE	1
OG_0013597	NA	NA	FALSE	0	0	FALSE	TRUE	1
OG_0013929	NA	NA	FALSE	0	0	FALSE	TRUE	1
OG_0013976	NA	NA	FALSE	0	0	FALSE	TRUE	1
OG_0014047	NA	NA	FALSE	0	0	FALSE	TRUE	1
OG_0014064	NA	NA	FALSE	0	0	TRUE	TRUE	1
OG_0014101	NA	NA	FALSE	0	0	FALSE	TRUE	1
OG_0014117	NA	NA	FALSE	0	0	FALSE	TRUE	1
OG_0014328	NA	NA	FALSE	0	0	FALSE	TRUE	1
OG_0014402	NA	NA	FALSE	0	0	FALSE	TRUE	1
OG_0014540	NA	NA	FALSE	0	0	FALSE	TRUE	1
OG_0014545	NA	NA	FALSE	0	0	FALSE	TRUE	1
OG_0014635	NA	NA	FALSE	0	0	FALSE	TRUE	1
OG_0014701	NA	NA	FALSE	0	0	FALSE	TRUE	1
OG_0014823	NA	NA	FALSE	0	0	FALSE	TRUE	1
OG_0014962	NA	NA	FALSE	0	0	TRUE	TRUE	1
OG_0015010	NA	NA	FALSE	0	0	FALSE	TRUE	1
OG_0015098	NA	NA	FALSE	0	0	FALSE	TRUE	1
OG_0015158	NA	NA	FALSE	0	0	FALSE	TRUE	1
OG_0015272	NA	NA	FALSE	0	0	FALSE	TRUE	1
OG_0015346	NA	NA	FALSE	0	0	FALSE	TRUE	1
OG_0015355	NA	NA	FALSE	0	0	FALSE	TRUE	1
OG_0015512	NA	NA	FALSE	0	0	FALSE	TRUE	1
OG_0015586	NA	NA	FALSE	0	0	FALSE	TRUE	1
OG_0015800	NA	NA	FALSE	0	0	FALSE	TRUE	1
OG_0015930	NA	NA	FALSE	0	0	FALSE	TRUE	1
OG_0016075	NA	NA	FALSE	0	0	FALSE	TRUE	1
OG_0016255	NA	NA	FALSE	0	0	FALSE	TRUE	1
OG_0016303	NA	NA	FALSE	0	0	FALSE	TRUE	1
OG_0016346	NA	NA	FALSE	0	0	FALSE	TRUE	1
OG_0016574	NA	NA	FALSE	0	0	FALSE	TRUE	1
OG_0016614	NA	NA	FALSE	0	0	FALSE	TRUE	1
OG_0016912	NA	NA	FALSE	0	0	FALSE	TRUE	1
OG_0016923	NA	NA	FALSE	0	0	FALSE	TRUE	1
OG_0017029	NA	NA	FALSE	0	0	FALSE	TRUE	1
OG_0017150	NA	NA	FALSE	0	0	FALSE	TRUE	1
OG_0017156	NA	NA	FALSE	0	0	FALSE	TRUE	1
OG_0017220	NA	NA	FALSE	0	0	FALSE	TRUE	1
OG_0017228	NA	NA	FALSE	0	0	FALSE	TRUE	1
OG_0017335	NA	NA	FALSE	0	0	FALSE	TRUE	1
OG_0017412	NA	NA	FALSE	0	0	FALSE	TRUE	1
OG_0017420	NA	NA	FALSE	0	0	FALSE	TRUE	1
OG_0017502	NA	NA	FALSE	0	0	FALSE	TRUE	1
OG_0017704	NA	NA	FALSE	0	0	FALSE	TRUE	1
OG_0017803	NA	NA	FALSE	0	0	FALSE	TRUE	1
OG_0017813	NA	NA	FALSE	0	0	FALSE	TRUE	1
OG_0017989	NA	NA	FALSE	0	0	FALSE	TRUE	1
OG_0018021	NA	NA	FALSE	0	0	FALSE	TRUE	1
OG_0018046	NA	NA	FALSE	0	0	FALSE	TRUE	1
OG_0018072	NA	NA	FALSE	0	0	FALSE	TRUE	1
OG_0018093	NA	NA	FALSE	0	0	FALSE	TRUE	1
OG_0018143	NA	NA	FALSE	0	0	FALSE	TRUE	1
OG_0018407	NA	NA	FALSE	0	0	FALSE	TRUE	1
OG_0018474	NA	NA	FALSE	0	0	FALSE	TRUE	1
OG_0018543	NA	NA	FALSE	0	0	FALSE	TRUE	1
OG_0018669	MRPL37	MRPL37	TRUE	1	0	FALSE	TRUE	1
OG_0018739	NA	NA	FALSE	0	0	FALSE	TRUE	1
OG_0018745	NA	NA	FALSE	0	0	FALSE	TRUE	1
OG_0018747	NA	NA	FALSE	0	0	FALSE	TRUE	1
OG_0018753	NA	NA	FALSE	0	0	FALSE	TRUE	1
OG_0018911	NA	NA	FALSE	0	0	FALSE	TRUE	1
OG_0018918	NA	NA	FALSE	0	0	FALSE	TRUE	1
OG_0018952	NA	NA	FALSE	0	0	FALSE	TRUE	1
OG_0018963	NA	NA	FALSE	0	0	FALSE	TRUE	1
OG_0019333	NA	NA	FALSE	0	0	FALSE	TRUE	1
OG_0019345	NA	NA	FALSE	0	0	FALSE	TRUE	1
OG_0019367	NA	NA	FALSE	0	0	FALSE	TRUE	1
OG_0019452	NA	NA	FALSE	0	0	FALSE	TRUE	1
OG_0019567	NA	NA	FALSE	0	0	FALSE	TRUE	1
OG_0019638	NA	NA	FALSE	0	0	FALSE	TRUE	1
OG_0019649	NA	NA	FALSE	0	0	FALSE	TRUE	1
OG_0019685	NA	NA	FALSE	0	0	FALSE	TRUE	1
OG_0019810	NA	NA	FALSE	0	0	FALSE	TRUE	1
OG_0019917	PDPN	XM_015297203.4.245	TRUE	1	0	FALSE	TRUE	1
OG_0019970	NA	NA	FALSE	0	0	FALSE	TRUE	1
OG_0019979	NA	NA	FALSE	0	0	FALSE	TRUE	1
OG_0019995	NA	NA	FALSE	0	0	FALSE	TRUE	1
OG_0020322	NA	NA	FALSE	0	0	FALSE	TRUE	1
OG_0020363	NA	NA	FALSE	0	0	FALSE	TRUE	1
OG_0020471	NA	NA	FALSE	0	0	FALSE	TRUE	1
OG_0020505	NA	NA	FALSE	0	0	FALSE	TRUE	1
OG_0020534	NA	NA	FALSE	0	0	FALSE	TRUE	1
OG_0020540	NA	NA	FALSE	0	0	FALSE	TRUE	1
OG_0020639	NA	NA	FALSE	0	0	FALSE	TRUE	1
OG_0020663	NA	NA	FALSE	0	0	FALSE	TRUE	1
OG_0020673	NA	NA	FALSE	0	0	FALSE	TRUE	1
OG_0020676	NA	NA	FALSE	0	0	FALSE	TRUE	1
OG_0020798	NA	NA	FALSE	0	0	FALSE	TRUE	1
OG_0020916	RCL1	XM_030257506.4.185	TRUE	1	0	FALSE	TRUE	1
OG_0020960	NA	NA	FALSE	0	0	FALSE	TRUE	1
OG_0021152	NA	NA	FALSE	0	0	FALSE	TRUE	1
OG_0021153	NA	NA	FALSE	0	0	FALSE	TRUE	1
OG_0021177	NA	NA	FALSE	0	0	FALSE	TRUE	1
OG_0021188	NA	NA	FALSE	0	0	FALSE	TRUE	1
OG_0021364	NA	NA	FALSE	0	0	FALSE	TRUE	1
OG_0021411	NA	NA	FALSE	0	0	FALSE	TRUE	1
OG_0021454	NA	NA	FALSE	0	0	FALSE	TRUE	1
OG_0021504	NA	NA	FALSE	0	0	FALSE	TRUE	1
OG_0021546	NA	NA	FALSE	0	0	FALSE	TRUE	1
OG_0021552	NA	NA	FALSE	0	0	FALSE	TRUE	1
OG_0021758	NA	NA	FALSE	0	0	FALSE	TRUE	1
OG_0021807	NA	NA	FALSE	0	0	FALSE	TRUE	1
OG_0022066	NA	NA	FALSE	0	0	FALSE	TRUE	1
OG_0022497	NA	NA	FALSE	0	0	FALSE	TRUE	1
OG_0022505	NA	NA	FALSE	0	0	FALSE	TRUE	1
OG_0022860	NA	NA	FALSE	0	0	FALSE	TRUE	1
OG_0022885	CCDC167	CCDC167	TRUE	1	0	FALSE	TRUE	1
OG_0022896	NA	NA	FALSE	0	0	FALSE	TRUE	1
OG_0022933	NA	NA	FALSE	0	0	FALSE	TRUE	1
OG_0022945	NA	NA	FALSE	0	0	FALSE	TRUE	1
OG_0023425	NA	NA	FALSE	0	0	FALSE	TRUE	1
OG_0023466	NA	NA	FALSE	0	0	FALSE	TRUE	1
OG_0023914	NA	NA	FALSE	0	0	FALSE	TRUE	1
OG_0025066	NA	NA	FALSE	0	0	FALSE	TRUE	1
OG_0025552	NA	NA	FALSE	0	0	FALSE	TRUE	1
OG_0025564	NA	NA	FALSE	0	0	FALSE	TRUE	1
OG_0025613	NA	NA	FALSE	0	0	FALSE	TRUE	1
OG_0025650	NA	NA	FALSE	0	0	FALSE	TRUE	1
OG_0026002	NA	NA	FALSE	0	0	FALSE	TRUE	1
OG_0026005	NA	NA	FALSE	0	0	FALSE	TRUE	1
OG_0026442	NA	NA	FALSE	0	0	FALSE	TRUE	1
OG_0026680	NA	NA	FALSE	0	0	FALSE	TRUE	1
OG_0026729	NA	NA	FALSE	0	0	FALSE	TRUE	1
OG_0026788	NA	NA	FALSE	0	0	FALSE	TRUE	1
OG_0027046	NA	NA	FALSE	0	0	FALSE	TRUE	1
OG_0027124	NA	NA	FALSE	0	0	FALSE	TRUE	1
OG_0027180	NA	NA	FALSE	0	0	FALSE	TRUE	1
OG_0027882	NA	NA	FALSE	0	0	FALSE	TRUE	1
OG_0028019	NA	NA	FALSE	0	0	FALSE	TRUE	1
OG_0028020	NA	NA	FALSE	0	0	TRUE	TRUE	1
OG_0028036	NA	NA	FALSE	0	0	FALSE	TRUE	1
OG_0028597	NA	NA	FALSE	0	0	FALSE	TRUE	1
OG_0028823	NA	NA	FALSE	0	0	FALSE	TRUE	1
OG_0028892	NA	NA	FALSE	0	0	FALSE	TRUE	1
OG_0028974	NA	NA	FALSE	0	0	FALSE	TRUE	1
OG_0029017	NA	NA	FALSE	0	0	FALSE	TRUE	1
OG_0030985	NA	NA	FALSE	0	0	FALSE	TRUE	1
OG_0030992	NA	NA	FALSE	0	0	FALSE	TRUE	1
OG_0031026	NA	NA	FALSE	0	0	FALSE	TRUE	1
OG_0031147	NA	NA	FALSE	0	0	FALSE	TRUE	1
OG_0031236	NA	NA	FALSE	0	0	FALSE	TRUE	1
OG_0031295	NA	NA	FALSE	0	0	FALSE	TRUE	1
OG_0031323	NA	NA	FALSE	0	0	FALSE	TRUE	1
OG_0031351	NA	NA	FALSE	0	0	FALSE	TRUE	1
OG_0032988	NA	NA	FALSE	0	0	FALSE	TRUE	1
OG_0032997	NA	NA	FALSE	0	0	FALSE	TRUE	1
OG_0033037	NA	NA	FALSE	0	0	FALSE	TRUE	1
OG_0033039	NA	NA	FALSE	0	0	FALSE	TRUE	1
OG_0033283	NA	NA	FALSE	0	0	FALSE	TRUE	1
OG_0033416	NA	NA	FALSE	0	0	FALSE	TRUE	1
OG_0033458	NA	NA	FALSE	0	0	FALSE	TRUE	1
OG_0033919	NA	NA	FALSE	0	0	FALSE	TRUE	1
OG_0034123	NA	NA	FALSE	0	0	FALSE	TRUE	1
OG_0036153	NA	NA	FALSE	0	0	FALSE	TRUE	1
OG_0038985	NA	NA	FALSE	0	0	FALSE	TRUE	1
OG_0038988	NA	NA	FALSE	0	0	FALSE	TRUE	1
OG_0039006	NA	NA	FALSE	0	0	FALSE	TRUE	1
OG_0039097	NA	NA	FALSE	0	0	FALSE	TRUE	1
OG_0041455	NA	NA	FALSE	0	0	FALSE	TRUE	1
OG_0041508	NA	NA	FALSE	0	0	FALSE	TRUE	1
OG_0041592	NA	NA	FALSE	0	0	FALSE	TRUE	1
OG_0041909	NA	NA	FALSE	0	0	FALSE	TRUE	1
OG_0041960	NA	NA	FALSE	0	0	FALSE	TRUE	1
OG_0041968	NA	NA	FALSE	0	0	FALSE	TRUE	1
OG_0042032	NA	NA	FALSE	0	0	FALSE	TRUE	1
OG_0042136	NA	NA	FALSE	0	0	FALSE	TRUE	1
OG_0042249	NA	NA	FALSE	0	0	FALSE	TRUE	1
OG_0042263	NA	NA	FALSE	0	0	FALSE	TRUE	1
OG_0042384	NA	NA	FALSE	0	0	FALSE	TRUE	1
OG_0042386	NA	NA	FALSE	0	0	FALSE	TRUE	1
OG_0042517	NA	NA	FALSE	0	0	FALSE	TRUE	1
OG_0042938	NA	NA	FALSE	0	0	FALSE	TRUE	1
OG_0043150	NA	NA	FALSE	0	0	FALSE	TRUE	1
OG_0043183	NA	NA	FALSE	0	0	FALSE	TRUE	1
OG_0043605	NA	NA	FALSE	0	0	FALSE	TRUE	1
OG_0043988	NA	NA	FALSE	0	0	FALSE	TRUE	1
OG_0000195	NA	NA	FALSE	0	0	FALSE	TRUE	0
OG_0000400	NA	NA	FALSE	0	0	FALSE	TRUE	0
OG_0000406	NA	NA	FALSE	0	0	FALSE	TRUE	0
OG_0001202	NA	NA	FALSE	0	0	FALSE	TRUE	0
OG_0001336	NA	NA	FALSE	0	0	TRUE	TRUE	0
OG_0001952	NA	NA	FALSE	0	0	FALSE	TRUE	0
OG_0002447	NA	NA	FALSE	0	0	FALSE	TRUE	0
OG_0002766	NA	NA	FALSE	0	0	FALSE	TRUE	0
OG_0002836	NA	NA	FALSE	0	0	FALSE	TRUE	0
OG_0003027	NA	NA	FALSE	0	0	FALSE	TRUE	0
OG_0003244	NA	NA	FALSE	0	0	FALSE	TRUE	0
OG_0003474	NA	NA	FALSE	0	0	FALSE	TRUE	0
OG_0003538	NA	NA	FALSE	0	0	FALSE	TRUE	0
OG_0003660	NA	NA	FALSE	0	0	FALSE	TRUE	0
OG_0003678	NA	NA	FALSE	0	0	FALSE	TRUE	0
OG_0003768	NA	NA	FALSE	0	0	FALSE	TRUE	0
OG_0003801	NA	NA	FALSE	0	0	FALSE	TRUE	0
OG_0003968	NA	NA	FALSE	0	0	FALSE	TRUE	0
OG_0004303	NA	NA	FALSE	0	0	FALSE	TRUE	0
OG_0004344	NA	NA	FALSE	0	0	FALSE	TRUE	0
OG_0004426	NA	NA	FALSE	0	0	FALSE	TRUE	0
OG_0004630	NA	NA	FALSE	0	0	FALSE	TRUE	0
OG_0004676	NA	NA	FALSE	0	0	FALSE	TRUE	0
OG_0004705	NA	NA	FALSE	0	0	FALSE	TRUE	0
OG_0004824	NA	NA	FALSE	0	0	FALSE	TRUE	0
OG_0004842	NA	NA	FALSE	0	0	TRUE	TRUE	0
OG_0004844	NA	NA	FALSE	0	0	FALSE	TRUE	0
OG_0004931	NA	NA	FALSE	0	0	FALSE	TRUE	0
OG_0005099	NA	NA	FALSE	0	0	FALSE	TRUE	0
OG_0005152	NA	NA	FALSE	0	0	FALSE	TRUE	0
OG_0005220	NA	NA	FALSE	0	0	FALSE	TRUE	0
OG_0005317	NA	NA	FALSE	0	0	TRUE	TRUE	0
OG_0005399	NA	NA	FALSE	0	0	FALSE	TRUE	0
OG_0005786	NA	NA	FALSE	0	0	FALSE	TRUE	0
OG_0006110	NA	NA	FALSE	0	0	FALSE	TRUE	0
OG_0006201	NA	NA	FALSE	0	0	FALSE	TRUE	0
OG_0006218	NA	NA	FALSE	0	0	FALSE	TRUE	0
OG_0006744	NA	NA	FALSE	0	0	FALSE	TRUE	0
OG_0006845	NA	NA	FALSE	0	0	FALSE	TRUE	0
OG_0007004	NA	NA	FALSE	0	0	FALSE	TRUE	0
OG_0007007	NA	NA	FALSE	0	0	FALSE	TRUE	0
OG_0007025	NA	NA	FALSE	0	0	FALSE	TRUE	0
OG_0007049	NA	NA	FALSE	0	0	FALSE	TRUE	0
OG_0007099	NA	NA	FALSE	0	0	FALSE	TRUE	0
OG_0007811	NA	NA	FALSE	0	0	FALSE	TRUE	0
OG_0007941	NA	NA	FALSE	0	0	FALSE	TRUE	0
OG_0008113	FILIP1L	FILIP1L	TRUE	1	0	FALSE	TRUE	0
OG_0008481	NA	NA	FALSE	0	0	FALSE	TRUE	0
OG_0008727	NA	NA	FALSE	0	0	FALSE	TRUE	0
OG_0008824	NA	NA	FALSE	0	0	FALSE	TRUE	0
OG_0009015	NA	NA	FALSE	0	0	FALSE	TRUE	0
OG_0009023	NA	NA	FALSE	0	0	FALSE	TRUE	0
OG_0009191	NA	NA	FALSE	0	0	FALSE	TRUE	0
OG_0009331	NA	NA	FALSE	0	0	FALSE	TRUE	0
OG_0009441	NA	NA	FALSE	0	0	FALSE	TRUE	0
OG_0009621	NA	NA	FALSE	0	0	FALSE	TRUE	0
OG_0009810	NA	NA	FALSE	0	0	FALSE	TRUE	0
OG_0009966	NA	NA	FALSE	0	0	FALSE	TRUE	0
OG_0010131	NA	NA	FALSE	0	0	FALSE	TRUE	0
OG_0010192	NA	NA	FALSE	0	0	FALSE	TRUE	0
OG_0010204	NA	NA	FALSE	0	0	FALSE	TRUE	0
OG_0010264	NA	NA	FALSE	0	0	FALSE	TRUE	0
OG_0010275	NA	NA	FALSE	0	0	FALSE	TRUE	0
OG_0010478	NA	NA	FALSE	0	0	FALSE	TRUE	0
OG_0010533	NA	NA	FALSE	0	0	FALSE	TRUE	0
OG_0010555	NA	NA	FALSE	0	0	FALSE	TRUE	0
OG_0011173	NA	NA	FALSE	0	0	FALSE	TRUE	0
OG_0011259	NA	NA	FALSE	0	0	FALSE	TRUE	0
OG_0011442	NA	NA	FALSE	0	0	FALSE	TRUE	0
OG_0011532	NA	NA	FALSE	0	0	FALSE	TRUE	0
OG_0011783	NA	NA	FALSE	0	0	FALSE	TRUE	0
OG_0011818	NA	NA	FALSE	0	0	TRUE	TRUE	0
OG_0012013	NA	NA	FALSE	0	0	FALSE	TRUE	0
OG_0012054	NA	NA	FALSE	0	0	FALSE	TRUE	0
OG_0012148	NA	NA	FALSE	0	0	FALSE	TRUE	0
OG_0012213	NA	NA	FALSE	0	0	TRUE	TRUE	0
OG_0012221	NA	NA	FALSE	0	0	FALSE	TRUE	0
OG_0012237	NA	NA	FALSE	0	0	FALSE	TRUE	0
OG_0012271	NA	NA	FALSE	0	0	FALSE	TRUE	0
OG_0012361	NA	NA	FALSE	0	0	FALSE	TRUE	0
OG_0012416	NA	NA	FALSE	0	0	FALSE	TRUE	0
OG_0012636	NA	NA	FALSE	0	0	FALSE	TRUE	0
OG_0012682	NA	NA	FALSE	0	0	FALSE	TRUE	0
OG_0012898	NA	NA	FALSE	0	0	FALSE	TRUE	0
OG_0013134	NA	NA	FALSE	0	0	FALSE	TRUE	0
OG_0013334	NA	NA	FALSE	0	0	FALSE	TRUE	0
OG_0013444	NA	NA	FALSE	0	0	FALSE	TRUE	0
OG_0013452	NA	NA	FALSE	0	0	FALSE	TRUE	0
OG_0013469	NA	NA	FALSE	0	0	FALSE	TRUE	0
OG_0013547	NA	NA	FALSE	0	0	FALSE	TRUE	0
OG_0013640	NA	NA	FALSE	0	0	FALSE	TRUE	0
OG_0013818	NA	NA	FALSE	0	0	FALSE	TRUE	0
OG_0013951	NA	NA	FALSE	0	0	FALSE	TRUE	0
OG_0013967	NA	NA	FALSE	0	0	FALSE	TRUE	0
OG_0014116	NA	NA	FALSE	0	0	FALSE	TRUE	0
OG_0014414	NA	NA	FALSE	0	0	FALSE	TRUE	0
OG_0014593	NA	NA	FALSE	0	0	FALSE	TRUE	0
OG_0014751	NA	NA	FALSE	0	0	TRUE	TRUE	0
OG_0014868	NA	NA	FALSE	0	0	FALSE	TRUE	0
OG_0014907	NA	NA	FALSE	0	0	FALSE	TRUE	0
OG_0015140	NA	NA	FALSE	0	0	FALSE	TRUE	0
OG_0015357	NA	NA	FALSE	0	0	FALSE	TRUE	0
OG_0015548	NA	NA	FALSE	0	0	FALSE	TRUE	0
OG_0015591	NA	NA	FALSE	0	0	FALSE	TRUE	0
OG_0015675	NA	NA	FALSE	0	0	FALSE	TRUE	0
OG_0015687	NA	NA	FALSE	0	0	FALSE	TRUE	0
OG_0015803	NA	NA	FALSE	0	0	FALSE	TRUE	0
OG_0015937	NA	NA	FALSE	0	0	FALSE	TRUE	0
OG_0016282	NA	NA	FALSE	0	0	TRUE	TRUE	0
OG_0016557	NA	NA	FALSE	0	0	FALSE	TRUE	0
OG_0016759	NA	NA	FALSE	0	0	FALSE	TRUE	0
OG_0016915	NA	NA	FALSE	0	0	FALSE	TRUE	0
OG_0016966	NA	NA	FALSE	0	0	FALSE	TRUE	0
OG_0017415	NA	NA	FALSE	0	0	FALSE	TRUE	0
OG_0017477	NA	NA	FALSE	0	0	FALSE	TRUE	0
OG_0017928	Arhgap31	Arhgap31	TRUE	1	0	FALSE	TRUE	0
OG_0018000	NA	NA	FALSE	0	0	FALSE	TRUE	0
OG_0018158	NA	NA	FALSE	0	0	FALSE	TRUE	0
OG_0018400	NA	NA	FALSE	0	0	FALSE	TRUE	0
OG_0018568	NA	NA	FALSE	0	0	FALSE	TRUE	0
OG_0018600	NA	NA	FALSE	0	0	FALSE	TRUE	0
OG_0018607	NA	NA	FALSE	0	0	FALSE	TRUE	0
OG_0018748	NA	NA	FALSE	0	0	FALSE	TRUE	0
OG_0018793	NA	NA	FALSE	0	0	FALSE	TRUE	0
OG_0018984	NA	NA	FALSE	0	0	FALSE	TRUE	0
OG_0019286	NA	NA	FALSE	0	0	FALSE	TRUE	0
OG_0019305	NA	NA	FALSE	0	0	FALSE	TRUE	0
OG_0019316	NA	NA	FALSE	0	0	FALSE	TRUE	0
OG_0019350	NA	NA	FALSE	0	0	FALSE	TRUE	0
OG_0019352	NA	NA	FALSE	0	0	FALSE	TRUE	0
OG_0019665	NA	NA	FALSE	0	0	FALSE	TRUE	0
OG_0020013	NA	NA	FALSE	0	0	FALSE	TRUE	0
OG_0020080	NA	NA	FALSE	0	0	FALSE	TRUE	0
OG_0020338	NA	NA	FALSE	0	0	FALSE	TRUE	0
OG_0020528	NA	NA	FALSE	0	0	FALSE	TRUE	0
OG_0020581	NA	NA	FALSE	0	0	FALSE	TRUE	0
OG_0020688	NA	NA	FALSE	0	0	FALSE	TRUE	0
OG_0020842	NA	NA	FALSE	0	0	FALSE	TRUE	0
OG_0020903	NA	NA	FALSE	0	0	FALSE	TRUE	0
OG_0020911	NA	NA	FALSE	0	0	FALSE	TRUE	0
OG_0021783	NA	NA	FALSE	0	0	FALSE	TRUE	0
OG_0022528	NA	NA	FALSE	0	0	FALSE	TRUE	0
OG_0023479	NA	NA	FALSE	0	0	FALSE	TRUE	0
OG_0025040	NA	NA	FALSE	0	0	FALSE	TRUE	0
OG_0025317	NA	NA	FALSE	0	0	FALSE	TRUE	0
OG_0025600	NA	NA	FALSE	0	0	FALSE	TRUE	0
OG_0025604	NA	NA	FALSE	0	0	FALSE	TRUE	0
OG_0026648	NA	NA	FALSE	0	0	FALSE	TRUE	0
OG_0026653	NA	NA	FALSE	0	0	FALSE	TRUE	0
OG_0026765	NA	NA	FALSE	0	0	FALSE	TRUE	0
OG_0026775	NA	NA	FALSE	0	0	FALSE	TRUE	0
OG_0026785	NA	NA	FALSE	0	0	FALSE	TRUE	0
OG_0027171	NA	NA	FALSE	0	0	FALSE	TRUE	0
OG_0028853	NA	NA	FALSE	0	0	FALSE	TRUE	0
OG_0028855	NA	NA	FALSE	0	0	FALSE	TRUE	0
OG_0028870	NA	NA	FALSE	0	0	FALSE	TRUE	0
OG_0029835	NA	NA	FALSE	0	0	FALSE	TRUE	0
OG_0029879	NA	NA	FALSE	0	0	FALSE	TRUE	0
OG_0029882	NA	NA	FALSE	0	0	FALSE	TRUE	0
OG_0031176	NA	NA	FALSE	0	0	FALSE	TRUE	0
OG_0031548	NA	NA	FALSE	0	0	FALSE	TRUE	0
OG_0031647	NA	NA	FALSE	0	0	FALSE	TRUE	0
OG_0032993	NA	NA	FALSE	0	0	FALSE	TRUE	0
OG_0033084	NA	NA	FALSE	0	0	TRUE	TRUE	0
OG_0033199	NA	NA	FALSE	0	0	FALSE	TRUE	0
OG_0033300	NA	NA	FALSE	0	0	FALSE	TRUE	0
OG_0033603	NA	NA	FALSE	0	0	FALSE	TRUE	0
OG_0033809	NA	NA	FALSE	0	0	FALSE	TRUE	0
OG_0035818	NA	NA	FALSE	0	0	FALSE	TRUE	0
OG_0035863	NA	NA	FALSE	0	0	FALSE	TRUE	0
OG_0035943	NA	NA	FALSE	0	0	FALSE	TRUE	0
OG_0036060	NA	NA	FALSE	0	0	FALSE	TRUE	0
OG_0036104	NA	NA	FALSE	0	0	FALSE	TRUE	0
OG_0036233	NA	NA	FALSE	0	0	FALSE	TRUE	0
OG_0036236	NA	NA	FALSE	0	0	FALSE	TRUE	0
OG_0036262	NA	NA	FALSE	0	0	FALSE	TRUE	0
OG_0036275	NA	NA	FALSE	0	0	FALSE	TRUE	0
OG_0041521	NA	NA	FALSE	0	0	FALSE	TRUE	0
OG_0041577	NA	NA	FALSE	0	0	FALSE	TRUE	0
OG_0041640	NA	NA	FALSE	0	0	FALSE	TRUE	0
OG_0041702	NA	NA	FALSE	0	0	FALSE	TRUE	0
OG_0041848	NA	NA	FALSE	0	0	FALSE	TRUE	0
OG_0041878	NA	NA	FALSE	0	0	FALSE	TRUE	0
OG_0041940	NA	NA	FALSE	0	0	FALSE	TRUE	0
OG_0042054	NA	NA	FALSE	0	0	FALSE	TRUE	0
OG_0042112	NA	NA	FALSE	0	0	FALSE	TRUE	0
OG_0042282	NA	NA	FALSE	0	0	FALSE	TRUE	0
OG_0042307	NA	NA	FALSE	0	0	TRUE	TRUE	0
OG_0042896	NA	NA	FALSE	0	0	FALSE	TRUE	0
OG_0042911	NA	NA	FALSE	0	0	FALSE	TRUE	0
OG_0043060	NA	NA	FALSE	0	0	FALSE	TRUE	0
OG_0043101	NA	NA	FALSE	0	0	FALSE	TRUE	0
OG_0043159	NA	NA	FALSE	0	0	FALSE	TRUE	0
OG_0043375	NA	NA	FALSE	0	0	FALSE	TRUE	0
OG_0000031	F8	XM_030272949.4.81	TRUE	1	0	FALSE	FALSE	1
OG_0000039	NA	NA	FALSE	0	0	FALSE	FALSE	1
OG_0000082	NA	NA	FALSE	0	0	FALSE	FALSE	1
OG_0000086	NA	NA	FALSE	0	0	FALSE	FALSE	1
OG_0000115	NA	NA	FALSE	0	0	FALSE	FALSE	1
OG_0000132	NA	NA	FALSE	0	0	FALSE	FALSE	1
OG_0000145	NA	NA	FALSE	0	0	FALSE	FALSE	1
OG_0000157	EP400	XM_072936327.1.105	TRUE	1	0	FALSE	FALSE	1
OG_0000194	NA	NA	FALSE	0	0	FALSE	FALSE	1
OG_0000229	NA	NA	FALSE	0	0	FALSE	FALSE	1
OG_0000239	NA	NA	FALSE	0	0	FALSE	FALSE	1
OG_0000241	NA	NA	FALSE	0	0	FALSE	FALSE	1
OG_0000278	NA	NA	FALSE	0	0	FALSE	FALSE	1
OG_0000283	NA	NA	FALSE	0	0	TRUE	FALSE	1
OG_0000312	NA	NA	FALSE	0	0	FALSE	FALSE	1
OG_0000313	NA	NA	FALSE	0	0	FALSE	FALSE	1
OG_0000348	NA	NA	FALSE	0	0	FALSE	FALSE	1
OG_0000374	NA	NA	FALSE	0	0	FALSE	FALSE	1
OG_0000396	NA	NA	FALSE	0	0	FALSE	FALSE	1
OG_0000415	NA	NA	FALSE	0	0	FALSE	FALSE	1
OG_0000442	NA	NA	FALSE	0	0	FALSE	FALSE	1
OG_0001092	NA	NA	FALSE	0	0	FALSE	FALSE	1
OG_0001117	NA	NA	FALSE	0	0	TRUE	FALSE	1
OG_0001121	PDLIM3	PDLIM3	TRUE	1	0	FALSE	FALSE	1
OG_0001155	NA	NA	FALSE	0	0	FALSE	FALSE	1
OG_0001165	NA	NA	FALSE	0	0	FALSE	FALSE	1
OG_0001223	NA	NA	FALSE	0	0	FALSE	FALSE	1
OG_0001281	NA	NA	FALSE	0	0	FALSE	FALSE	1
OG_0001288	NA	NA	FALSE	0	0	FALSE	FALSE	1
OG_0001342	NA	NA	FALSE	0	0	FALSE	FALSE	1
OG_0001356	NA	NA	FALSE	0	0	FALSE	FALSE	1
OG_0001484	NA	NA	FALSE	0	0	FALSE	FALSE	1
OG_0001629	NA	NA	FALSE	0	0	FALSE	FALSE	1
OG_0001632	NA	NA	FALSE	0	0	FALSE	FALSE	1
OG_0001648	NA	NA	FALSE	0	0	FALSE	FALSE	1
OG_0001717	NA	NA	FALSE	0	0	FALSE	FALSE	1
OG_0001937	NA	NA	FALSE	0	0	FALSE	FALSE	1
OG_0001953	NA	NA	FALSE	0	0	FALSE	FALSE	1
OG_0001959	NA	NA	FALSE	0	0	FALSE	FALSE	1
OG_0001978	NA	NA	FALSE	0	0	FALSE	FALSE	1
OG_0002016	NA	NA	FALSE	0	0	FALSE	FALSE	1
OG_0002197	NA	NA	FALSE	0	0	FALSE	FALSE	1
OG_0002284	NA	NA	FALSE	0	0	FALSE	FALSE	1
OG_0002292	NA	NA	FALSE	0	0	FALSE	FALSE	1
OG_0002305	NA	NA	FALSE	0	0	FALSE	FALSE	1
OG_0002318	NA	NA	FALSE	0	0	FALSE	FALSE	1
OG_0002321	NA	NA	FALSE	0	0	FALSE	FALSE	1
OG_0002322	NA	NA	FALSE	0	0	FALSE	FALSE	1
OG_0002338	NA	NA	FALSE	0	0	FALSE	FALSE	1
OG_0002365	NA	NA	FALSE	0	0	FALSE	FALSE	1
OG_0002380	NA	NA	FALSE	0	0	FALSE	FALSE	1
OG_0002446	NA	NA	FALSE	0	0	FALSE	FALSE	1
OG_0002449	NA	NA	FALSE	0	0	FALSE	FALSE	1
OG_0002464	NA	NA	FALSE	0	0	FALSE	FALSE	1
OG_0002467	NA	NA	FALSE	0	0	FALSE	FALSE	1
OG_0002490	NA	NA	FALSE	0	0	FALSE	FALSE	1
OG_0002491	NA	NA	FALSE	0	0	FALSE	FALSE	1
OG_0002507	NA	NA	FALSE	0	0	TRUE	FALSE	1
OG_0002545	NA	NA	FALSE	0	0	FALSE	FALSE	1
OG_0002569	NA	NA	FALSE	0	0	FALSE	FALSE	1
OG_0002594	NA	NA	FALSE	0	0	FALSE	FALSE	1
OG_0002606	NA	NA	FALSE	0	0	FALSE	FALSE	1
OG_0002696	NA	NA	FALSE	0	0	FALSE	FALSE	1
OG_0002697	NA	NA	FALSE	0	0	FALSE	FALSE	1
OG_0002732	NA	NA	FALSE	0	0	FALSE	FALSE	1
OG_0002765	NA	NA	FALSE	0	0	FALSE	FALSE	1
OG_0002802	NA	NA	FALSE	0	0	FALSE	FALSE	1
OG_0002804	NA	NA	FALSE	0	0	FALSE	FALSE	1
OG_0002808	NA	NA	FALSE	0	0	FALSE	FALSE	1
OG_0002819	NA	NA	FALSE	0	0	FALSE	FALSE	1
OG_0002821	NA	NA	FALSE	0	0	FALSE	FALSE	1
OG_0002837	NA	NA	FALSE	0	0	FALSE	FALSE	1
OG_0002877	NA	NA	FALSE	0	0	FALSE	FALSE	1
OG_0002932	NA	NA	FALSE	0	0	FALSE	FALSE	1
OG_0002936	NA	NA	FALSE	0	0	FALSE	FALSE	1
OG_0002937	NA	NA	FALSE	0	0	FALSE	FALSE	1
OG_0003045	NA	NA	FALSE	0	0	FALSE	FALSE	1
OG_0003094	NA	NA	FALSE	0	0	FALSE	FALSE	1
OG_0003156	NA	NA	FALSE	0	0	FALSE	FALSE	1
OG_0003199	CILK1	XM_072926446.1.3	TRUE	1	0	FALSE	FALSE	1
OG_0003202	NA	NA	FALSE	0	0	FALSE	FALSE	1
OG_0003243	NA	NA	FALSE	0	0	FALSE	FALSE	1
OG_0003278	NA	NA	FALSE	0	0	FALSE	FALSE	1
OG_0003313	NA	NA	FALSE	0	0	FALSE	FALSE	1
OG_0003328	NA	NA	FALSE	0	0	FALSE	FALSE	1
OG_0003358	NA	NA	FALSE	0	0	TRUE	FALSE	1
OG_0003477	NA	NA	FALSE	0	0	FALSE	FALSE	1
OG_0003535	NA	NA	FALSE	0	0	FALSE	FALSE	1
OG_0003624	NA	NA	FALSE	0	0	TRUE	FALSE	1
OG_0003690	NA	NA	FALSE	0	0	FALSE	FALSE	1
OG_0003697	NA	NA	FALSE	0	0	FALSE	FALSE	1
OG_0003724	NA	NA	FALSE	0	0	FALSE	FALSE	1
OG_0003727	NA	NA	FALSE	0	0	FALSE	FALSE	1
OG_0003742	NA	NA	FALSE	0	0	FALSE	FALSE	1
OG_0003747	NA	NA	FALSE	0	0	FALSE	FALSE	1
OG_0003751	NA	NA	FALSE	0	0	FALSE	FALSE	1
OG_0003764	NA	NA	FALSE	0	0	FALSE	FALSE	1
OG_0003800	NA	NA	FALSE	0	0	FALSE	FALSE	1
OG_0003806	NA	NA	FALSE	0	0	FALSE	FALSE	1
OG_0003808	NA	NA	FALSE	0	0	FALSE	FALSE	1
OG_0003826	NA	NA	FALSE	0	0	FALSE	FALSE	1
OG_0003835	NA	NA	FALSE	0	0	FALSE	FALSE	1
OG_0003861	NA	NA	FALSE	0	0	FALSE	FALSE	1
OG_0003866	NA	NA	FALSE	0	0	FALSE	FALSE	1
OG_0003873	NA	NA	FALSE	0	0	FALSE	FALSE	1
OG_0003880	NA	NA	FALSE	0	0	FALSE	FALSE	1
OG_0003928	NA	NA	FALSE	0	0	FALSE	FALSE	1
OG_0003973	NA	NA	FALSE	0	0	FALSE	FALSE	1
OG_0003999	NA	NA	FALSE	0	0	FALSE	FALSE	1
OG_0004022	NA	NA	FALSE	0	0	FALSE	FALSE	1
OG_0004033	NA	NA	FALSE	0	0	FALSE	FALSE	1
OG_0004064	NA	NA	FALSE	0	0	FALSE	FALSE	1
OG_0004080	NA	NA	FALSE	0	0	FALSE	FALSE	1
OG_0004097	NA	NA	FALSE	0	0	FALSE	FALSE	1
OG_0004108	NA	NA	FALSE	0	0	TRUE	FALSE	1
OG_0004130	NA	NA	FALSE	0	0	FALSE	FALSE	1
OG_0004141	NA	NA	FALSE	0	0	FALSE	FALSE	1
OG_0004165	NA	NA	FALSE	0	0	FALSE	FALSE	1
OG_0004181	NA	NA	FALSE	0	0	FALSE	FALSE	1
OG_0004292	NA	NA	FALSE	0	0	FALSE	FALSE	1
OG_0004299	NA	NA	FALSE	0	0	FALSE	FALSE	1
OG_0004323	NA	NA	FALSE	0	0	FALSE	FALSE	1
OG_0004326	NA	NA	FALSE	0	0	FALSE	FALSE	1
OG_0004353	NA	NA	FALSE	0	0	FALSE	FALSE	1
OG_0004407	NA	NA	FALSE	0	0	FALSE	FALSE	1
OG_0004411	NA	NA	FALSE	0	0	FALSE	FALSE	1
OG_0004443	NA	NA	FALSE	0	0	FALSE	FALSE	1
OG_0004461	NA	NA	FALSE	0	0	FALSE	FALSE	1
OG_0004465	NA	NA	FALSE	0	0	FALSE	FALSE	1
OG_0004554	NA	NA	FALSE	0	0	FALSE	FALSE	1
OG_0004576	NA	NA	FALSE	0	0	FALSE	FALSE	1
OG_0004663	NA	NA	FALSE	0	0	FALSE	FALSE	1
OG_0004720	NA	NA	FALSE	0	0	FALSE	FALSE	1
OG_0004754	NA	NA	FALSE	0	0	FALSE	FALSE	1
OG_0004756	NA	NA	FALSE	0	0	FALSE	FALSE	1
OG_0004811	NA	NA	FALSE	0	0	FALSE	FALSE	1
OG_0004817	NA	NA	FALSE	0	0	FALSE	FALSE	1
OG_0004847	NA	NA	FALSE	0	0	FALSE	FALSE	1
OG_0004882	NA	NA	FALSE	0	0	FALSE	FALSE	1
OG_0004892	NA	NA	FALSE	0	0	FALSE	FALSE	1
OG_0004894	NA	NA	FALSE	0	0	FALSE	FALSE	1
OG_0004973	NA	NA	FALSE	0	0	FALSE	FALSE	1
OG_0004994	NA	NA	FALSE	0	0	FALSE	FALSE	1
OG_0005014	NA	NA	FALSE	0	0	FALSE	FALSE	1
OG_0005028	NA	NA	FALSE	0	0	FALSE	FALSE	1
OG_0005067	NA	NA	FALSE	0	0	FALSE	FALSE	1
OG_0005076	NA	NA	FALSE	0	0	FALSE	FALSE	1
OG_0005087	NA	NA	FALSE	0	0	FALSE	FALSE	1
OG_0005100	NA	NA	FALSE	0	0	TRUE	FALSE	1
OG_0005119	NA	NA	FALSE	0	0	FALSE	FALSE	1
OG_0005127	NA	NA	FALSE	0	0	FALSE	FALSE	1
OG_0005135	NA	NA	FALSE	0	0	FALSE	FALSE	1
OG_0005153	NA	NA	FALSE	0	0	FALSE	FALSE	1
OG_0005168	NA	NA	FALSE	0	0	FALSE	FALSE	1
OG_0005189	NA	NA	FALSE	0	0	FALSE	FALSE	1
OG_0005195	NA	NA	FALSE	0	0	FALSE	FALSE	1
OG_0005197	NA	NA	FALSE	0	0	FALSE	FALSE	1
OG_0005208	NA	NA	FALSE	0	0	FALSE	FALSE	1
OG_0005211	NA	NA	FALSE	0	0	FALSE	FALSE	1
OG_0005216	NA	NA	FALSE	0	0	FALSE	FALSE	1
OG_0005232	NA	NA	FALSE	0	0	FALSE	FALSE	1
OG_0005263	NA	NA	FALSE	0	0	TRUE	FALSE	1
OG_0005350	NA	NA	FALSE	0	0	TRUE	FALSE	1
OG_0005375	NA	NA	FALSE	0	0	FALSE	FALSE	1
OG_0005395	NA	NA	FALSE	0	0	FALSE	FALSE	1
OG_0005397	SCRN3	XM_002196403.7.6	TRUE	1	0	FALSE	FALSE	1
OG_0005403	NA	NA	FALSE	0	0	FALSE	FALSE	1
OG_0005406	NA	NA	FALSE	0	0	FALSE	FALSE	1
OG_0005407	NA	NA	FALSE	0	0	FALSE	FALSE	1
OG_0005430	NA	NA	FALSE	0	0	FALSE	FALSE	1
OG_0005432	NA	NA	FALSE	0	0	FALSE	FALSE	1
OG_0005448	NA	NA	FALSE	0	0	FALSE	FALSE	1
OG_0005456	NA	NA	FALSE	0	0	FALSE	FALSE	1
OG_0005465	NA	NA	FALSE	0	0	FALSE	FALSE	1
OG_0005541	NA	NA	FALSE	0	0	FALSE	FALSE	1
OG_0005560	NA	NA	FALSE	0	0	FALSE	FALSE	1
OG_0005567	NA	NA	FALSE	0	0	FALSE	FALSE	1
OG_0005576	NA	NA	FALSE	0	0	FALSE	FALSE	1
OG_0005599	REPS1	XM_030268117.4.61	TRUE	1	0	FALSE	FALSE	1
OG_0005600	NA	NA	FALSE	0	0	FALSE	FALSE	1
OG_0005610	NA	NA	FALSE	0	0	FALSE	FALSE	1
OG_0005620	NA	NA	FALSE	0	0	FALSE	FALSE	1
OG_0005653	NA	NA	FALSE	0	0	FALSE	FALSE	1
OG_0005689	NA	NA	FALSE	0	0	FALSE	FALSE	1
OG_0005699	NA	NA	FALSE	0	0	FALSE	FALSE	1
OG_0005700	NA	NA	FALSE	0	0	FALSE	FALSE	1
OG_0005748	NA	NA	FALSE	0	0	FALSE	FALSE	1
OG_0005773	NA	NA	FALSE	0	0	FALSE	FALSE	1
OG_0005774	CIAO1	XM_041720517.2.1858	TRUE	1	0	FALSE	FALSE	1
OG_0005789	NA	NA	FALSE	0	0	FALSE	FALSE	1
OG_0005790	NA	NA	FALSE	0	0	FALSE	FALSE	1
OG_0005826	NA	NA	FALSE	0	0	FALSE	FALSE	1
OG_0005832	NA	NA	FALSE	0	0	FALSE	FALSE	1
OG_0005836	NA	NA	FALSE	0	0	FALSE	FALSE	1
OG_0005848	NA	NA	FALSE	0	0	FALSE	FALSE	1
OG_0005849	NA	NA	FALSE	0	0	FALSE	FALSE	1
OG_0005850	NA	NA	FALSE	0	0	FALSE	FALSE	1
OG_0005858	NA	NA	FALSE	0	0	FALSE	FALSE	1
OG_0005863	NA	NA	FALSE	0	0	FALSE	FALSE	1
OG_0005886	NA	NA	FALSE	0	0	FALSE	FALSE	1
OG_0005903	NA	NA	FALSE	0	0	FALSE	FALSE	1
OG_0005905	NA	NA	FALSE	0	0	FALSE	FALSE	1
OG_0005907	NA	NA	FALSE	0	0	TRUE	FALSE	1
OG_0005917	NA	NA	FALSE	0	0	FALSE	FALSE	1
OG_0005924	NA	NA	FALSE	0	0	FALSE	FALSE	1
OG_0005989	NA	NA	FALSE	0	0	TRUE	FALSE	1
OG_0005990	NA	NA	FALSE	0	0	FALSE	FALSE	1
OG_0005994	NA	NA	FALSE	0	0	FALSE	FALSE	1
OG_0006011	NA	NA	FALSE	0	0	FALSE	FALSE	1
OG_0006030	NA	NA	FALSE	0	0	FALSE	FALSE	1
OG_0006070	NA	NA	FALSE	0	0	FALSE	FALSE	1
OG_0006121	NA	NA	FALSE	0	0	FALSE	FALSE	1
OG_0006175	NA	NA	FALSE	0	0	FALSE	FALSE	1
OG_0006177	NA	NA	FALSE	0	0	FALSE	FALSE	1
OG_0006181	NA	NA	FALSE	0	0	FALSE	FALSE	1
OG_0006200	NA	NA	FALSE	0	0	FALSE	FALSE	1
OG_0006243	NA	NA	FALSE	0	0	FALSE	FALSE	1
OG_0006257	NA	NA	FALSE	0	0	FALSE	FALSE	1
OG_0006258	NA	NA	FALSE	0	0	FALSE	FALSE	1
OG_0006308	NA	NA	FALSE	0	0	FALSE	FALSE	1
OG_0006318	NA	NA	FALSE	0	0	FALSE	FALSE	1
OG_0006333	NA	NA	FALSE	0	0	FALSE	FALSE	1
OG_0006366	NA	NA	FALSE	0	0	FALSE	FALSE	1
OG_0006420	NA	NA	FALSE	0	0	FALSE	FALSE	1
OG_0006496	NA	NA	FALSE	0	0	FALSE	FALSE	1
OG_0006625	NA	NA	FALSE	0	0	FALSE	FALSE	1
OG_0006632	NA	NA	FALSE	0	0	FALSE	FALSE	1
OG_0006656	NA	NA	FALSE	0	0	FALSE	FALSE	1
OG_0006719	NA	NA	FALSE	0	0	FALSE	FALSE	1
OG_0006728	NA	NA	FALSE	0	0	FALSE	FALSE	1
OG_0006738	NA	NA	FALSE	0	0	FALSE	FALSE	1
OG_0006745	NA	NA	FALSE	0	0	FALSE	FALSE	1
OG_0006746	NA	NA	FALSE	0	0	FALSE	FALSE	1
OG_0006765	NA	NA	FALSE	0	0	FALSE	FALSE	1
OG_0006774	NA	NA	FALSE	0	0	FALSE	FALSE	1
OG_0006782	NA	NA	FALSE	0	0	FALSE	FALSE	1
OG_0006817	NA	NA	FALSE	0	0	FALSE	FALSE	1
OG_0006819	NA	NA	FALSE	0	0	FALSE	FALSE	1
OG_0006820	NA	NA	FALSE	0	0	FALSE	FALSE	1
OG_0006840	NA	NA	FALSE	0	0	FALSE	FALSE	1
OG_0006841	NA	NA	FALSE	0	0	FALSE	FALSE	1
OG_0006917	NA	NA	FALSE	0	0	FALSE	FALSE	1
OG_0006997	NA	NA	FALSE	0	0	FALSE	FALSE	1
OG_0007002	NA	NA	FALSE	0	0	FALSE	FALSE	1
OG_0007059	NA	NA	FALSE	0	0	FALSE	FALSE	1
OG_0007110	NA	NA	FALSE	0	0	FALSE	FALSE	1
OG_0007132	NA	NA	FALSE	0	0	FALSE	FALSE	1
OG_0007168	NA	NA	FALSE	0	0	FALSE	FALSE	1
OG_0007175	NA	NA	FALSE	0	0	FALSE	FALSE	1
OG_0007187	NA	NA	FALSE	0	0	FALSE	FALSE	1
OG_0007197	NA	NA	FALSE	0	0	FALSE	FALSE	1
OG_0007211	NA	NA	FALSE	0	0	FALSE	FALSE	1
OG_0007249	NA	NA	FALSE	0	0	FALSE	FALSE	1
OG_0007304	NA	NA	FALSE	0	0	FALSE	FALSE	1
OG_0007338	NA	NA	FALSE	0	0	FALSE	FALSE	1
OG_0007370	NA	NA	FALSE	0	0	FALSE	FALSE	1
OG_0007393	NA	NA	FALSE	0	0	FALSE	FALSE	1
OG_0007398	NA	NA	FALSE	0	0	FALSE	FALSE	1
OG_0007400	NA	NA	FALSE	0	0	FALSE	FALSE	1
OG_0007401	NA	NA	FALSE	0	0	FALSE	FALSE	1
OG_0007405	NA	NA	FALSE	0	0	FALSE	FALSE	1
OG_0007433	NA	NA	FALSE	0	0	FALSE	FALSE	1
OG_0007437	NA	NA	FALSE	0	0	FALSE	FALSE	1
OG_0007444	NA	NA	FALSE	0	0	FALSE	FALSE	1
OG_0007461	NA	NA	FALSE	0	0	FALSE	FALSE	1
OG_0007470	NA	NA	FALSE	0	0	FALSE	FALSE	1
OG_0007480	NA	NA	FALSE	0	0	FALSE	FALSE	1
OG_0007496	NA	NA	FALSE	0	0	FALSE	FALSE	1
OG_0007506	NA	NA	FALSE	0	0	FALSE	FALSE	1
OG_0007559	NA	NA	FALSE	0	0	FALSE	FALSE	1
OG_0007577	NA	NA	FALSE	0	0	FALSE	FALSE	1
OG_0007600	NA	NA	FALSE	0	0	FALSE	FALSE	1
OG_0007637	NA	NA	FALSE	0	0	FALSE	FALSE	1
OG_0007642	NA	NA	FALSE	0	0	FALSE	FALSE	1
OG_0007651	NA	NA	FALSE	0	0	FALSE	FALSE	1
OG_0007653	NA	NA	FALSE	0	0	FALSE	FALSE	1
OG_0007663	NA	NA	FALSE	0	0	FALSE	FALSE	1
OG_0007682	NA	NA	FALSE	0	0	FALSE	FALSE	1
OG_0007690	NA	NA	FALSE	0	0	FALSE	FALSE	1
OG_0007692	NA	NA	FALSE	0	0	FALSE	FALSE	1
OG_0007702	NA	NA	FALSE	0	0	TRUE	FALSE	1
OG_0007715	NA	NA	FALSE	0	0	FALSE	FALSE	1
OG_0007728	NA	NA	FALSE	0	0	FALSE	FALSE	1
OG_0007766	NA	NA	FALSE	0	0	FALSE	FALSE	1
OG_0007773	CASP7	XM_025151846.3.68	TRUE	1	0	FALSE	FALSE	1
OG_0007812	NA	NA	FALSE	0	0	FALSE	FALSE	1
OG_0007844	NA	NA	FALSE	0	0	FALSE	FALSE	1
OG_0007847	NA	NA	FALSE	0	0	FALSE	FALSE	1
OG_0007882	NA	NA	FALSE	0	0	FALSE	FALSE	1
OG_0007885	NA	NA	FALSE	0	0	FALSE	FALSE	1
OG_0007897	NA	NA	FALSE	0	0	FALSE	FALSE	1
OG_0007899	NA	NA	FALSE	0	0	FALSE	FALSE	1
OG_0007904	NA	NA	FALSE	0	0	FALSE	FALSE	1
OG_0007909	NA	NA	FALSE	0	0	FALSE	FALSE	1
OG_0007918	NA	NA	FALSE	0	0	FALSE	FALSE	1
OG_0007966	NA	NA	FALSE	0	0	TRUE	FALSE	1
OG_0007970	NA	NA	FALSE	0	0	FALSE	FALSE	1
OG_0008003	NA	NA	FALSE	0	0	FALSE	FALSE	1
OG_0008008	NA	NA	FALSE	0	0	FALSE	FALSE	1
OG_0008052	NA	NA	FALSE	0	0	FALSE	FALSE	1
OG_0008069	NA	NA	FALSE	0	0	TRUE	FALSE	1
OG_0008071	NA	NA	FALSE	0	0	FALSE	FALSE	1
OG_0008101	NA	NA	FALSE	0	0	TRUE	FALSE	1
OG_0008108	NA	NA	FALSE	0	0	FALSE	FALSE	1
OG_0008159	NA	NA	FALSE	0	0	FALSE	FALSE	1
OG_0008172	NA	NA	FALSE	0	0	FALSE	FALSE	1
OG_0008206	NA	NA	FALSE	0	0	FALSE	FALSE	1
OG_0008208	NA	NA	FALSE	0	0	FALSE	FALSE	1
OG_0008218	NA	NA	FALSE	0	0	FALSE	FALSE	1
OG_0008237	NA	NA	FALSE	0	0	FALSE	FALSE	1
OG_0008252	NA	NA	FALSE	0	0	FALSE	FALSE	1
OG_0008313	NA	NA	FALSE	0	0	FALSE	FALSE	1
OG_0008349	NA	NA	FALSE	0	0	FALSE	FALSE	1
OG_0008400	NA	NA	FALSE	0	0	FALSE	FALSE	1
OG_0008404	NA	NA	FALSE	0	0	FALSE	FALSE	1
OG_0008405	NA	NA	FALSE	0	0	FALSE	FALSE	1
OG_0008408	NA	NA	FALSE	0	0	FALSE	FALSE	1
OG_0008419	NA	NA	FALSE	0	0	FALSE	FALSE	1
OG_0008433	NA	NA	FALSE	0	0	FALSE	FALSE	1
OG_0008442	NA	NA	FALSE	0	0	FALSE	FALSE	1
OG_0008443	LOC100227084	XM_072931414.1.5	TRUE	1	0	FALSE	FALSE	1
OG_0008456	NA	NA	FALSE	0	0	FALSE	FALSE	1
OG_0008478	NA	NA	FALSE	0	0	FALSE	FALSE	1
OG_0008497	NA	NA	FALSE	0	0	FALSE	FALSE	1
OG_0008524	NA	NA	FALSE	0	0	FALSE	FALSE	1
OG_0008543	NA	NA	FALSE	0	0	FALSE	FALSE	1
OG_0008552	NA	NA	FALSE	0	0	FALSE	FALSE	1
OG_0008589	NA	NA	FALSE	0	0	FALSE	FALSE	1
OG_0008649	NA	NA	FALSE	0	0	FALSE	FALSE	1
OG_0008669	NA	NA	FALSE	0	0	FALSE	FALSE	1
OG_0008682	NA	NA	FALSE	0	0	FALSE	FALSE	1
OG_0008686	NA	NA	FALSE	0	0	FALSE	FALSE	1
OG_0008689	NA	NA	FALSE	0	0	FALSE	FALSE	1
OG_0008691	NA	NA	FALSE	0	0	FALSE	FALSE	1
OG_0008694	NA	NA	FALSE	0	0	FALSE	FALSE	1
OG_0008735	NA	NA	FALSE	0	0	FALSE	FALSE	1
OG_0008737	NA	NA	FALSE	0	0	FALSE	FALSE	1
OG_0008758	NA	NA	FALSE	0	0	FALSE	FALSE	1
OG_0008766	NA	NA	FALSE	0	0	FALSE	FALSE	1
OG_0008778	NA	NA	FALSE	0	0	FALSE	FALSE	1
OG_0008781	NA	NA	FALSE	0	0	FALSE	FALSE	1
OG_0008791	NA	NA	FALSE	0	0	FALSE	FALSE	1
OG_0008818	NA	NA	FALSE	0	0	TRUE	FALSE	1
OG_0008823	NA	NA	FALSE	0	0	FALSE	FALSE	1
OG_0008837	NA	NA	FALSE	0	0	FALSE	FALSE	1
OG_0008879	NA	NA	FALSE	0	0	FALSE	FALSE	1
OG_0008933	NA	NA	FALSE	0	0	FALSE	FALSE	1
OG_0009005	NA	NA	FALSE	0	0	FALSE	FALSE	1
OG_0009011	NA	NA	FALSE	0	0	FALSE	FALSE	1
OG_0009013	NA	NA	FALSE	0	0	FALSE	FALSE	1
OG_0009018	NA	NA	FALSE	0	0	FALSE	FALSE	1
OG_0009030	NA	NA	FALSE	0	0	FALSE	FALSE	1
OG_0009036	NA	NA	FALSE	0	0	FALSE	FALSE	1
OG_0009055	NA	NA	FALSE	0	0	TRUE	FALSE	1
OG_0009124	NA	NA	FALSE	0	0	FALSE	FALSE	1
OG_0009171	NA	NA	FALSE	0	0	FALSE	FALSE	1
OG_0009177	NA	NA	FALSE	0	0	FALSE	FALSE	1
OG_0009182	NA	NA	FALSE	0	0	FALSE	FALSE	1
OG_0009183	NA	NA	FALSE	0	0	TRUE	FALSE	1
OG_0009209	NA	NA	FALSE	0	0	FALSE	FALSE	1
OG_0009226	NA	NA	FALSE	0	0	FALSE	FALSE	1
OG_0009264	NA	NA	FALSE	0	0	FALSE	FALSE	1
OG_0009273	NA	NA	FALSE	0	0	FALSE	FALSE	1
OG_0009280	NA	NA	FALSE	0	0	FALSE	FALSE	1
OG_0009411	NA	NA	FALSE	0	0	FALSE	FALSE	1
OG_0009418	NA	NA	FALSE	0	0	FALSE	FALSE	1
OG_0009423	NA	NA	FALSE	0	0	FALSE	FALSE	1
OG_0009453	NA	NA	FALSE	0	0	FALSE	FALSE	1
OG_0009456	NA	NA	FALSE	0	0	FALSE	FALSE	1
OG_0009459	NA	NA	FALSE	0	0	FALSE	FALSE	1
OG_0009462	NA	NA	FALSE	0	0	FALSE	FALSE	1
OG_0009464	NA	NA	FALSE	0	0	FALSE	FALSE	1
OG_0009512	NA	NA	FALSE	0	0	FALSE	FALSE	1
OG_0009515	NA	NA	FALSE	0	0	FALSE	FALSE	1
OG_0009547	NA	NA	FALSE	0	0	FALSE	FALSE	1
OG_0009550	NA	NA	FALSE	0	0	FALSE	FALSE	1
OG_0009561	NA	NA	FALSE	0	0	FALSE	FALSE	1
OG_0009573	NA	NA	FALSE	0	0	FALSE	FALSE	1
OG_0009594	NA	NA	FALSE	0	0	FALSE	FALSE	1
OG_0009610	NA	NA	FALSE	0	0	FALSE	FALSE	1
OG_0009615	NA	NA	FALSE	0	0	FALSE	FALSE	1
OG_0009617	NA	NA	FALSE	0	0	FALSE	FALSE	1
OG_0009634	NA	NA	FALSE	0	0	FALSE	FALSE	1
OG_0009638	NA	NA	FALSE	0	0	FALSE	FALSE	1
OG_0009648	NA	NA	FALSE	0	0	FALSE	FALSE	1
OG_0009654	NA	NA	FALSE	0	0	FALSE	FALSE	1
OG_0009708	NA	NA	FALSE	0	0	FALSE	FALSE	1
OG_0009710	PANX1	XM_015280513.4.76	TRUE	1	0	FALSE	FALSE	1
OG_0009720	NA	NA	FALSE	0	0	FALSE	FALSE	1
OG_0009724	NA	NA	FALSE	0	0	FALSE	FALSE	1
OG_0009747	NA	NA	FALSE	0	0	FALSE	FALSE	1
OG_0009752	NA	NA	FALSE	0	0	FALSE	FALSE	1
OG_0009755	NA	NA	FALSE	0	0	FALSE	FALSE	1
OG_0009761	NA	NA	FALSE	0	0	FALSE	FALSE	1
OG_0009775	NA	NA	FALSE	0	0	FALSE	FALSE	1
OG_0009818	NA	NA	FALSE	0	0	FALSE	FALSE	1
OG_0009826	NA	NA	FALSE	0	0	FALSE	FALSE	1
OG_0009830	NA	NA	FALSE	0	0	FALSE	FALSE	1
OG_0009835	NA	NA	FALSE	0	0	FALSE	FALSE	1
OG_0009850	NA	NA	FALSE	0	0	FALSE	FALSE	1
OG_0009873	NA	NA	FALSE	0	0	FALSE	FALSE	1
OG_0009883	NA	NA	FALSE	0	0	FALSE	FALSE	1
OG_0009906	NA	NA	FALSE	0	0	FALSE	FALSE	1
OG_0009910	ENG	XM_030286514.4.43	TRUE	1	0	FALSE	FALSE	1
OG_0009935	NA	NA	FALSE	0	0	FALSE	FALSE	1
OG_0009943	NA	NA	FALSE	0	0	FALSE	FALSE	1
OG_0009949	NA	NA	FALSE	0	0	FALSE	FALSE	1
OG_0009963	NA	NA	FALSE	0	0	FALSE	FALSE	1
OG_0009994	NA	NA	FALSE	0	0	FALSE	FALSE	1
OG_0009995	NA	NA	FALSE	0	0	FALSE	FALSE	1
OG_0010001	NA	NA	FALSE	0	0	FALSE	FALSE	1
OG_0010002	NA	NA	FALSE	0	0	FALSE	FALSE	1
OG_0010003	NA	NA	FALSE	0	0	FALSE	FALSE	1
OG_0010008	NA	NA	FALSE	0	0	FALSE	FALSE	1
OG_0010010	NA	NA	FALSE	0	0	FALSE	FALSE	1
OG_0010049	NA	NA	FALSE	0	0	FALSE	FALSE	1
OG_0010071	NA	NA	FALSE	0	0	FALSE	FALSE	1
OG_0010075	NA	NA	FALSE	0	0	FALSE	FALSE	1
OG_0010086	NA	NA	FALSE	0	0	FALSE	FALSE	1
OG_0010105	NA	NA	FALSE	0	0	FALSE	FALSE	1
OG_0010119	NA	NA	FALSE	0	0	FALSE	FALSE	1
OG_0010125	NA	NA	FALSE	0	0	FALSE	FALSE	1
OG_0010206	NA	NA	FALSE	0	0	FALSE	FALSE	1
OG_0010221	NA	NA	FALSE	0	0	FALSE	FALSE	1
OG_0010250	NA	NA	FALSE	0	0	FALSE	FALSE	1
OG_0010286	GLUL	XM_046944323.1.25	TRUE	1	0	FALSE	FALSE	1
OG_0010305	NA	NA	FALSE	0	0	FALSE	FALSE	1
OG_0010339	NA	NA	FALSE	0	0	FALSE	FALSE	1
OG_0010343	NA	NA	FALSE	0	0	FALSE	FALSE	1
OG_0010353	NA	NA	FALSE	0	0	FALSE	FALSE	1
OG_0010354	NA	NA	FALSE	0	0	FALSE	FALSE	1
OG_0010384	NA	NA	FALSE	0	0	FALSE	FALSE	1
OG_0010395	NA	NA	FALSE	0	0	FALSE	FALSE	1
OG_0010405	NA	NA	FALSE	0	0	FALSE	FALSE	1
OG_0010420	NA	NA	FALSE	0	0	FALSE	FALSE	1
OG_0010437	NA	NA	FALSE	0	0	FALSE	FALSE	1
OG_0010443	NA	NA	FALSE	0	0	FALSE	FALSE	1
OG_0010584	NA	NA	FALSE	0	0	FALSE	FALSE	1
OG_0010644	NA	NA	FALSE	0	0	FALSE	FALSE	1
OG_0010677	NA	NA	FALSE	0	0	FALSE	FALSE	1
OG_0010714	NA	NA	FALSE	0	0	FALSE	FALSE	1
OG_0010716	NA	NA	FALSE	0	0	FALSE	FALSE	1
OG_0010723	NA	NA	FALSE	0	0	FALSE	FALSE	1
OG_0010827	NA	NA	FALSE	0	0	FALSE	FALSE	1
OG_0010837	NA	NA	FALSE	0	0	FALSE	FALSE	1
OG_0010895	NA	NA	FALSE	0	0	FALSE	FALSE	1
OG_0010899	NA	NA	FALSE	0	0	FALSE	FALSE	1
OG_0010923	NA	NA	FALSE	0	0	FALSE	FALSE	1
OG_0010937	NA	NA	FALSE	0	0	FALSE	FALSE	1
OG_0010950	NA	NA	FALSE	0	0	TRUE	FALSE	1
OG_0010952	NA	NA	FALSE	0	0	FALSE	FALSE	1
OG_0011001	NA	NA	FALSE	0	0	FALSE	FALSE	1
OG_0011018	NA	NA	FALSE	0	0	FALSE	FALSE	1
OG_0011023	NA	NA	FALSE	0	0	FALSE	FALSE	1
OG_0011024	NA	NA	FALSE	0	0	FALSE	FALSE	1
OG_0011040	ZNF330	XM_046940059.1.107	TRUE	1	0	FALSE	FALSE	1
OG_0011086	NA	NA	FALSE	0	0	FALSE	FALSE	1
OG_0011103	NA	NA	FALSE	0	0	FALSE	FALSE	1
OG_0011171	NA	NA	FALSE	0	0	FALSE	FALSE	1
OG_0011207	NA	NA	FALSE	0	0	FALSE	FALSE	1
OG_0011243	NA	NA	FALSE	0	0	FALSE	FALSE	1
OG_0011251	NA	NA	FALSE	0	0	FALSE	FALSE	1
OG_0011270	NA	NA	FALSE	0	0	FALSE	FALSE	1
OG_0011356	NA	NA	FALSE	0	0	FALSE	FALSE	1
OG_0011366	NA	NA	FALSE	0	0	FALSE	FALSE	1
OG_0011401	NA	NA	FALSE	0	0	FALSE	FALSE	1
OG_0011440	NA	NA	FALSE	0	0	FALSE	FALSE	1
OG_0011454	NA	NA	FALSE	0	0	FALSE	FALSE	1
OG_0011456	NA	NA	FALSE	0	0	FALSE	FALSE	1
OG_0011462	NA	NA	FALSE	0	0	FALSE	FALSE	1
OG_0011482	NA	NA	FALSE	0	0	FALSE	FALSE	1
OG_0011484	NA	NA	FALSE	0	0	FALSE	FALSE	1
OG_0011516	NA	NA	FALSE	0	0	FALSE	FALSE	1
OG_0011518	NA	NA	FALSE	0	0	FALSE	FALSE	1
OG_0011523	NA	NA	FALSE	0	0	FALSE	FALSE	1
OG_0011527	NA	NA	FALSE	0	0	FALSE	FALSE	1
OG_0011528	NA	NA	FALSE	0	0	FALSE	FALSE	1
OG_0011556	NA	NA	FALSE	0	0	FALSE	FALSE	1
OG_0011572	NA	NA	FALSE	0	0	FALSE	FALSE	1
OG_0011578	NA	NA	FALSE	0	0	FALSE	FALSE	1
OG_0011599	NA	NA	FALSE	0	0	FALSE	FALSE	1
OG_0011636	SYPL1	XM_041713885.2.23	TRUE	1	0	FALSE	FALSE	1
OG_0011646	NA	NA	FALSE	0	0	FALSE	FALSE	1
OG_0011654	NA	NA	FALSE	0	0	FALSE	FALSE	1
OG_0011667	NA	NA	FALSE	0	0	FALSE	FALSE	1
OG_0011711	NA	NA	FALSE	0	0	FALSE	FALSE	1
OG_0011717	NA	NA	FALSE	0	0	FALSE	FALSE	1
OG_0011755	Klf4	Klf4	TRUE	1	0	FALSE	FALSE	1
OG_0011768	NA	NA	FALSE	0	0	FALSE	FALSE	1
OG_0011772	NA	NA	FALSE	0	0	FALSE	FALSE	1
OG_0011791	NA	NA	FALSE	0	0	FALSE	FALSE	1
OG_0011821	NA	NA	FALSE	0	0	FALSE	FALSE	1
OG_0011822	NA	NA	FALSE	0	0	FALSE	FALSE	1
OG_0011823	NA	NA	FALSE	0	0	FALSE	FALSE	1
OG_0011850	NA	NA	FALSE	0	0	FALSE	FALSE	1
OG_0011876	NA	NA	FALSE	0	0	FALSE	FALSE	1
OG_0011881	NA	NA	FALSE	0	0	FALSE	FALSE	1
OG_0011932	NA	NA	FALSE	0	0	FALSE	FALSE	1
OG_0011957	NA	NA	FALSE	0	0	FALSE	FALSE	1
OG_0011986	NA	NA	FALSE	0	0	FALSE	FALSE	1
OG_0012000	NA	NA	FALSE	0	0	FALSE	FALSE	1
OG_0012044	NA	NA	FALSE	0	0	FALSE	FALSE	1
OG_0012161	NA	NA	FALSE	0	0	FALSE	FALSE	1
OG_0012180	NA	NA	FALSE	0	0	FALSE	FALSE	1
OG_0012189	NA	NA	FALSE	0	0	FALSE	FALSE	1
OG_0012190	NA	NA	FALSE	0	0	FALSE	FALSE	1
OG_0012244	NA	NA	FALSE	0	0	FALSE	FALSE	1
OG_0012254	NA	NA	FALSE	0	0	FALSE	FALSE	1
OG_0012304	NA	NA	FALSE	0	0	FALSE	FALSE	1
OG_0012311	NA	NA	FALSE	0	0	TRUE	FALSE	1
OG_0012316	NA	NA	FALSE	0	0	FALSE	FALSE	1
OG_0012320	NA	NA	FALSE	0	0	FALSE	FALSE	1
OG_0012331	NA	NA	FALSE	0	0	FALSE	FALSE	1
OG_0012338	NA	NA	FALSE	0	0	FALSE	FALSE	1
OG_0012339	NA	NA	FALSE	0	0	FALSE	FALSE	1
OG_0012371	NA	NA	FALSE	0	0	FALSE	FALSE	1
OG_0012372	NA	NA	FALSE	0	0	FALSE	FALSE	1
OG_0012386	NA	NA	FALSE	0	0	FALSE	FALSE	1
OG_0012393	NA	NA	FALSE	0	0	FALSE	FALSE	1
OG_0012417	NA	NA	FALSE	0	0	FALSE	FALSE	1
OG_0012421	NA	NA	FALSE	0	0	FALSE	FALSE	1
OG_0012425	NA	NA	FALSE	0	0	FALSE	FALSE	1
OG_0012467	NA	NA	FALSE	0	0	FALSE	FALSE	1
OG_0012471	NA	NA	FALSE	0	0	FALSE	FALSE	1
OG_0012477	NA	NA	FALSE	0	0	FALSE	FALSE	1
OG_0012479	NA	NA	FALSE	0	0	FALSE	FALSE	1
OG_0012543	NA	NA	FALSE	0	0	FALSE	FALSE	1
OG_0012544	NA	NA	FALSE	0	0	FALSE	FALSE	1
OG_0012554	NA	NA	FALSE	0	0	FALSE	FALSE	1
OG_0012555	NA	NA	FALSE	0	0	FALSE	FALSE	1
OG_0012568	NA	NA	FALSE	0	0	FALSE	FALSE	1
OG_0012576	NA	NA	FALSE	0	0	FALSE	FALSE	1
OG_0012590	NA	NA	FALSE	0	0	FALSE	FALSE	1
OG_0012591	NA	NA	FALSE	0	0	FALSE	FALSE	1
OG_0012604	NA	NA	FALSE	0	0	FALSE	FALSE	1
OG_0012608	SPRY3	SPRY3	TRUE	1	0	FALSE	FALSE	1
OG_0012617	NA	NA	FALSE	0	0	FALSE	FALSE	1
OG_0012634	NA	NA	FALSE	0	0	FALSE	FALSE	1
OG_0012637	NA	NA	FALSE	0	0	TRUE	FALSE	1
OG_0012666	NA	NA	FALSE	0	0	FALSE	FALSE	1
OG_0012681	NA	NA	FALSE	0	0	FALSE	FALSE	1
OG_0012684	NA	NA	FALSE	0	0	FALSE	FALSE	1
OG_0012694	NA	NA	FALSE	0	0	FALSE	FALSE	1
OG_0012702	NA	NA	FALSE	0	0	FALSE	FALSE	1
OG_0012746	NA	NA	FALSE	0	0	FALSE	FALSE	1
OG_0012795	NA	NA	FALSE	0	0	FALSE	FALSE	1
OG_0012797	NA	NA	FALSE	0	0	FALSE	FALSE	1
OG_0012803	NA	NA	FALSE	0	0	FALSE	FALSE	1
OG_0012804	NA	NA	FALSE	0	0	FALSE	FALSE	1
OG_0012811	NA	NA	FALSE	0	0	FALSE	FALSE	1
OG_0012842	NA	NA	FALSE	0	0	FALSE	FALSE	1
OG_0012843	NA	NA	FALSE	0	0	FALSE	FALSE	1
OG_0012848	NA	NA	FALSE	0	0	FALSE	FALSE	1
OG_0012853	NA	NA	FALSE	0	0	FALSE	FALSE	1
OG_0012864	NA	NA	FALSE	0	0	FALSE	FALSE	1
OG_0012867	NA	NA	FALSE	0	0	FALSE	FALSE	1
OG_0012904	NA	NA	FALSE	0	0	FALSE	FALSE	1
OG_0012927	NA	NA	FALSE	0	0	FALSE	FALSE	1
OG_0012928	NA	NA	FALSE	0	0	FALSE	FALSE	1
OG_0012930	NA	NA	FALSE	0	0	FALSE	FALSE	1
OG_0012931	NA	NA	FALSE	0	0	FALSE	FALSE	1
OG_0012932	NA	NA	FALSE	0	0	FALSE	FALSE	1
OG_0012955	NA	NA	FALSE	0	0	FALSE	FALSE	1
OG_0012960	NA	NA	FALSE	0	0	FALSE	FALSE	1
OG_0012969	NA	NA	FALSE	0	0	FALSE	FALSE	1
OG_0012971	NA	NA	FALSE	0	0	FALSE	FALSE	1
OG_0012975	NA	NA	FALSE	0	0	FALSE	FALSE	1
OG_0012977	NA	NA	FALSE	0	0	FALSE	FALSE	1
OG_0012979	NA	NA	FALSE	0	0	TRUE	FALSE	1
OG_0012999	NA	NA	FALSE	0	0	FALSE	FALSE	1
OG_0013048	NA	NA	FALSE	0	0	FALSE	FALSE	1
OG_0013055	NA	NA	FALSE	0	0	FALSE	FALSE	1
OG_0013080	NA	NA	FALSE	0	0	FALSE	FALSE	1
OG_0013120	NA	NA	FALSE	0	0	FALSE	FALSE	1
OG_0013122	NA	NA	FALSE	0	0	FALSE	FALSE	1
OG_0013127	NA	NA	FALSE	0	0	FALSE	FALSE	1
OG_0013139	NA	NA	FALSE	0	0	FALSE	FALSE	1
OG_0013144	NA	NA	FALSE	0	0	FALSE	FALSE	1
OG_0013150	NA	NA	FALSE	0	0	FALSE	FALSE	1
OG_0013152	NA	NA	FALSE	0	0	FALSE	FALSE	1
OG_0013165	NA	NA	FALSE	0	0	FALSE	FALSE	1
OG_0013166	NA	NA	FALSE	0	0	FALSE	FALSE	1
OG_0013170	NA	NA	FALSE	0	0	FALSE	FALSE	1
OG_0013179	NA	NA	FALSE	0	0	FALSE	FALSE	1
OG_0013197	NA	NA	FALSE	0	0	FALSE	FALSE	1
OG_0013218	NA	NA	FALSE	0	0	FALSE	FALSE	1
OG_0013229	NA	NA	FALSE	0	0	FALSE	FALSE	1
OG_0013253	NA	NA	FALSE	0	0	FALSE	FALSE	1
OG_0013273	NA	NA	FALSE	0	0	FALSE	FALSE	1
OG_0013389	NA	NA	FALSE	0	0	FALSE	FALSE	1
OG_0013407	NA	NA	FALSE	0	0	FALSE	FALSE	1
OG_0013422	NA	NA	FALSE	0	0	FALSE	FALSE	1
OG_0013424	NA	NA	FALSE	0	0	FALSE	FALSE	1
OG_0013427	NA	NA	FALSE	0	0	TRUE	FALSE	1
OG_0013457	NA	NA	FALSE	0	0	FALSE	FALSE	1
OG_0013473	NA	NA	FALSE	0	0	FALSE	FALSE	1
OG_0013479	NA	NA	FALSE	0	0	FALSE	FALSE	1
OG_0013496	NA	NA	FALSE	0	0	FALSE	FALSE	1
OG_0013498	NA	NA	FALSE	0	0	FALSE	FALSE	1
OG_0013514	NA	NA	FALSE	0	0	FALSE	FALSE	1
OG_0013518	NA	NA	FALSE	0	0	FALSE	FALSE	1
OG_0013529	NA	NA	FALSE	0	0	FALSE	FALSE	1
OG_0013574	NA	NA	FALSE	0	0	FALSE	FALSE	1
OG_0013593	NA	NA	FALSE	0	0	FALSE	FALSE	1
OG_0013594	NA	NA	FALSE	0	0	FALSE	FALSE	1
OG_0013625	NA	NA	FALSE	0	0	FALSE	FALSE	1
OG_0013629	NA	NA	FALSE	0	0	FALSE	FALSE	1
OG_0013654	NA	NA	FALSE	0	0	FALSE	FALSE	1
OG_0013669	NA	NA	FALSE	0	0	FALSE	FALSE	1
OG_0013682	NA	NA	FALSE	0	0	FALSE	FALSE	1
OG_0013697	NA	NA	FALSE	0	0	FALSE	FALSE	1
OG_0013698	NA	NA	FALSE	0	0	FALSE	FALSE	1
OG_0013700	NA	NA	FALSE	0	0	FALSE	FALSE	1
OG_0013709	NA	NA	FALSE	0	0	FALSE	FALSE	1
OG_0013725	NA	NA	FALSE	0	0	FALSE	FALSE	1
OG_0013728	NA	NA	FALSE	0	0	FALSE	FALSE	1
OG_0013730	NA	NA	FALSE	0	0	FALSE	FALSE	1
OG_0013743	NA	NA	FALSE	0	0	FALSE	FALSE	1
OG_0013750	NA	NA	FALSE	0	0	FALSE	FALSE	1
OG_0013799	NA	NA	FALSE	0	0	FALSE	FALSE	1
OG_0013817	NA	NA	FALSE	0	0	FALSE	FALSE	1
OG_0013825	NA	NA	FALSE	0	0	FALSE	FALSE	1
OG_0013848	NA	NA	FALSE	0	0	FALSE	FALSE	1
OG_0013871	NA	NA	FALSE	0	0	FALSE	FALSE	1
OG_0013872	NA	NA	FALSE	0	0	FALSE	FALSE	1
OG_0013893	NA	NA	FALSE	0	0	FALSE	FALSE	1
OG_0013900	NA	NA	FALSE	0	0	FALSE	FALSE	1
OG_0013911	Mrpl1	Mrpl1	TRUE	1	0	FALSE	FALSE	1
OG_0013921	NA	NA	FALSE	0	0	FALSE	FALSE	1
OG_0013944	NA	NA	FALSE	0	0	FALSE	FALSE	1
OG_0013959	NA	NA	FALSE	0	0	FALSE	FALSE	1
OG_0013960	NA	NA	FALSE	0	0	FALSE	FALSE	1
OG_0013971	NA	NA	FALSE	0	0	FALSE	FALSE	1
OG_0013975	NA	NA	FALSE	0	0	FALSE	FALSE	1
OG_0013981	NA	NA	FALSE	0	0	FALSE	FALSE	1
OG_0014040	NA	NA	FALSE	0	0	FALSE	FALSE	1
OG_0014059	NA	NA	FALSE	0	0	FALSE	FALSE	1
OG_0014070	NA	NA	FALSE	0	0	TRUE	FALSE	1
OG_0014081	NA	NA	FALSE	0	0	FALSE	FALSE	1
OG_0014092	NA	NA	FALSE	0	0	FALSE	FALSE	1
OG_0014095	NA	NA	FALSE	0	0	FALSE	FALSE	1
OG_0014107	NA	NA	FALSE	0	0	FALSE	FALSE	1
OG_0014148	NA	NA	FALSE	0	0	FALSE	FALSE	1
OG_0014198	NA	NA	FALSE	0	0	FALSE	FALSE	1
OG_0014280	NA	NA	FALSE	0	0	FALSE	FALSE	1
OG_0014281	NA	NA	FALSE	0	0	FALSE	FALSE	1
OG_0014355	NA	NA	FALSE	0	0	FALSE	FALSE	1
OG_0014410	NA	NA	FALSE	0	0	FALSE	FALSE	1
OG_0014466	NA	NA	FALSE	0	0	FALSE	FALSE	1
OG_0014476	NA	NA	FALSE	0	0	FALSE	FALSE	1
OG_0014483	NA	NA	FALSE	0	0	FALSE	FALSE	1
OG_0014493	NA	NA	FALSE	0	0	FALSE	FALSE	1
OG_0014494	NA	NA	FALSE	0	0	FALSE	FALSE	1
OG_0014495	NA	NA	FALSE	0	0	FALSE	FALSE	1
OG_0014516	NA	NA	FALSE	0	0	FALSE	FALSE	1
OG_0014529	NA	NA	FALSE	0	0	FALSE	FALSE	1
OG_0014536	NA	NA	FALSE	0	0	FALSE	FALSE	1
OG_0014569	NA	NA	FALSE	0	0	FALSE	FALSE	1
OG_0014585	NA	NA	FALSE	0	0	FALSE	FALSE	1
OG_0014622	NA	NA	FALSE	0	0	FALSE	FALSE	1
OG_0014656	NA	NA	FALSE	0	0	FALSE	FALSE	1
OG_0014657	NA	NA	FALSE	0	0	FALSE	FALSE	1
OG_0014668	VRK3	XM_015294754.4.85	TRUE	1	0	FALSE	FALSE	1
OG_0014695	NA	NA	FALSE	0	0	FALSE	FALSE	1
OG_0014703	NA	NA	FALSE	0	0	FALSE	FALSE	1
OG_0014707	NA	NA	FALSE	0	0	FALSE	FALSE	1
OG_0014726	NA	NA	FALSE	0	0	FALSE	FALSE	1
OG_0014734	NA	NA	FALSE	0	0	FALSE	FALSE	1
OG_0014745	NA	NA	FALSE	0	0	FALSE	FALSE	1
OG_0014747	NA	NA	FALSE	0	0	FALSE	FALSE	1
OG_0014758	NA	NA	FALSE	0	0	FALSE	FALSE	1
OG_0014791	NA	NA	FALSE	0	0	FALSE	FALSE	1
OG_0014809	NA	NA	FALSE	0	0	FALSE	FALSE	1
OG_0014824	NA	NA	FALSE	0	0	FALSE	FALSE	1
OG_0014825	NA	NA	FALSE	0	0	FALSE	FALSE	1
OG_0014875	NA	NA	FALSE	0	0	FALSE	FALSE	1
OG_0014876	NA	NA	FALSE	0	0	FALSE	FALSE	1
OG_0014895	NA	NA	FALSE	0	0	FALSE	FALSE	1
OG_0014943	NA	NA	FALSE	0	0	FALSE	FALSE	1
OG_0014961	NA	NA	FALSE	0	0	FALSE	FALSE	1
OG_0014979	NA	NA	FALSE	0	0	FALSE	FALSE	1
OG_0014998	NA	NA	FALSE	0	0	FALSE	FALSE	1
OG_0015026	NA	NA	FALSE	0	0	FALSE	FALSE	1
OG_0015059	NA	NA	FALSE	0	0	FALSE	FALSE	1
OG_0015076	NA	NA	FALSE	0	0	FALSE	FALSE	1
OG_0015083	NA	NA	FALSE	0	0	FALSE	FALSE	1
OG_0015091	NA	NA	FALSE	0	0	FALSE	FALSE	1
OG_0015094	NA	NA	FALSE	0	0	FALSE	FALSE	1
OG_0015099	NA	NA	FALSE	0	0	FALSE	FALSE	1
OG_0015101	NA	NA	FALSE	0	0	TRUE	FALSE	1
OG_0015102	NA	NA	FALSE	0	0	FALSE	FALSE	1
OG_0015143	NA	NA	FALSE	0	0	TRUE	FALSE	1
OG_0015164	NA	NA	FALSE	0	0	FALSE	FALSE	1
OG_0015197	NA	NA	FALSE	0	0	FALSE	FALSE	1
OG_0015266	NA	NA	FALSE	0	0	FALSE	FALSE	1
OG_0015269	NA	NA	FALSE	0	0	FALSE	FALSE	1
OG_0015271	NA	NA	FALSE	0	0	FALSE	FALSE	1
OG_0015296	NA	NA	FALSE	0	0	FALSE	FALSE	1
OG_0015383	SF3A1	SF3A1	TRUE	1	0	FALSE	FALSE	1
OG_0015443	NA	NA	FALSE	0	0	FALSE	FALSE	1
OG_0015446	NA	NA	FALSE	0	0	FALSE	FALSE	1
OG_0015464	NA	NA	FALSE	0	0	FALSE	FALSE	1
OG_0015493	NA	NA	FALSE	0	0	FALSE	FALSE	1
OG_0015508	NA	NA	FALSE	0	0	FALSE	FALSE	1
OG_0015509	NA	NA	FALSE	0	0	FALSE	FALSE	1
OG_0015517	NA	NA	FALSE	0	0	FALSE	FALSE	1
OG_0015540	NA	NA	FALSE	0	0	FALSE	FALSE	1
OG_0015595	NA	NA	FALSE	0	0	FALSE	FALSE	1
OG_0015657	NA	NA	FALSE	0	0	FALSE	FALSE	1
OG_0015693	NA	NA	FALSE	0	0	FALSE	FALSE	1
OG_0015701	NA	NA	FALSE	0	0	FALSE	FALSE	1
OG_0015721	NA	NA	FALSE	0	0	FALSE	FALSE	1
OG_0015730	NA	NA	FALSE	0	0	FALSE	FALSE	1
OG_0015731	NA	NA	FALSE	0	0	FALSE	FALSE	1
OG_0015766	NA	NA	FALSE	0	0	FALSE	FALSE	1
OG_0015771	NA	NA	FALSE	0	0	FALSE	FALSE	1
OG_0015790	NA	NA	FALSE	0	0	FALSE	FALSE	1
OG_0015791	NA	NA	FALSE	0	0	FALSE	FALSE	1
OG_0015802	NA	NA	FALSE	0	0	FALSE	FALSE	1
OG_0015804	NA	NA	FALSE	0	0	FALSE	FALSE	1
OG_0015813	NA	NA	FALSE	0	0	FALSE	FALSE	1
OG_0015814	NA	NA	FALSE	0	0	FALSE	FALSE	1
OG_0015817	NA	NA	FALSE	0	0	FALSE	FALSE	1
OG_0015864	NA	NA	FALSE	0	0	FALSE	FALSE	1
OG_0015922	NA	NA	FALSE	0	0	FALSE	FALSE	1
OG_0015934	NA	NA	FALSE	0	0	FALSE	FALSE	1
OG_0015943	NA	NA	FALSE	0	0	FALSE	FALSE	1
OG_0015945	NA	NA	FALSE	0	0	FALSE	FALSE	1
OG_0015978	NA	NA	FALSE	0	0	FALSE	FALSE	1
OG_0015991	NA	NA	FALSE	0	0	FALSE	FALSE	1
OG_0016019	NA	NA	FALSE	0	0	FALSE	FALSE	1
OG_0016033	NA	NA	FALSE	0	0	FALSE	FALSE	1
OG_0016061	NA	NA	FALSE	0	0	TRUE	FALSE	1
OG_0016120	NA	NA	FALSE	0	0	FALSE	FALSE	1
OG_0016123	NA	NA	FALSE	0	0	TRUE	FALSE	1
OG_0016130	NA	NA	FALSE	0	0	FALSE	FALSE	1
OG_0016140	NA	NA	FALSE	0	0	FALSE	FALSE	1
OG_0016142	NA	NA	FALSE	0	0	FALSE	FALSE	1
OG_0016143	NA	NA	FALSE	0	0	FALSE	FALSE	1
OG_0016170	NA	NA	FALSE	0	0	FALSE	FALSE	1
OG_0016180	NA	NA	FALSE	0	0	FALSE	FALSE	1
OG_0016181	NA	NA	FALSE	0	0	FALSE	FALSE	1
OG_0016182	NA	NA	FALSE	0	0	FALSE	FALSE	1
OG_0016183	NA	NA	FALSE	0	0	FALSE	FALSE	1
OG_0016204	NA	NA	FALSE	0	0	FALSE	FALSE	1
OG_0016221	NA	NA	FALSE	0	0	FALSE	FALSE	1
OG_0016237	NA	NA	FALSE	0	0	FALSE	FALSE	1
OG_0016284	NA	NA	FALSE	0	0	FALSE	FALSE	1
OG_0016285	NA	NA	FALSE	0	0	TRUE	FALSE	1
OG_0016289	NA	NA	FALSE	0	0	FALSE	FALSE	1
OG_0016290	NA	NA	FALSE	0	0	FALSE	FALSE	1
OG_0016295	NA	NA	FALSE	0	0	FALSE	FALSE	1
OG_0016304	NA	NA	FALSE	0	0	FALSE	FALSE	1
OG_0016339	NA	NA	FALSE	0	0	FALSE	FALSE	1
OG_0016353	NA	NA	FALSE	0	0	FALSE	FALSE	1
OG_0016367	NA	NA	FALSE	0	0	FALSE	FALSE	1
OG_0016395	NA	NA	FALSE	0	0	FALSE	FALSE	1
OG_0016397	NA	NA	FALSE	0	0	FALSE	FALSE	1
OG_0016405	NA	NA	FALSE	0	0	FALSE	FALSE	1
OG_0016458	NA	NA	FALSE	0	0	FALSE	FALSE	1
OG_0016463	NA	NA	FALSE	0	0	FALSE	FALSE	1
OG_0016467	NA	NA	FALSE	0	0	FALSE	FALSE	1
OG_0016477	NA	NA	FALSE	0	0	FALSE	FALSE	1
OG_0016503	NA	NA	FALSE	0	0	FALSE	FALSE	1
OG_0016505	NA	NA	FALSE	0	0	FALSE	FALSE	1
OG_0016506	NA	NA	FALSE	0	0	FALSE	FALSE	1
OG_0016509	NA	NA	FALSE	0	0	FALSE	FALSE	1
OG_0016519	NA	NA	FALSE	0	0	FALSE	FALSE	1
OG_0016527	NA	NA	FALSE	0	0	FALSE	FALSE	1
OG_0016551	NA	NA	FALSE	0	0	FALSE	FALSE	1
OG_0016553	NA	NA	FALSE	0	0	FALSE	FALSE	1
OG_0016555	NA	NA	FALSE	0	0	FALSE	FALSE	1
OG_0016569	NA	NA	FALSE	0	0	FALSE	FALSE	1
OG_0016579	NA	NA	FALSE	0	0	FALSE	FALSE	1
OG_0016604	NA	NA	FALSE	0	0	FALSE	FALSE	1
OG_0016626	NA	NA	FALSE	0	0	FALSE	FALSE	1
OG_0016674	NA	NA	FALSE	0	0	FALSE	FALSE	1
OG_0016679	NA	NA	FALSE	0	0	FALSE	FALSE	1
OG_0016700	NA	NA	FALSE	0	0	FALSE	FALSE	1
OG_0016705	NA	NA	FALSE	0	0	FALSE	FALSE	1
OG_0016718	NA	NA	FALSE	0	0	FALSE	FALSE	1
OG_0016721	NA	NA	FALSE	0	0	FALSE	FALSE	1
OG_0016737	NA	NA	FALSE	0	0	FALSE	FALSE	1
OG_0016742	NA	NA	FALSE	0	0	FALSE	FALSE	1
OG_0016803	NA	NA	FALSE	0	0	FALSE	FALSE	1
OG_0016813	NA	NA	FALSE	0	0	FALSE	FALSE	1
OG_0016825	NA	NA	FALSE	0	0	FALSE	FALSE	1
OG_0016837	NA	NA	FALSE	0	0	FALSE	FALSE	1
OG_0016843	NA	NA	FALSE	0	0	FALSE	FALSE	1
OG_0016892	NA	NA	FALSE	0	0	FALSE	FALSE	1
OG_0016908	NA	NA	FALSE	0	0	FALSE	FALSE	1
OG_0016928	NA	NA	FALSE	0	0	FALSE	FALSE	1
OG_0016932	NA	NA	FALSE	0	0	FALSE	FALSE	1
OG_0016936	NA	NA	FALSE	0	0	FALSE	FALSE	1
OG_0016938	NA	NA	FALSE	0	0	FALSE	FALSE	1
OG_0016947	NA	NA	FALSE	0	0	FALSE	FALSE	1
OG_0016954	NA	NA	FALSE	0	0	FALSE	FALSE	1
OG_0016971	NA	NA	FALSE	0	0	FALSE	FALSE	1
OG_0016974	NA	NA	FALSE	0	0	FALSE	FALSE	1
OG_0016975	NA	NA	FALSE	0	0	FALSE	FALSE	1
OG_0016989	NA	NA	FALSE	0	0	FALSE	FALSE	1
OG_0016999	NA	NA	FALSE	0	0	FALSE	FALSE	1
OG_0017004	NA	NA	FALSE	0	0	FALSE	FALSE	1
OG_0017005	NA	NA	FALSE	0	0	FALSE	FALSE	1
OG_0017019	NA	NA	FALSE	0	0	FALSE	FALSE	1
OG_0017024	NA	NA	FALSE	0	0	FALSE	FALSE	1
OG_0017034	NA	NA	FALSE	0	0	FALSE	FALSE	1
OG_0017110	NA	NA	FALSE	0	0	FALSE	FALSE	1
OG_0017114	NA	NA	FALSE	0	0	FALSE	FALSE	1
OG_0017169	NA	NA	FALSE	0	0	FALSE	FALSE	1
OG_0017172	NA	NA	FALSE	0	0	FALSE	FALSE	1
OG_0017185	NA	NA	FALSE	0	0	FALSE	FALSE	1
OG_0017190	NA	NA	FALSE	0	0	FALSE	FALSE	1
OG_0017198	NA	NA	FALSE	0	0	FALSE	FALSE	1
OG_0017204	NA	NA	FALSE	0	0	FALSE	FALSE	1
OG_0017213	NA	NA	FALSE	0	0	FALSE	FALSE	1
OG_0017226	NA	NA	FALSE	0	0	FALSE	FALSE	1
OG_0017244	NA	NA	FALSE	0	0	FALSE	FALSE	1
OG_0017254	NA	NA	FALSE	0	0	FALSE	FALSE	1
OG_0017284	NA	NA	FALSE	0	0	FALSE	FALSE	1
OG_0017293	NA	NA	FALSE	0	0	FALSE	FALSE	1
OG_0017306	NA	NA	FALSE	0	0	FALSE	FALSE	1
OG_0017330	NA	NA	FALSE	0	0	FALSE	FALSE	1
OG_0017334	NA	NA	FALSE	0	0	FALSE	FALSE	1
OG_0017378	NA	NA	FALSE	0	0	FALSE	FALSE	1
OG_0017432	NA	NA	FALSE	0	0	FALSE	FALSE	1
OG_0017468	NA	NA	FALSE	0	0	FALSE	FALSE	1
OG_0017471	NA	NA	FALSE	0	0	FALSE	FALSE	1
OG_0017503	NA	NA	FALSE	0	0	FALSE	FALSE	1
OG_0017507	NA	NA	FALSE	0	0	FALSE	FALSE	1
OG_0017513	NA	NA	FALSE	0	0	FALSE	FALSE	1
OG_0017533	NA	NA	FALSE	0	0	FALSE	FALSE	1
OG_0017561	NA	NA	FALSE	0	0	FALSE	FALSE	1
OG_0017562	NA	NA	FALSE	0	0	FALSE	FALSE	1
OG_0017581	NA	NA	FALSE	0	0	FALSE	FALSE	1
OG_0017586	NA	NA	FALSE	0	0	FALSE	FALSE	1
OG_0017590	NA	NA	FALSE	0	0	FALSE	FALSE	1
OG_0017592	NA	NA	FALSE	0	0	FALSE	FALSE	1
OG_0017598	MOCS3	XM_072917088.1.33	TRUE	2	1	FALSE	FALSE	1
OG_0017599	NA	NA	FALSE	0	0	FALSE	FALSE	1
OG_0017601	NA	NA	FALSE	0	0	FALSE	FALSE	1
OG_0017680	NA	NA	FALSE	0	0	FALSE	FALSE	1
OG_0017699	NA	NA	FALSE	0	0	FALSE	FALSE	1
OG_0017738	NA	NA	FALSE	0	0	FALSE	FALSE	1
OG_0017752	NA	NA	FALSE	0	0	FALSE	FALSE	1
OG_0017772	NA	NA	FALSE	0	0	FALSE	FALSE	1
OG_0017780	NA	NA	FALSE	0	0	FALSE	FALSE	1
OG_0017785	NA	NA	FALSE	0	0	FALSE	FALSE	1
OG_0017789	NA	NA	FALSE	0	0	FALSE	FALSE	1
OG_0017806	NA	NA	FALSE	0	0	FALSE	FALSE	1
OG_0017809	NA	NA	FALSE	0	0	FALSE	FALSE	1
OG_0017811	NA	NA	FALSE	0	0	FALSE	FALSE	1
OG_0017812	NA	NA	FALSE	0	0	FALSE	FALSE	1
OG_0018008	NA	NA	FALSE	0	0	FALSE	FALSE	1
OG_0018043	NA	NA	FALSE	0	0	FALSE	FALSE	1
OG_0018051	NA	NA	FALSE	0	0	FALSE	FALSE	1
OG_0018052	NA	NA	FALSE	0	0	FALSE	FALSE	1
OG_0018077	NA	NA	FALSE	0	0	FALSE	FALSE	1
OG_0018092	NA	NA	FALSE	0	0	FALSE	FALSE	1
OG_0018102	NA	NA	FALSE	0	0	FALSE	FALSE	1
OG_0018109	NA	NA	FALSE	0	0	FALSE	FALSE	1
OG_0018112	NA	NA	FALSE	0	0	FALSE	FALSE	1
OG_0018133	NA	NA	FALSE	0	0	FALSE	FALSE	1
OG_0018135	NA	NA	FALSE	0	0	FALSE	FALSE	1
OG_0018137	NA	NA	FALSE	0	0	FALSE	FALSE	1
OG_0018148	NA	NA	FALSE	0	0	FALSE	FALSE	1
OG_0018150	NA	NA	FALSE	0	0	FALSE	FALSE	1
OG_0018154	NA	NA	FALSE	0	0	FALSE	FALSE	1
OG_0018159	NA	NA	FALSE	0	0	FALSE	FALSE	1
OG_0018160	NA	NA	FALSE	0	0	FALSE	FALSE	1
OG_0018357	NA	NA	FALSE	0	0	FALSE	FALSE	1
OG_0018361	NA	NA	FALSE	0	0	FALSE	FALSE	1
OG_0018371	NA	NA	FALSE	0	0	FALSE	FALSE	1
OG_0018385	NA	NA	FALSE	0	0	FALSE	FALSE	1
OG_0018416	NA	NA	FALSE	0	0	FALSE	FALSE	1
OG_0018419	NA	NA	FALSE	0	0	FALSE	FALSE	1
OG_0018420	NA	NA	FALSE	0	0	FALSE	FALSE	1
OG_0018437	NA	NA	FALSE	0	0	FALSE	FALSE	1
OG_0018448	NA	NA	FALSE	0	0	FALSE	FALSE	1
OG_0018452	NA	NA	FALSE	0	0	TRUE	FALSE	1
OG_0018454	NA	NA	FALSE	0	0	FALSE	FALSE	1
OG_0018456	NA	NA	FALSE	0	0	FALSE	FALSE	1
OG_0018468	NA	NA	FALSE	0	0	FALSE	FALSE	1
OG_0018471	NA	NA	FALSE	0	0	FALSE	FALSE	1
OG_0018477	NA	NA	FALSE	0	0	FALSE	FALSE	1
OG_0018481	NA	NA	FALSE	0	0	FALSE	FALSE	1
OG_0018561	NA	NA	FALSE	0	0	FALSE	FALSE	1
OG_0018566	NA	NA	FALSE	0	0	TRUE	FALSE	1
OG_0018615	NA	NA	FALSE	0	0	FALSE	FALSE	1
OG_0018619	NA	NA	FALSE	0	0	FALSE	FALSE	1
OG_0018622	NA	NA	FALSE	0	0	FALSE	FALSE	1
OG_0018661	NA	NA	FALSE	0	0	FALSE	FALSE	1
OG_0018680	NA	NA	FALSE	0	0	FALSE	FALSE	1
OG_0018700	NA	NA	FALSE	0	0	FALSE	FALSE	1
OG_0018721	NA	NA	FALSE	0	0	FALSE	FALSE	1
OG_0018738	NA	NA	FALSE	0	0	FALSE	FALSE	1
OG_0018756	NA	NA	FALSE	0	0	FALSE	FALSE	1
OG_0018838	NA	NA	FALSE	0	0	FALSE	FALSE	1
OG_0018843	NA	NA	FALSE	0	0	FALSE	FALSE	1
OG_0018884	NA	NA	FALSE	0	0	FALSE	FALSE	1
OG_0018921	NA	NA	FALSE	0	0	FALSE	FALSE	1
OG_0018922	NA	NA	FALSE	0	0	FALSE	FALSE	1
OG_0018928	NA	NA	FALSE	0	0	FALSE	FALSE	1
OG_0018971	NA	NA	FALSE	0	0	FALSE	FALSE	1
OG_0019208	NA	NA	FALSE	0	0	FALSE	FALSE	1
OG_0019217	NA	NA	FALSE	0	0	FALSE	FALSE	1
OG_0019218	NA	NA	FALSE	0	0	FALSE	FALSE	1
OG_0019223	NA	NA	FALSE	0	0	FALSE	FALSE	1
OG_0019230	NA	NA	FALSE	0	0	FALSE	FALSE	1
OG_0019235	NA	NA	FALSE	0	0	FALSE	FALSE	1
OG_0019236	NA	NA	FALSE	0	0	FALSE	FALSE	1
OG_0019240	NA	NA	FALSE	0	0	FALSE	FALSE	1
OG_0019245	NA	NA	FALSE	0	0	FALSE	FALSE	1
OG_0019247	NA	NA	FALSE	0	0	FALSE	FALSE	1
OG_0019272	NA	NA	FALSE	0	0	FALSE	FALSE	1
OG_0019327	NA	NA	FALSE	0	0	FALSE	FALSE	1
OG_0019334	NA	NA	FALSE	0	0	FALSE	FALSE	1
OG_0019341	NA	NA	FALSE	0	0	FALSE	FALSE	1
OG_0019346	NA	NA	FALSE	0	0	FALSE	FALSE	1
OG_0019349	NA	NA	FALSE	0	0	FALSE	FALSE	1
OG_0019369	NA	NA	FALSE	0	0	FALSE	FALSE	1
OG_0019393	NA	NA	FALSE	0	0	FALSE	FALSE	1
OG_0019398	NA	NA	FALSE	0	0	FALSE	FALSE	1
OG_0019431	NA	NA	FALSE	0	0	FALSE	FALSE	1
OG_0019463	NA	NA	FALSE	0	0	FALSE	FALSE	1
OG_0019464	NA	NA	FALSE	0	0	FALSE	FALSE	1
OG_0019479	NA	NA	FALSE	0	0	FALSE	FALSE	1
OG_0019491	NA	NA	FALSE	0	0	FALSE	FALSE	1
OG_0019495	NA	NA	FALSE	0	0	FALSE	FALSE	1
OG_0019513	NA	NA	FALSE	0	0	FALSE	FALSE	1
OG_0019518	NA	NA	FALSE	0	0	FALSE	FALSE	1
OG_0019550	NA	NA	FALSE	0	0	FALSE	FALSE	1
OG_0019558	NA	NA	FALSE	0	0	FALSE	FALSE	1
OG_0019569	NA	NA	FALSE	0	0	FALSE	FALSE	1
OG_0019676	NA	NA	FALSE	0	0	FALSE	FALSE	1
OG_0019680	NA	NA	FALSE	0	0	FALSE	FALSE	1
OG_0019699	NA	NA	FALSE	0	0	FALSE	FALSE	1
OG_0019708	NA	NA	FALSE	0	0	FALSE	FALSE	1
OG_0019709	NA	NA	FALSE	0	0	FALSE	FALSE	1
OG_0019736	NA	NA	FALSE	0	0	FALSE	FALSE	1
OG_0019751	NA	NA	FALSE	0	0	FALSE	FALSE	1
OG_0019760	NA	NA	FALSE	0	0	FALSE	FALSE	1
OG_0019772	NA	NA	FALSE	0	0	FALSE	FALSE	1
OG_0019776	NA	NA	FALSE	0	0	FALSE	FALSE	1
OG_0019811	NA	NA	FALSE	0	0	FALSE	FALSE	1
OG_0019863	NA	NA	FALSE	0	0	FALSE	FALSE	1
OG_0019968	NA	NA	FALSE	0	0	FALSE	FALSE	1
OG_0019973	NA	NA	FALSE	0	0	FALSE	FALSE	1
OG_0019976	NA	NA	FALSE	0	0	FALSE	FALSE	1
OG_0019980	NA	NA	FALSE	0	0	FALSE	FALSE	1
OG_0019986	NA	NA	FALSE	0	0	FALSE	FALSE	1
OG_0020003	NA	NA	FALSE	0	0	FALSE	FALSE	1
OG_0020008	NA	NA	FALSE	0	0	FALSE	FALSE	1
OG_0020026	NA	NA	FALSE	0	0	FALSE	FALSE	1
OG_0020030	NA	NA	FALSE	0	0	FALSE	FALSE	1
OG_0020032	NA	NA	FALSE	0	0	FALSE	FALSE	1
OG_0020033	NA	NA	FALSE	0	0	FALSE	FALSE	1
OG_0020035	NA	NA	FALSE	0	0	FALSE	FALSE	1
OG_0020055	NA	NA	FALSE	0	0	FALSE	FALSE	1
OG_0020081	NA	NA	FALSE	0	0	FALSE	FALSE	1
OG_0020091	NA	NA	FALSE	0	0	FALSE	FALSE	1
OG_0020106	NA	NA	FALSE	0	0	FALSE	FALSE	1
OG_0020207	NA	NA	FALSE	0	0	FALSE	FALSE	1
OG_0020216	NA	NA	FALSE	0	0	FALSE	FALSE	1
OG_0020226	NA	NA	FALSE	0	0	FALSE	FALSE	1
OG_0020237	NA	NA	FALSE	0	0	FALSE	FALSE	1
OG_0020248	NA	NA	FALSE	0	0	FALSE	FALSE	1
OG_0020251	NA	NA	FALSE	0	0	FALSE	FALSE	1
OG_0020252	NA	NA	FALSE	0	0	FALSE	FALSE	1
OG_0020280	NA	NA	FALSE	0	0	FALSE	FALSE	1
OG_0020286	NA	NA	FALSE	0	0	FALSE	FALSE	1
OG_0020295	NA	NA	FALSE	0	0	FALSE	FALSE	1
OG_0020357	NA	NA	FALSE	0	0	FALSE	FALSE	1
OG_0020365	NA	NA	FALSE	0	0	FALSE	FALSE	1
OG_0020366	NA	NA	FALSE	0	0	FALSE	FALSE	1
OG_0020372	NA	NA	FALSE	0	0	FALSE	FALSE	1
OG_0020395	NA	NA	FALSE	0	0	FALSE	FALSE	1
OG_0020409	NA	NA	FALSE	0	0	FALSE	FALSE	1
OG_0020468	NA	NA	FALSE	0	0	FALSE	FALSE	1
OG_0020500	NA	NA	FALSE	0	0	FALSE	FALSE	1
OG_0020508	NA	NA	FALSE	0	0	FALSE	FALSE	1
OG_0020510	NA	NA	FALSE	0	0	FALSE	FALSE	1
OG_0020519	NA	NA	FALSE	0	0	FALSE	FALSE	1
OG_0020521	NA	NA	FALSE	0	0	FALSE	FALSE	1
OG_0020527	NA	NA	FALSE	0	0	FALSE	FALSE	1
OG_0020539	NA	NA	FALSE	0	0	FALSE	FALSE	1
OG_0020549	NA	NA	FALSE	0	0	FALSE	FALSE	1
OG_0020555	NA	NA	FALSE	0	0	FALSE	FALSE	1
OG_0020588	NA	NA	FALSE	0	0	FALSE	FALSE	1
OG_0020601	NA	NA	FALSE	0	0	FALSE	FALSE	1
OG_0020602	NA	NA	FALSE	0	0	FALSE	FALSE	1
OG_0020640	NA	NA	FALSE	0	0	FALSE	FALSE	1
OG_0020641	NA	NA	FALSE	0	0	FALSE	FALSE	1
OG_0020651	NA	NA	FALSE	0	0	FALSE	FALSE	1
OG_0020653	NA	NA	FALSE	0	0	FALSE	FALSE	1
OG_0020665	NA	NA	FALSE	0	0	FALSE	FALSE	1
OG_0020733	NA	NA	FALSE	0	0	TRUE	FALSE	1
OG_0020789	NA	NA	FALSE	0	0	FALSE	FALSE	1
OG_0020801	NA	NA	FALSE	0	0	FALSE	FALSE	1
OG_0020803	NA	NA	FALSE	0	0	FALSE	FALSE	1
OG_0020825	NA	NA	FALSE	0	0	FALSE	FALSE	1
OG_0020831	NA	NA	FALSE	0	0	FALSE	FALSE	1
OG_0020832	NA	NA	FALSE	0	0	FALSE	FALSE	1
OG_0020835	NA	NA	FALSE	0	0	FALSE	FALSE	1
OG_0020840	NA	NA	FALSE	0	0	FALSE	FALSE	1
OG_0020869	NA	NA	FALSE	0	0	FALSE	FALSE	1
OG_0020878	NA	NA	FALSE	0	0	FALSE	FALSE	1
OG_0020880	NA	NA	FALSE	0	0	FALSE	FALSE	1
OG_0020882	NA	NA	FALSE	0	0	FALSE	FALSE	1
OG_0020897	NA	NA	FALSE	0	0	FALSE	FALSE	1
OG_0020940	NA	NA	FALSE	0	0	FALSE	FALSE	1
OG_0020944	NA	NA	FALSE	0	0	FALSE	FALSE	1
OG_0020950	NA	NA	FALSE	0	0	FALSE	FALSE	1
OG_0020951	NA	NA	FALSE	0	0	FALSE	FALSE	1
OG_0020959	NA	NA	FALSE	0	0	FALSE	FALSE	1
OG_0020961	NA	NA	FALSE	0	0	FALSE	FALSE	1
OG_0021074	NA	NA	FALSE	0	0	FALSE	FALSE	1
OG_0021086	NA	NA	FALSE	0	0	FALSE	FALSE	1
OG_0021087	NA	NA	FALSE	0	0	FALSE	FALSE	1
OG_0021089	NA	NA	FALSE	0	0	FALSE	FALSE	1
OG_0021111	NA	NA	FALSE	0	0	FALSE	FALSE	1
OG_0021135	NA	NA	FALSE	0	0	FALSE	FALSE	1
OG_0021156	NA	NA	FALSE	0	0	FALSE	FALSE	1
OG_0021214	NA	NA	FALSE	0	0	FALSE	FALSE	1
OG_0021218	NA	NA	FALSE	0	0	FALSE	FALSE	1
OG_0021294	NA	NA	FALSE	0	0	FALSE	FALSE	1
OG_0021376	NA	NA	FALSE	0	0	FALSE	FALSE	1
OG_0021393	NA	NA	FALSE	0	0	FALSE	FALSE	1
OG_0021401	NA	NA	FALSE	0	0	FALSE	FALSE	1
OG_0021416	NA	NA	FALSE	0	0	FALSE	FALSE	1
OG_0021421	NA	NA	FALSE	0	0	TRUE	FALSE	1
OG_0021424	NA	NA	FALSE	0	0	FALSE	FALSE	1
OG_0021430	NA	NA	FALSE	0	0	FALSE	FALSE	1
OG_0021434	NA	NA	FALSE	0	0	FALSE	FALSE	1
OG_0021491	NA	NA	FALSE	0	0	FALSE	FALSE	1
OG_0021492	NA	NA	FALSE	0	0	FALSE	FALSE	1
OG_0021506	NA	NA	FALSE	0	0	FALSE	FALSE	1
OG_0021514	NA	NA	FALSE	0	0	FALSE	FALSE	1
OG_0021517	NA	NA	FALSE	0	0	FALSE	FALSE	1
OG_0021547	NA	NA	FALSE	0	0	FALSE	FALSE	1
OG_0021561	NA	NA	FALSE	0	0	FALSE	FALSE	1
OG_0021732	NA	NA	FALSE	0	0	FALSE	FALSE	1
OG_0021752	NA	NA	FALSE	0	0	FALSE	FALSE	1
OG_0021777	NA	NA	FALSE	0	0	FALSE	FALSE	1
OG_0021781	NA	NA	FALSE	0	0	FALSE	FALSE	1
OG_0021811	NA	NA	FALSE	0	0	FALSE	FALSE	1
OG_0021817	NA	NA	FALSE	0	0	FALSE	FALSE	1
OG_0021820	NA	NA	FALSE	0	0	FALSE	FALSE	1
OG_0021835	NA	NA	FALSE	0	0	FALSE	FALSE	1
OG_0021841	NA	NA	FALSE	0	0	FALSE	FALSE	1
OG_0021972	NA	NA	FALSE	0	0	FALSE	FALSE	1
OG_0022033	NA	NA	FALSE	0	0	FALSE	FALSE	1
OG_0022061	NA	NA	FALSE	0	0	FALSE	FALSE	1
OG_0022062	NA	NA	FALSE	0	0	FALSE	FALSE	1
OG_0022073	NA	NA	FALSE	0	0	FALSE	FALSE	1
OG_0022077	NA	NA	FALSE	0	0	FALSE	FALSE	1
OG_0022080	NA	NA	FALSE	0	0	FALSE	FALSE	1
OG_0022087	NA	NA	FALSE	0	0	FALSE	FALSE	1
OG_0022111	NA	NA	FALSE	0	0	FALSE	FALSE	1
OG_0022124	NA	NA	FALSE	0	0	FALSE	FALSE	1
OG_0022129	NA	NA	FALSE	0	0	FALSE	FALSE	1
OG_0022147	NA	NA	FALSE	0	0	FALSE	FALSE	1
OG_0022153	NA	NA	FALSE	0	0	FALSE	FALSE	1
OG_0022157	NA	NA	FALSE	0	0	FALSE	FALSE	1
OG_0022160	NA	NA	FALSE	0	0	FALSE	FALSE	1
OG_0022167	NA	NA	FALSE	0	0	FALSE	FALSE	1
OG_0022168	NA	NA	FALSE	0	0	FALSE	FALSE	1
OG_0022172	NA	NA	FALSE	0	0	FALSE	FALSE	1
OG_0022173	NA	NA	FALSE	0	0	FALSE	FALSE	1
OG_0022177	NA	NA	FALSE	0	0	FALSE	FALSE	1
OG_0022178	NA	NA	FALSE	0	0	FALSE	FALSE	1
OG_0022464	NA	NA	FALSE	0	0	FALSE	FALSE	1
OG_0022491	NA	NA	FALSE	0	0	FALSE	FALSE	1
OG_0022512	NA	NA	FALSE	0	0	FALSE	FALSE	1
OG_0022516	NA	NA	FALSE	0	0	FALSE	FALSE	1
OG_0022523	NA	NA	FALSE	0	0	FALSE	FALSE	1
OG_0022525	NA	NA	FALSE	0	0	FALSE	FALSE	1
OG_0022531	NA	NA	FALSE	0	0	FALSE	FALSE	1
OG_0022535	NA	NA	FALSE	0	0	FALSE	FALSE	1
OG_0022545	NA	NA	FALSE	0	0	FALSE	FALSE	1
OG_0022703	NA	NA	FALSE	0	0	TRUE	FALSE	1
OG_0022890	NA	NA	FALSE	0	0	FALSE	FALSE	1
OG_0022899	NA	NA	FALSE	0	0	FALSE	FALSE	1
OG_0022900	NA	NA	FALSE	0	0	FALSE	FALSE	1
OG_0022912	NA	NA	FALSE	0	0	FALSE	FALSE	1
OG_0022913	NA	NA	FALSE	0	0	FALSE	FALSE	1
OG_0022918	NA	NA	FALSE	0	0	FALSE	FALSE	1
OG_0022919	NA	NA	FALSE	0	0	FALSE	FALSE	1
OG_0022936	NA	NA	FALSE	0	0	FALSE	FALSE	1
OG_0022942	NA	NA	FALSE	0	0	FALSE	FALSE	1
OG_0022946	NA	NA	FALSE	0	0	FALSE	FALSE	1
OG_0022955	NA	NA	FALSE	0	0	FALSE	FALSE	1
OG_0022960	NA	NA	FALSE	0	0	FALSE	FALSE	1
OG_0023415	NA	NA	FALSE	0	0	FALSE	FALSE	1
OG_0023417	NA	NA	FALSE	0	0	FALSE	FALSE	1
OG_0023453	NA	NA	FALSE	0	0	FALSE	FALSE	1
OG_0023455	NA	NA	FALSE	0	0	FALSE	FALSE	1
OG_0023458	NA	NA	FALSE	0	0	FALSE	FALSE	1
OG_0023464	NA	NA	FALSE	0	0	FALSE	FALSE	1
OG_0023465	NA	NA	FALSE	0	0	FALSE	FALSE	1
OG_0023475	NA	NA	FALSE	0	0	FALSE	FALSE	1
OG_0023485	NA	NA	FALSE	0	0	FALSE	FALSE	1
OG_0023496	NA	NA	FALSE	0	0	FALSE	FALSE	1
OG_0023891	NA	NA	FALSE	0	0	FALSE	FALSE	1
OG_0025034	NA	NA	FALSE	0	0	FALSE	FALSE	1
OG_0025046	NA	NA	FALSE	0	0	FALSE	FALSE	1
OG_0025055	NA	NA	FALSE	0	0	FALSE	FALSE	1
OG_0025059	NA	NA	FALSE	0	0	FALSE	FALSE	1
OG_0025067	NA	NA	FALSE	0	0	FALSE	FALSE	1
OG_0025237	NA	NA	FALSE	0	0	FALSE	FALSE	1
OG_0025556	NA	NA	FALSE	0	0	FALSE	FALSE	1
OG_0025593	NA	NA	FALSE	0	0	FALSE	FALSE	1
OG_0025603	NA	NA	FALSE	0	0	FALSE	FALSE	1
OG_0025627	NA	NA	FALSE	0	0	FALSE	FALSE	1
OG_0025631	NA	NA	FALSE	0	0	FALSE	FALSE	1
OG_0025635	NA	NA	FALSE	0	0	FALSE	FALSE	1
OG_0025640	NA	NA	FALSE	0	0	FALSE	FALSE	1
OG_0025652	NA	NA	FALSE	0	0	FALSE	FALSE	1
OG_0025660	NA	NA	FALSE	0	0	FALSE	FALSE	1
OG_0025661	NA	NA	FALSE	0	0	FALSE	FALSE	1
OG_0025666	NA	NA	FALSE	0	0	FALSE	FALSE	1
OG_0025998	NA	NA	FALSE	0	0	FALSE	FALSE	1
OG_0026021	NA	NA	FALSE	0	0	FALSE	FALSE	1
OG_0026045	NA	NA	FALSE	0	0	FALSE	FALSE	1
OG_0026050	NA	NA	FALSE	0	0	FALSE	FALSE	1
OG_0026306	NA	NA	FALSE	0	0	FALSE	FALSE	1
OG_0026353	NA	NA	FALSE	0	0	FALSE	FALSE	1
OG_0026654	NA	NA	FALSE	0	0	FALSE	FALSE	1
OG_0026672	NA	NA	FALSE	0	0	FALSE	FALSE	1
OG_0026674	NA	NA	FALSE	0	0	FALSE	FALSE	1
OG_0026712	NA	NA	FALSE	0	0	FALSE	FALSE	1
OG_0026728	NA	NA	FALSE	0	0	FALSE	FALSE	1
OG_0026732	NA	NA	FALSE	0	0	FALSE	FALSE	1
OG_0026774	NA	NA	FALSE	0	0	FALSE	FALSE	1
OG_0026781	NA	NA	FALSE	0	0	FALSE	FALSE	1
OG_0026787	NA	NA	FALSE	0	0	FALSE	FALSE	1
OG_0026885	NA	NA	FALSE	0	0	FALSE	FALSE	1
OG_0026954	NA	NA	FALSE	0	0	FALSE	FALSE	1
OG_0027157	NA	NA	FALSE	0	0	FALSE	FALSE	1
OG_0027158	NA	NA	FALSE	0	0	FALSE	FALSE	1
OG_0027568	NA	NA	FALSE	0	0	FALSE	FALSE	1
OG_0027810	NA	NA	FALSE	0	0	FALSE	FALSE	1
OG_0027813	NA	NA	FALSE	0	0	FALSE	FALSE	1
OG_0027845	NA	NA	FALSE	0	0	FALSE	FALSE	1
OG_0027883	NA	NA	FALSE	0	0	FALSE	FALSE	1
OG_0028025	NA	NA	FALSE	0	0	FALSE	FALSE	1
OG_0028033	NA	NA	FALSE	0	0	FALSE	FALSE	1
OG_0028082	NA	NA	FALSE	0	0	FALSE	FALSE	1
OG_0028086	NA	NA	FALSE	0	0	FALSE	FALSE	1
OG_0028106	NA	NA	FALSE	0	0	FALSE	FALSE	1
OG_0028157	NA	NA	FALSE	0	0	FALSE	FALSE	1
OG_0028827	NA	NA	FALSE	0	0	FALSE	FALSE	1
OG_0028829	NA	NA	FALSE	0	0	FALSE	FALSE	1
OG_0028843	NA	NA	FALSE	0	0	FALSE	FALSE	1
OG_0028846	NA	NA	FALSE	0	0	FALSE	FALSE	1
OG_0028848	NA	NA	FALSE	0	0	FALSE	FALSE	1
OG_0028854	NA	NA	FALSE	0	0	FALSE	FALSE	1
OG_0028865	NA	NA	FALSE	0	0	FALSE	FALSE	1
OG_0028866	NA	NA	FALSE	0	0	FALSE	FALSE	1
OG_0028887	NA	NA	FALSE	0	0	FALSE	FALSE	1
OG_0028895	NA	NA	FALSE	0	0	FALSE	FALSE	1
OG_0028920	NA	NA	FALSE	0	0	FALSE	FALSE	1
OG_0028929	NA	NA	FALSE	0	0	FALSE	FALSE	1
OG_0028975	NA	NA	FALSE	0	0	FALSE	FALSE	1
OG_0028976	NA	NA	FALSE	0	0	TRUE	FALSE	1
OG_0029034	NA	NA	FALSE	0	0	FALSE	FALSE	1
OG_0029044	NA	NA	FALSE	0	0	FALSE	FALSE	1
OG_0029848	NA	NA	FALSE	0	0	FALSE	FALSE	1
OG_0029851	NA	NA	FALSE	0	0	FALSE	FALSE	1
OG_0029917	NA	NA	FALSE	0	0	TRUE	FALSE	1
OG_0029919	NA	NA	FALSE	0	0	FALSE	FALSE	1
OG_0029952	NA	NA	FALSE	0	0	FALSE	FALSE	1
OG_0029964	SERPINI1	XM_072933101.1.84	TRUE	1	0	FALSE	FALSE	1
OG_0029971	NA	NA	FALSE	0	0	FALSE	FALSE	1
OG_0030038	NA	NA	FALSE	0	0	FALSE	FALSE	1
OG_0030061	NA	NA	FALSE	0	0	FALSE	FALSE	1
OG_0031028	NA	NA	FALSE	0	0	FALSE	FALSE	1
OG_0031056	NA	NA	FALSE	0	0	FALSE	FALSE	1
OG_0031092	NA	NA	FALSE	0	0	FALSE	FALSE	1
OG_0031145	NA	NA	FALSE	0	0	FALSE	FALSE	1
OG_0031217	NA	NA	FALSE	0	0	FALSE	FALSE	1
OG_0031229	NA	NA	FALSE	0	0	FALSE	FALSE	1
OG_0031279	NA	NA	FALSE	0	0	FALSE	FALSE	1
OG_0031297	NA	NA	FALSE	0	0	FALSE	FALSE	1
OG_0031343	NA	NA	FALSE	0	0	FALSE	FALSE	1
OG_0031345	NA	NA	FALSE	0	0	FALSE	FALSE	1
OG_0031390	NA	NA	FALSE	0	0	FALSE	FALSE	1
OG_0031566	NA	NA	FALSE	0	0	FALSE	FALSE	1
OG_0031575	NA	NA	FALSE	0	0	FALSE	FALSE	1
OG_0031587	NA	NA	FALSE	0	0	FALSE	FALSE	1
OG_0032914	NA	NA	FALSE	0	0	FALSE	FALSE	1
OG_0032925	NA	NA	FALSE	0	0	FALSE	FALSE	1
OG_0032927	NA	NA	FALSE	0	0	FALSE	FALSE	1
OG_0032929	NA	NA	FALSE	0	0	FALSE	FALSE	1
OG_0032989	NA	NA	FALSE	0	0	FALSE	FALSE	1
OG_0033001	NA	NA	FALSE	0	0	FALSE	FALSE	1
OG_0033020	NA	NA	FALSE	0	0	FALSE	FALSE	1
OG_0033038	NA	NA	FALSE	0	0	FALSE	FALSE	1
OG_0033088	NA	NA	FALSE	0	0	FALSE	FALSE	1
OG_0033098	NA	NA	FALSE	0	0	FALSE	FALSE	1
OG_0033118	ABCA8	ABCA8	TRUE	1	0	FALSE	FALSE	1
OG_0033166	NA	NA	FALSE	0	0	FALSE	FALSE	1
OG_0033198	NA	NA	FALSE	0	0	FALSE	FALSE	1
OG_0033224	NA	NA	FALSE	0	0	FALSE	FALSE	1
OG_0033259	NA	NA	FALSE	0	0	FALSE	FALSE	1
OG_0033284	NA	NA	FALSE	0	0	FALSE	FALSE	1
OG_0033289	NA	NA	FALSE	0	0	FALSE	FALSE	1
OG_0033350	NA	NA	FALSE	0	0	FALSE	FALSE	1
OG_0033363	NA	NA	FALSE	0	0	FALSE	FALSE	1
OG_0033384	NA	NA	FALSE	0	0	FALSE	FALSE	1
OG_0033391	NA	NA	FALSE	0	0	FALSE	FALSE	1
OG_0033398	NA	NA	FALSE	0	0	FALSE	FALSE	1
OG_0033417	NA	NA	FALSE	0	0	FALSE	FALSE	1
OG_0033468	NA	NA	FALSE	0	0	FALSE	FALSE	1
OG_0033528	NA	NA	FALSE	0	0	FALSE	FALSE	1
OG_0033560	NA	NA	FALSE	0	0	FALSE	FALSE	1
OG_0033589	NA	NA	FALSE	0	0	FALSE	FALSE	1
OG_0033689	NA	NA	FALSE	0	0	FALSE	FALSE	1
OG_0033708	NA	NA	FALSE	0	0	FALSE	FALSE	1
OG_0033725	NA	NA	FALSE	0	0	FALSE	FALSE	1
OG_0033732	NA	NA	FALSE	0	0	FALSE	FALSE	1
OG_0033753	NA	NA	FALSE	0	0	FALSE	FALSE	1
OG_0033770	NA	NA	FALSE	0	0	FALSE	FALSE	1
OG_0033891	NA	NA	FALSE	0	0	FALSE	FALSE	1
OG_0033892	NA	NA	FALSE	0	0	FALSE	FALSE	1
OG_0033917	NA	NA	FALSE	0	0	FALSE	FALSE	1
OG_0033921	NA	NA	FALSE	0	0	FALSE	FALSE	1
OG_0033923	NA	NA	FALSE	0	0	FALSE	FALSE	1
OG_0033933	NA	NA	FALSE	0	0	FALSE	FALSE	1
OG_0033994	NA	NA	FALSE	0	0	FALSE	FALSE	1
OG_0033999	NA	NA	FALSE	0	0	FALSE	FALSE	1
OG_0034003	NA	NA	FALSE	0	0	TRUE	FALSE	1
OG_0034049	NA	NA	FALSE	0	0	FALSE	FALSE	1
OG_0034121	NA	NA	FALSE	0	0	FALSE	FALSE	1
OG_0034128	NA	NA	FALSE	0	0	FALSE	FALSE	1
OG_0035811	RSRP1	RSRP1	TRUE	1	0	FALSE	FALSE	1
OG_0035853	NA	NA	FALSE	0	0	FALSE	FALSE	1
OG_0035861	NA	NA	FALSE	0	0	FALSE	FALSE	1
OG_0035864	NA	NA	FALSE	0	0	FALSE	FALSE	1
OG_0035880	NA	NA	FALSE	0	0	FALSE	FALSE	1
OG_0035928	NA	NA	FALSE	0	0	FALSE	FALSE	1
OG_0035936	NA	NA	FALSE	0	0	FALSE	FALSE	1
OG_0035945	NA	NA	FALSE	0	0	FALSE	FALSE	1
OG_0035983	NA	NA	FALSE	0	0	FALSE	FALSE	1
OG_0035985	NA	NA	FALSE	0	0	FALSE	FALSE	1
OG_0036006	NA	NA	FALSE	0	0	FALSE	FALSE	1
OG_0036029	NA	NA	FALSE	0	0	FALSE	FALSE	1
OG_0036035	NA	NA	FALSE	0	0	FALSE	FALSE	1
OG_0036083	NA	NA	FALSE	0	0	TRUE	FALSE	1
OG_0036091	NA	NA	FALSE	0	0	FALSE	FALSE	1
OG_0036127	NA	NA	FALSE	0	0	FALSE	FALSE	1
OG_0036160	NA	NA	FALSE	0	0	FALSE	FALSE	1
OG_0036162	NA	NA	FALSE	0	0	FALSE	FALSE	1
OG_0036213	NA	NA	FALSE	0	0	FALSE	FALSE	1
OG_0036227	NA	NA	FALSE	0	0	FALSE	FALSE	1
OG_0036230	NA	NA	FALSE	0	0	FALSE	FALSE	1
OG_0036234	NA	NA	FALSE	0	0	FALSE	FALSE	1
OG_0036263	NA	NA	FALSE	0	0	FALSE	FALSE	1
OG_0038722	NA	NA	FALSE	0	0	TRUE	FALSE	1
OG_0038780	NA	NA	FALSE	0	0	FALSE	FALSE	1
OG_0038830	NA	NA	FALSE	0	0	FALSE	FALSE	1
OG_0038836	NA	NA	FALSE	0	0	FALSE	FALSE	1
OG_0038840	NA	NA	FALSE	0	0	FALSE	FALSE	1
OG_0038850	NA	NA	FALSE	0	0	FALSE	FALSE	1
OG_0038953	NA	NA	FALSE	0	0	FALSE	FALSE	1
OG_0038962	NA	NA	FALSE	0	0	FALSE	FALSE	1
OG_0038979	NA	NA	FALSE	0	0	FALSE	FALSE	1
OG_0038990	NA	NA	FALSE	0	0	FALSE	FALSE	1
OG_0039099	NA	NA	FALSE	0	0	FALSE	FALSE	1
OG_0039115	NA	NA	FALSE	0	0	FALSE	FALSE	1
OG_0041463	NA	NA	FALSE	0	0	FALSE	FALSE	1
OG_0041489	NA	NA	FALSE	0	0	FALSE	FALSE	1
OG_0041556	NA	NA	FALSE	0	0	FALSE	FALSE	1
OG_0041565	NA	NA	FALSE	0	0	FALSE	FALSE	1
OG_0041601	NA	NA	FALSE	0	0	FALSE	FALSE	1
OG_0041615	NA	NA	FALSE	0	0	FALSE	FALSE	1
OG_0041618	NA	NA	FALSE	0	0	FALSE	FALSE	1
OG_0041619	NA	NA	FALSE	0	0	FALSE	FALSE	1
OG_0041695	NA	NA	FALSE	0	0	FALSE	FALSE	1
OG_0041699	NA	NA	FALSE	0	0	FALSE	FALSE	1
OG_0041704	NA	NA	FALSE	0	0	FALSE	FALSE	1
OG_0041710	NA	NA	FALSE	0	0	FALSE	FALSE	1
OG_0041711	NA	NA	FALSE	0	0	FALSE	FALSE	1
OG_0041720	NA	NA	FALSE	0	0	FALSE	FALSE	1
OG_0041734	NA	NA	FALSE	0	0	FALSE	FALSE	1
OG_0041773	NA	NA	FALSE	0	0	FALSE	FALSE	1
OG_0041799	NA	NA	FALSE	0	0	TRUE	FALSE	1
OG_0041832	NA	NA	FALSE	0	0	FALSE	FALSE	1
OG_0041868	NA	NA	FALSE	0	0	FALSE	FALSE	1
OG_0041904	NA	NA	FALSE	0	0	FALSE	FALSE	1
OG_0041914	NA	NA	FALSE	0	0	FALSE	FALSE	1
OG_0041935	NA	NA	FALSE	0	0	FALSE	FALSE	1
OG_0041941	NA	NA	FALSE	0	0	FALSE	FALSE	1
OG_0042000	NA	NA	FALSE	0	0	FALSE	FALSE	1
OG_0042006	MST1	XM_030283545.4.888	TRUE	1	0	FALSE	FALSE	1
OG_0042044	NA	NA	FALSE	0	0	FALSE	FALSE	1
OG_0042051	NA	NA	FALSE	0	0	FALSE	FALSE	1
OG_0042059	NA	NA	FALSE	0	0	FALSE	FALSE	1
OG_0042119	NA	NA	FALSE	0	0	FALSE	FALSE	1
OG_0042126	NA	NA	FALSE	0	0	FALSE	FALSE	1
OG_0042138	NA	NA	FALSE	0	0	FALSE	FALSE	1
OG_0042139	NA	NA	FALSE	0	0	FALSE	FALSE	1
OG_0042160	NA	NA	FALSE	0	0	FALSE	FALSE	1
OG_0042174	NA	NA	FALSE	0	0	FALSE	FALSE	1
OG_0042283	NA	NA	FALSE	0	0	FALSE	FALSE	1
OG_0042302	NA	NA	FALSE	0	0	FALSE	FALSE	1
OG_0042305	NA	NA	FALSE	0	0	TRUE	FALSE	1
OG_0042308	NA	NA	FALSE	0	0	FALSE	FALSE	1
OG_0042320	NA	NA	FALSE	0	0	FALSE	FALSE	1
OG_0042349	NA	NA	FALSE	0	0	FALSE	FALSE	1
OG_0042428	NA	NA	FALSE	0	0	FALSE	FALSE	1
OG_0042445	NA	NA	FALSE	0	0	TRUE	FALSE	1
OG_0042538	NA	NA	FALSE	0	0	FALSE	FALSE	1
OG_0042545	NA	NA	FALSE	0	0	FALSE	FALSE	1
OG_0042547	NA	NA	FALSE	0	0	FALSE	FALSE	1
OG_0042619	NA	NA	FALSE	0	0	FALSE	FALSE	1
OG_0042692	NA	NA	FALSE	0	0	FALSE	FALSE	1
OG_0042698	NA	NA	FALSE	0	0	FALSE	FALSE	1
OG_0042777	NA	NA	FALSE	0	0	FALSE	FALSE	1
OG_0042863	NA	NA	FALSE	0	0	FALSE	FALSE	1
OG_0042910	NA	NA	FALSE	0	0	FALSE	FALSE	1
OG_0042914	NA	NA	FALSE	0	0	FALSE	FALSE	1
OG_0042937	NA	NA	FALSE	0	0	FALSE	FALSE	1
OG_0042943	NA	NA	FALSE	0	0	FALSE	FALSE	1
OG_0042984	NA	NA	FALSE	0	0	FALSE	FALSE	1
OG_0043041	NA	NA	FALSE	0	0	FALSE	FALSE	1
OG_0043042	NA	NA	FALSE	0	0	FALSE	FALSE	1
OG_0043058	NA	NA	FALSE	0	0	TRUE	FALSE	1
OG_0043061	NA	NA	FALSE	0	0	FALSE	FALSE	1
OG_0043065	NA	NA	FALSE	0	0	FALSE	FALSE	1
OG_0043092	NA	NA	FALSE	0	0	FALSE	FALSE	1
OG_0043198	NA	NA	FALSE	0	0	FALSE	FALSE	1
OG_0043234	NA	NA	FALSE	0	0	FALSE	FALSE	1
OG_0043325	NA	NA	FALSE	0	0	FALSE	FALSE	1
OG_0043334	NA	NA	FALSE	0	0	FALSE	FALSE	1
OG_0043341	NA	NA	FALSE	0	0	FALSE	FALSE	1
OG_0043350	NA	NA	FALSE	0	0	FALSE	FALSE	1
OG_0043428	NA	NA	FALSE	0	0	FALSE	FALSE	1
OG_0043449	NA	NA	FALSE	0	0	FALSE	FALSE	1
OG_0043455	NA	NA	FALSE	0	0	TRUE	FALSE	1
OG_0043458	NA	NA	FALSE	0	0	FALSE	FALSE	1
OG_0043489	NA	NA	FALSE	0	0	FALSE	FALSE	1
OG_0043547	NA	NA	FALSE	0	0	FALSE	FALSE	1
OG_0043554	NA	NA	FALSE	0	0	FALSE	FALSE	1
OG_0043584	NA	NA	FALSE	0	0	FALSE	FALSE	1
OG_0043614	NA	NA	FALSE	0	0	FALSE	FALSE	1
OG_0043990	NA	NA	FALSE	0	0	FALSE	FALSE	1
OG_0044045	NA	NA	FALSE	0	0	FALSE	FALSE	1
OG_0044190	NA	NA	FALSE	0	0	FALSE	FALSE	1
OG_0044208	NA	NA	FALSE	0	0	FALSE	FALSE	1
OG_0044209	NA	NA	FALSE	0	0	FALSE	FALSE	1
OG_0044213	NA	NA	FALSE	0	0	FALSE	FALSE	1
OG_0044217	NA	NA	FALSE	0	0	FALSE	FALSE	1
OG_0044256	NA	NA	FALSE	0	0	FALSE	FALSE	1
OG_0044258	NA	NA	FALSE	0	0	FALSE	FALSE	1
OG_0044266	NA	NA	FALSE	0	0	FALSE	FALSE	1
