OG_ID	gene_name	aBSREL_any	absrel_num_dry_branches	absrel_dry_ge2	CNEE_bf3plus	Expr_any_Liver	de_Liver
OG_0000396	NA	FALSE	0	0	FALSE	TRUE	1
OG_0000401	NA	FALSE	0	0	FALSE	TRUE	1
OG_0001116	NA	FALSE	0	0	FALSE	TRUE	1
OG_0001165	NA	FALSE	0	0	FALSE	TRUE	1
OG_0001340	NA	FALSE	0	0	FALSE	TRUE	1
OG_0001952	NA	FALSE	0	0	FALSE	TRUE	1
OG_0002318	NA	FALSE	0	0	FALSE	TRUE	1
OG_0002365	NA	FALSE	0	0	FALSE	TRUE	1
OG_0002484	NA	FALSE	0	0	FALSE	TRUE	1
OG_0002606	NA	FALSE	0	0	FALSE	TRUE	1
OG_0002712	NA	FALSE	0	0	FALSE	TRUE	1
OG_0002808	NA	FALSE	0	0	FALSE	TRUE	1
OG_0002936	NA	FALSE	0	0	FALSE	TRUE	1
OG_0003156	NA	FALSE	0	0	FALSE	TRUE	1
OG_0003201	NA	FALSE	0	0	FALSE	TRUE	1
OG_0003336	NA	FALSE	0	0	FALSE	TRUE	1
OG_0003685	NA	FALSE	0	0	FALSE	TRUE	1
OG_0003727	NA	FALSE	0	0	FALSE	TRUE	1
OG_0003806	NA	FALSE	0	0	FALSE	TRUE	1
OG_0004024	NA	FALSE	0	0	FALSE	TRUE	1
OG_0004070	NA	FALSE	0	0	FALSE	TRUE	1
OG_0004095	NA	FALSE	0	0	FALSE	TRUE	1
OG_0004158	NA	FALSE	0	0	FALSE	TRUE	1
OG_0004611	NA	FALSE	0	0	FALSE	TRUE	1
OG_0004708	NA	FALSE	0	0	FALSE	TRUE	1
OG_0004785	NA	FALSE	0	0	FALSE	TRUE	1
OG_0004824	NA	FALSE	0	0	FALSE	TRUE	1
OG_0004840	NA	FALSE	0	0	FALSE	TRUE	1
OG_0005014	NA	FALSE	0	0	FALSE	TRUE	1
OG_0005135	NA	FALSE	0	0	FALSE	TRUE	1
OG_0005328	NA	FALSE	0	0	TRUE	TRUE	1
OG_0005560	NA	FALSE	0	0	FALSE	TRUE	1
OG_0005657	NA	FALSE	0	0	FALSE	TRUE	1
OG_0005747	NA	FALSE	0	0	FALSE	TRUE	1
OG_0005771	NA	FALSE	0	0	FALSE	TRUE	1
OG_0005773	NA	FALSE	0	0	FALSE	TRUE	1
OG_0005990	NA	FALSE	0	0	FALSE	TRUE	1
OG_0006578	NA	FALSE	0	0	FALSE	TRUE	1
OG_0006678	NA	FALSE	0	0	FALSE	TRUE	1
OG_0006835	NA	FALSE	0	0	FALSE	TRUE	1
OG_0007000	NA	FALSE	0	0	FALSE	TRUE	1
OG_0007020	NA	FALSE	0	0	FALSE	TRUE	1
OG_0007091	NA	FALSE	0	0	FALSE	TRUE	1
OG_0007129	NA	FALSE	0	0	FALSE	TRUE	1
OG_0007203	Pwwp2b	TRUE	1	0	FALSE	TRUE	1
OG_0007270	NA	FALSE	0	0	FALSE	TRUE	1
OG_0007437	NA	FALSE	0	0	FALSE	TRUE	1
OG_0007505	NA	FALSE	0	0	FALSE	TRUE	1
OG_0007506	NA	FALSE	0	0	FALSE	TRUE	1
OG_0007693	NA	FALSE	0	0	FALSE	TRUE	1
OG_0007750	NA	FALSE	0	0	FALSE	TRUE	1
OG_0007849	NA	FALSE	0	0	FALSE	TRUE	1
OG_0007875	NA	FALSE	0	0	FALSE	TRUE	1
OG_0008097	NA	FALSE	0	0	TRUE	TRUE	1
OG_0008206	NA	FALSE	0	0	FALSE	TRUE	1
OG_0008218	NA	FALSE	0	0	FALSE	TRUE	1
OG_0008442	NA	FALSE	0	0	FALSE	TRUE	1
OG_0008498	NA	FALSE	0	0	FALSE	TRUE	1
OG_0008669	NA	FALSE	0	0	FALSE	TRUE	1
OG_0008685	NA	FALSE	0	0	FALSE	TRUE	1
OG_0008823	NA	FALSE	0	0	FALSE	TRUE	1
OG_0008837	NA	FALSE	0	0	FALSE	TRUE	1
OG_0008933	NA	FALSE	0	0	FALSE	TRUE	1
OG_0009007	NA	FALSE	0	0	FALSE	TRUE	1
OG_0009023	NA	FALSE	0	0	FALSE	TRUE	1
OG_0009209	NA	FALSE	0	0	FALSE	TRUE	1
OG_0009337	NA	FALSE	0	0	FALSE	TRUE	1
OG_0009423	NA	FALSE	0	0	FALSE	TRUE	1
OG_0009546	NA	FALSE	0	0	FALSE	TRUE	1
OG_0009614	NA	FALSE	0	0	FALSE	TRUE	1
OG_0009638	NA	FALSE	0	0	FALSE	TRUE	1
OG_0009698	NA	FALSE	0	0	FALSE	TRUE	1
OG_0009724	NA	FALSE	0	0	FALSE	TRUE	1
OG_0009782	NA	FALSE	0	0	FALSE	TRUE	1
OG_0010014	NA	FALSE	0	0	FALSE	TRUE	1
OG_0010079	NA	FALSE	0	0	FALSE	TRUE	1
OG_0010110	NA	FALSE	0	0	FALSE	TRUE	1
OG_0010175	NA	FALSE	0	0	FALSE	TRUE	1
OG_0010237	NA	FALSE	0	0	FALSE	TRUE	1
OG_0010343	NA	FALSE	0	0	FALSE	TRUE	1
OG_0010355	NA	FALSE	0	0	FALSE	TRUE	1
OG_0010379	NA	FALSE	0	0	FALSE	TRUE	1
OG_0010400	NA	FALSE	0	0	FALSE	TRUE	1
OG_0010589	NA	FALSE	0	0	FALSE	TRUE	1
OG_0010648	NA	FALSE	0	0	TRUE	TRUE	1
OG_0010674	NA	FALSE	0	0	FALSE	TRUE	1
OG_0010677	NA	FALSE	0	0	FALSE	TRUE	1
OG_0010745	NA	FALSE	0	0	FALSE	TRUE	1
OG_0011125	NA	FALSE	0	0	TRUE	TRUE	1
OG_0011174	NA	FALSE	0	0	FALSE	TRUE	1
OG_0011207	NA	FALSE	0	0	FALSE	TRUE	1
OG_0011456	NA	FALSE	0	0	FALSE	TRUE	1
OG_0011466	NA	FALSE	0	0	FALSE	TRUE	1
OG_0011516	NA	FALSE	0	0	FALSE	TRUE	1
OG_0011528	NA	FALSE	0	0	FALSE	TRUE	1
OG_0011534	NA	FALSE	0	0	FALSE	TRUE	1
OG_0011573	NA	FALSE	0	0	FALSE	TRUE	1
OG_0011599	NA	FALSE	0	0	FALSE	TRUE	1
OG_0011625	NA	FALSE	0	0	FALSE	TRUE	1
OG_0011686	NA	FALSE	0	0	FALSE	TRUE	1
OG_0011717	NA	FALSE	0	0	FALSE	TRUE	1
OG_0011779	NA	FALSE	0	0	FALSE	TRUE	1
OG_0011851	NA	FALSE	0	0	FALSE	TRUE	1
OG_0011917	NA	FALSE	0	0	FALSE	TRUE	1
OG_0012440	NA	FALSE	0	0	FALSE	TRUE	1
OG_0012445	NA	FALSE	0	0	FALSE	TRUE	1
OG_0012471	NA	FALSE	0	0	FALSE	TRUE	1
OG_0012479	NA	FALSE	0	0	FALSE	TRUE	1
OG_0012553	NA	FALSE	0	0	FALSE	TRUE	1
OG_0012603	NA	FALSE	0	0	FALSE	TRUE	1
OG_0012604	NA	FALSE	0	0	FALSE	TRUE	1
OG_0012627	NA	FALSE	0	0	FALSE	TRUE	1
OG_0012696	NA	FALSE	0	0	FALSE	TRUE	1
OG_0012835	NA	FALSE	0	0	FALSE	TRUE	1
OG_0012858	NA	FALSE	0	0	FALSE	TRUE	1
OG_0012859	NA	FALSE	0	0	FALSE	TRUE	1
OG_0012885	NA	FALSE	0	0	FALSE	TRUE	1
OG_0013152	NA	FALSE	0	0	FALSE	TRUE	1
OG_0013229	NA	FALSE	0	0	FALSE	TRUE	1
OG_0013247	NA	FALSE	0	0	FALSE	TRUE	1
OG_0013273	NA	FALSE	0	0	FALSE	TRUE	1
OG_0013288	NA	FALSE	0	0	FALSE	TRUE	1
OG_0013289	NA	FALSE	0	0	FALSE	TRUE	1
OG_0013373	NA	FALSE	0	0	FALSE	TRUE	1
OG_0013386	NA	FALSE	0	0	FALSE	TRUE	1
OG_0013409	NA	FALSE	0	0	FALSE	TRUE	1
OG_0013597	NA	FALSE	0	0	FALSE	TRUE	1
OG_0013669	NA	FALSE	0	0	FALSE	TRUE	1
OG_0013720	NA	FALSE	0	0	FALSE	TRUE	1
OG_0013868	NA	FALSE	0	0	FALSE	TRUE	1
OG_0014225	NA	FALSE	0	0	FALSE	TRUE	1
OG_0014320	NA	FALSE	0	0	FALSE	TRUE	1
OG_0014330	NA	FALSE	0	0	FALSE	TRUE	1
OG_0014406	NA	FALSE	0	0	FALSE	TRUE	1
OG_0014540	NA	FALSE	0	0	FALSE	TRUE	1
OG_0014593	NA	FALSE	0	0	FALSE	TRUE	1
OG_0014653	NA	FALSE	0	0	FALSE	TRUE	1
OG_0014745	NA	FALSE	0	0	FALSE	TRUE	1
OG_0014809	NA	FALSE	0	0	FALSE	TRUE	1
OG_0014823	NA	FALSE	0	0	FALSE	TRUE	1
OG_0014824	NA	FALSE	0	0	FALSE	TRUE	1
OG_0014825	NA	FALSE	0	0	FALSE	TRUE	1
OG_0014974	NA	FALSE	0	0	FALSE	TRUE	1
OG_0015098	NA	FALSE	0	0	FALSE	TRUE	1
OG_0015122	NA	FALSE	0	0	FALSE	TRUE	1
OG_0015312	NA	FALSE	0	0	FALSE	TRUE	1
OG_0015355	NA	FALSE	0	0	FALSE	TRUE	1
OG_0015688	NA	FALSE	0	0	FALSE	TRUE	1
OG_0015693	NA	FALSE	0	0	FALSE	TRUE	1
OG_0015731	NA	FALSE	0	0	FALSE	TRUE	1
OG_0015780	NA	FALSE	0	0	FALSE	TRUE	1
OG_0015804	NA	FALSE	0	0	FALSE	TRUE	1
OG_0015813	NA	FALSE	0	0	FALSE	TRUE	1
OG_0015952	NA	FALSE	0	0	FALSE	TRUE	1
OG_0016019	NA	FALSE	0	0	FALSE	TRUE	1
OG_0016021	NA	FALSE	0	0	FALSE	TRUE	1
OG_0016142	NA	FALSE	0	0	FALSE	TRUE	1
OG_0016143	NA	FALSE	0	0	FALSE	TRUE	1
OG_0016180	NA	FALSE	0	0	FALSE	TRUE	1
OG_0016353	NA	FALSE	0	0	FALSE	TRUE	1
OG_0016391	NA	FALSE	0	0	FALSE	TRUE	1
OG_0016405	NA	FALSE	0	0	FALSE	TRUE	1
OG_0016450	NA	FALSE	0	0	FALSE	TRUE	1
OG_0016577	NA	FALSE	0	0	FALSE	TRUE	1
OG_0016636	NA	FALSE	0	0	FALSE	TRUE	1
OG_0016700	NA	FALSE	0	0	FALSE	TRUE	1
OG_0016737	NA	FALSE	0	0	FALSE	TRUE	1
OG_0016923	NA	FALSE	0	0	FALSE	TRUE	1
OG_0016928	NA	FALSE	0	0	FALSE	TRUE	1
OG_0016986	NA	FALSE	0	0	FALSE	TRUE	1
OG_0017038	NA	FALSE	0	0	FALSE	TRUE	1
OG_0017330	NA	FALSE	0	0	FALSE	TRUE	1
OG_0017334	NA	FALSE	0	0	FALSE	TRUE	1
OG_0017502	NA	FALSE	0	0	FALSE	TRUE	1
OG_0017561	NA	FALSE	0	0	FALSE	TRUE	1
OG_0017590	NA	FALSE	0	0	FALSE	TRUE	1
OG_0017701	NA	FALSE	0	0	FALSE	TRUE	1
OG_0017772	NA	FALSE	0	0	FALSE	TRUE	1
OG_0017780	NA	FALSE	0	0	FALSE	TRUE	1
OG_0017813	NA	FALSE	0	0	FALSE	TRUE	1
OG_0018036	NA	FALSE	0	0	FALSE	TRUE	1
OG_0018046	NA	FALSE	0	0	FALSE	TRUE	1
OG_0018112	NA	FALSE	0	0	FALSE	TRUE	1
OG_0018115	NA	FALSE	0	0	FALSE	TRUE	1
OG_0018135	NA	FALSE	0	0	FALSE	TRUE	1
OG_0018364	NA	FALSE	0	0	FALSE	TRUE	1
OG_0018371	NA	FALSE	0	0	FALSE	TRUE	1
OG_0018397	NA	FALSE	0	0	FALSE	TRUE	1
OG_0018419	NA	FALSE	0	0	FALSE	TRUE	1
OG_0018448	NA	FALSE	0	0	FALSE	TRUE	1
OG_0018615	NA	FALSE	0	0	FALSE	TRUE	1
OG_0018641	NA	FALSE	0	0	FALSE	TRUE	1
OG_0018710	NA	FALSE	0	0	FALSE	TRUE	1
OG_0018745	NA	FALSE	0	0	FALSE	TRUE	1
OG_0018911	NA	FALSE	0	0	FALSE	TRUE	1
OG_0019334	NA	FALSE	0	0	FALSE	TRUE	1
OG_0019414	NA	FALSE	0	0	FALSE	TRUE	1
OG_0019445	NA	FALSE	0	0	FALSE	TRUE	1
OG_0019447	NA	FALSE	0	0	FALSE	TRUE	1
OG_0019449	NA	FALSE	0	0	FALSE	TRUE	1
OG_0019479	NA	FALSE	0	0	FALSE	TRUE	1
OG_0019555	NA	FALSE	0	0	FALSE	TRUE	1
OG_0019569	NA	FALSE	0	0	FALSE	TRUE	1
OG_0019772	NA	FALSE	0	0	FALSE	TRUE	1
OG_0019917	PDPN	TRUE	1	0	FALSE	TRUE	1
OG_0019976	NA	FALSE	0	0	FALSE	TRUE	1
OG_0019983	NA	FALSE	0	0	TRUE	TRUE	1
OG_0020032	NA	FALSE	0	0	FALSE	TRUE	1
OG_0020252	NA	FALSE	0	0	FALSE	TRUE	1
OG_0020363	NA	FALSE	0	0	FALSE	TRUE	1
OG_0020372	NA	FALSE	0	0	FALSE	TRUE	1
OG_0020395	NA	FALSE	0	0	FALSE	TRUE	1
OG_0020422	NA	FALSE	0	0	FALSE	TRUE	1
OG_0020576	NA	FALSE	0	0	FALSE	TRUE	1
OG_0020602	NA	FALSE	0	0	FALSE	TRUE	1
OG_0020640	NA	FALSE	0	0	FALSE	TRUE	1
OG_0020663	NA	FALSE	0	0	FALSE	TRUE	1
OG_0020673	NA	FALSE	0	0	FALSE	TRUE	1
OG_0020863	NA	FALSE	0	0	FALSE	TRUE	1
OG_0020916	RCL1	TRUE	1	0	FALSE	TRUE	1
OG_0020940	NA	FALSE	0	0	FALSE	TRUE	1
OG_0020961	NA	FALSE	0	0	FALSE	TRUE	1
OG_0021177	NA	FALSE	0	0	FALSE	TRUE	1
OG_0021434	NA	FALSE	0	0	FALSE	TRUE	1
OG_0021454	NA	FALSE	0	0	FALSE	TRUE	1
OG_0021462	BAMBI	TRUE	1	0	FALSE	TRUE	1
OG_0021492	NA	FALSE	0	0	FALSE	TRUE	1
OG_0021561	NA	FALSE	0	0	FALSE	TRUE	1
OG_0021706	NA	FALSE	0	0	FALSE	TRUE	1
OG_0021740	NA	FALSE	0	0	FALSE	TRUE	1
OG_0021792	NA	FALSE	0	0	FALSE	TRUE	1
OG_0021807	NA	FALSE	0	0	FALSE	TRUE	1
OG_0021811	NA	FALSE	0	0	FALSE	TRUE	1
OG_0021841	NA	FALSE	0	0	FALSE	TRUE	1
OG_0022085	NA	FALSE	0	0	FALSE	TRUE	1
OG_0022132	NA	FALSE	0	0	FALSE	TRUE	1
OG_0022157	NA	FALSE	0	0	FALSE	TRUE	1
OG_0022505	NA	FALSE	0	0	FALSE	TRUE	1
OG_0022516	NA	FALSE	0	0	FALSE	TRUE	1
OG_0022523	NA	FALSE	0	0	FALSE	TRUE	1
OG_0022896	NA	FALSE	0	0	FALSE	TRUE	1
OG_0022913	NA	FALSE	0	0	FALSE	TRUE	1
OG_0022942	NA	FALSE	0	0	FALSE	TRUE	1
OG_0022945	NA	FALSE	0	0	FALSE	TRUE	1
OG_0022955	NA	FALSE	0	0	FALSE	TRUE	1
OG_0023402	NA	FALSE	0	0	FALSE	TRUE	1
OG_0023447	NA	FALSE	0	0	FALSE	TRUE	1
OG_0023458	NA	FALSE	0	0	FALSE	TRUE	1
OG_0023660	NA	FALSE	0	0	FALSE	TRUE	1
OG_0025046	NA	FALSE	0	0	FALSE	TRUE	1
OG_0025055	NA	FALSE	0	0	FALSE	TRUE	1
OG_0025072	NA	FALSE	0	0	FALSE	TRUE	1
OG_0025613	NA	FALSE	0	0	FALSE	TRUE	1
OG_0025629	NA	FALSE	0	0	FALSE	TRUE	1
OG_0026005	NA	FALSE	0	0	FALSE	TRUE	1
OG_0026662	NA	FALSE	0	0	FALSE	TRUE	1
OG_0026727	NA	FALSE	0	0	FALSE	TRUE	1
OG_0026732	NA	FALSE	0	0	FALSE	TRUE	1
OG_0026774	NA	FALSE	0	0	FALSE	TRUE	1
OG_0027845	NA	FALSE	0	0	FALSE	TRUE	1
OG_0027882	NA	FALSE	0	0	FALSE	TRUE	1
OG_0028019	NA	FALSE	0	0	FALSE	TRUE	1
OG_0028036	NA	FALSE	0	0	FALSE	TRUE	1
OG_0028058	NA	FALSE	0	0	TRUE	TRUE	1
OG_0028854	NA	FALSE	0	0	FALSE	TRUE	1
OG_0029025	NA	FALSE	0	0	FALSE	TRUE	1
OG_0029044	NA	FALSE	0	0	FALSE	TRUE	1
OG_0029828	NA	FALSE	0	0	FALSE	TRUE	1
OG_0029848	NA	FALSE	0	0	FALSE	TRUE	1
OG_0029952	NA	FALSE	0	0	FALSE	TRUE	1
OG_0031092	NA	FALSE	0	0	FALSE	TRUE	1
OG_0031295	NA	FALSE	0	0	FALSE	TRUE	1
OG_0031342	NA	FALSE	0	0	FALSE	TRUE	1
OG_0032988	NA	FALSE	0	0	FALSE	TRUE	1
OG_0032993	NA	FALSE	0	0	FALSE	TRUE	1
OG_0032997	NA	FALSE	0	0	FALSE	TRUE	1
OG_0033182	NA	FALSE	0	0	FALSE	TRUE	1
OG_0033287	NA	FALSE	0	0	FALSE	TRUE	1
OG_0033350	NA	FALSE	0	0	FALSE	TRUE	1
OG_0033458	NA	FALSE	0	0	FALSE	TRUE	1
OG_0033482	NA	FALSE	0	0	FALSE	TRUE	1
OG_0033559	NA	FALSE	0	0	FALSE	TRUE	1
OG_0033742	NA	FALSE	0	0	FALSE	TRUE	1
OG_0033770	NA	FALSE	0	0	FALSE	TRUE	1
OG_0033994	NA	FALSE	0	0	FALSE	TRUE	1
OG_0035811	RSRP1	TRUE	1	0	FALSE	TRUE	1
OG_0035945	NA	FALSE	0	0	FALSE	TRUE	1
OG_0036092	NA	FALSE	0	0	FALSE	TRUE	1
OG_0038848	NA	FALSE	0	0	FALSE	TRUE	1
OG_0039036	NA	FALSE	0	0	FALSE	TRUE	1
OG_0039107	NA	FALSE	0	0	FALSE	TRUE	1
OG_0041782	NA	FALSE	0	0	FALSE	TRUE	1
OG_0041941	NA	FALSE	0	0	FALSE	TRUE	1
OG_0042006	MST1	TRUE	1	0	FALSE	TRUE	1
OG_0042051	NA	FALSE	0	0	FALSE	TRUE	1
OG_0042252	NA	FALSE	0	0	FALSE	TRUE	1
OG_0042283	NA	FALSE	0	0	FALSE	TRUE	1
OG_0042345	NA	FALSE	0	0	FALSE	TRUE	1
OG_0042349	NA	FALSE	0	0	FALSE	TRUE	1
OG_0042396	NA	FALSE	0	0	FALSE	TRUE	1
OG_0042445	NA	FALSE	0	0	TRUE	TRUE	1
OG_0042920	NA	FALSE	0	0	FALSE	TRUE	1
OG_0043042	NA	FALSE	0	0	FALSE	TRUE	1
OG_0043363	NA	FALSE	0	0	FALSE	TRUE	1
OG_0043444	NA	FALSE	0	0	FALSE	TRUE	1
OG_0043547	NA	FALSE	0	0	FALSE	TRUE	1
OG_0043554	NA	FALSE	0	0	FALSE	TRUE	1
OG_0043605	NA	FALSE	0	0	FALSE	TRUE	1
OG_0043988	NA	FALSE	0	0	FALSE	TRUE	1
OG_0044244	NA	FALSE	0	0	FALSE	TRUE	1
OG_0000035	NA	FALSE	0	0	FALSE	TRUE	0
OG_0000283	NA	FALSE	0	0	TRUE	TRUE	0
OG_0000374	NA	FALSE	0	0	FALSE	TRUE	0
OG_0001172	NA	FALSE	0	0	FALSE	TRUE	0
OG_0001294	NA	FALSE	0	0	FALSE	TRUE	0
OG_0001356	NA	FALSE	0	0	FALSE	TRUE	0
OG_0001366	NA	FALSE	0	0	FALSE	TRUE	0
OG_0001648	NA	FALSE	0	0	FALSE	TRUE	0
OG_0002153	NA	FALSE	0	0	FALSE	TRUE	0
OG_0002300	NA	FALSE	0	0	FALSE	TRUE	0
OG_0002403	NA	FALSE	0	0	FALSE	TRUE	0
OG_0002464	NA	FALSE	0	0	FALSE	TRUE	0
OG_0002649	NA	FALSE	0	0	FALSE	TRUE	0
OG_0003087	NA	FALSE	0	0	FALSE	TRUE	0
OG_0003243	NA	FALSE	0	0	FALSE	TRUE	0
OG_0003322	NA	FALSE	0	0	TRUE	TRUE	0
OG_0003328	NA	FALSE	0	0	FALSE	TRUE	0
OG_0003399	NA	FALSE	0	0	FALSE	TRUE	0
OG_0003460	NA	FALSE	0	0	FALSE	TRUE	0
OG_0003474	NA	FALSE	0	0	FALSE	TRUE	0
OG_0003585	NA	FALSE	0	0	FALSE	TRUE	0
OG_0003734	NA	FALSE	0	0	FALSE	TRUE	0
OG_0004022	NA	FALSE	0	0	FALSE	TRUE	0
OG_0004037	NA	FALSE	0	0	FALSE	TRUE	0
OG_0004181	NA	FALSE	0	0	FALSE	TRUE	0
OG_0004295	NA	FALSE	0	0	FALSE	TRUE	0
OG_0004495	NA	FALSE	0	0	FALSE	TRUE	0
OG_0004554	NA	FALSE	0	0	FALSE	TRUE	0
OG_0004676	NA	FALSE	0	0	FALSE	TRUE	0
OG_0004720	NA	FALSE	0	0	FALSE	TRUE	0
OG_0004811	NA	FALSE	0	0	FALSE	TRUE	0
OG_0004844	NA	FALSE	0	0	FALSE	TRUE	0
OG_0005087	NA	FALSE	0	0	FALSE	TRUE	0
OG_0005189	NA	FALSE	0	0	FALSE	TRUE	0
OG_0005195	NA	FALSE	0	0	FALSE	TRUE	0
OG_0005212	NA	FALSE	0	0	FALSE	TRUE	0
OG_0005395	NA	FALSE	0	0	FALSE	TRUE	0
OG_0005397	SCRN3	TRUE	1	0	FALSE	TRUE	0
OG_0005456	NA	FALSE	0	0	FALSE	TRUE	0
OG_0005480	NA	FALSE	0	0	FALSE	TRUE	0
OG_0005517	NA	FALSE	0	0	FALSE	TRUE	0
OG_0005613	NA	FALSE	0	0	FALSE	TRUE	0
OG_0005751	NA	FALSE	0	0	FALSE	TRUE	0
OG_0005774	CIAO1	TRUE	1	0	FALSE	TRUE	0
OG_0005836	NA	FALSE	0	0	FALSE	TRUE	0
OG_0005859	NA	FALSE	0	0	FALSE	TRUE	0
OG_0005917	NA	FALSE	0	0	FALSE	TRUE	0
OG_0006117	NA	FALSE	0	0	FALSE	TRUE	0
OG_0006139	NA	FALSE	0	0	FALSE	TRUE	0
OG_0006334	NA	FALSE	0	0	FALSE	TRUE	0
OG_0006467	NA	FALSE	0	0	FALSE	TRUE	0
OG_0006496	NA	FALSE	0	0	FALSE	TRUE	0
OG_0006619	NA	FALSE	0	0	FALSE	TRUE	0
OG_0006662	NA	FALSE	0	0	TRUE	TRUE	0
OG_0006682	NA	FALSE	0	0	TRUE	TRUE	0
OG_0006700	NA	FALSE	0	0	FALSE	TRUE	0
OG_0006719	NA	FALSE	0	0	FALSE	TRUE	0
OG_0006742	NA	FALSE	0	0	FALSE	TRUE	0
OG_0006746	NA	FALSE	0	0	FALSE	TRUE	0
OG_0006748	NA	FALSE	0	0	FALSE	TRUE	0
OG_0006765	NA	FALSE	0	0	FALSE	TRUE	0
OG_0006842	NA	FALSE	0	0	FALSE	TRUE	0
OG_0006861	NA	FALSE	0	0	FALSE	TRUE	0
OG_0006894	NA	FALSE	0	0	FALSE	TRUE	0
OG_0006997	NA	FALSE	0	0	FALSE	TRUE	0
OG_0007102	NA	FALSE	0	0	FALSE	TRUE	0
OG_0007168	NA	FALSE	0	0	FALSE	TRUE	0
OG_0007195	NA	FALSE	0	0	FALSE	TRUE	0
OG_0007197	NA	FALSE	0	0	FALSE	TRUE	0
OG_0007231	NA	FALSE	0	0	FALSE	TRUE	0
OG_0007292	NA	FALSE	0	0	FALSE	TRUE	0
OG_0007308	NA	FALSE	0	0	FALSE	TRUE	0
OG_0007406	NA	FALSE	0	0	FALSE	TRUE	0
OG_0007412	NA	FALSE	0	0	FALSE	TRUE	0
OG_0007480	NA	FALSE	0	0	FALSE	TRUE	0
OG_0007515	NA	FALSE	0	0	FALSE	TRUE	0
OG_0007718	NA	FALSE	0	0	FALSE	TRUE	0
OG_0007847	NA	FALSE	0	0	FALSE	TRUE	0
OG_0007884	NA	FALSE	0	0	FALSE	TRUE	0
OG_0007922	NA	FALSE	0	0	FALSE	TRUE	0
OG_0007933	NA	FALSE	0	0	FALSE	TRUE	0
OG_0007943	mul1a	TRUE	1	0	FALSE	TRUE	0
OG_0008385	NA	FALSE	0	0	FALSE	TRUE	0
OG_0008419	NA	FALSE	0	0	FALSE	TRUE	0
OG_0008476	NA	FALSE	0	0	FALSE	TRUE	0
OG_0008534	NA	FALSE	0	0	FALSE	TRUE	0
OG_0008551	NA	FALSE	0	0	FALSE	TRUE	0
OG_0008639	NA	FALSE	0	0	FALSE	TRUE	0
OG_0008753	NA	FALSE	0	0	FALSE	TRUE	0
OG_0008863	NA	FALSE	0	0	FALSE	TRUE	0
OG_0008876	NA	FALSE	0	0	FALSE	TRUE	0
OG_0008970	NA	FALSE	0	0	FALSE	TRUE	0
OG_0009005	NA	FALSE	0	0	FALSE	TRUE	0
OG_0009456	NA	FALSE	0	0	FALSE	TRUE	0
OG_0009613	NA	FALSE	0	0	FALSE	TRUE	0
OG_0009761	NA	FALSE	0	0	FALSE	TRUE	0
OG_0009817	NA	FALSE	0	0	FALSE	TRUE	0
OG_0009994	NA	FALSE	0	0	FALSE	TRUE	0
OG_0010033	NA	FALSE	0	0	FALSE	TRUE	0
OG_0010054	NA	FALSE	0	0	FALSE	TRUE	0
OG_0010286	GLUL	TRUE	1	0	FALSE	TRUE	0
OG_0010305	NA	FALSE	0	0	FALSE	TRUE	0
OG_0010319	NA	FALSE	0	0	FALSE	TRUE	0
OG_0010323	NA	FALSE	0	0	FALSE	TRUE	0
OG_0010377	NA	FALSE	0	0	FALSE	TRUE	0
OG_0010434	NA	FALSE	0	0	FALSE	TRUE	0
OG_0010655	Il17rc	TRUE	1	0	FALSE	TRUE	0
OG_0010795	NA	FALSE	0	0	FALSE	TRUE	0
OG_0010934	NA	FALSE	0	0	FALSE	TRUE	0
OG_0011006	NA	FALSE	0	0	FALSE	TRUE	0
OG_0011014	NA	FALSE	0	0	FALSE	TRUE	0
OG_0011015	NA	FALSE	0	0	FALSE	TRUE	0
OG_0011025	NA	FALSE	0	0	FALSE	TRUE	0
OG_0011115	NA	FALSE	0	0	FALSE	TRUE	0
OG_0011152	NA	FALSE	0	0	FALSE	TRUE	0
OG_0011252	NA	FALSE	0	0	FALSE	TRUE	0
OG_0011342	NA	FALSE	0	0	FALSE	TRUE	0
OG_0011384	NA	FALSE	0	0	FALSE	TRUE	0
OG_0011454	NA	FALSE	0	0	FALSE	TRUE	0
OG_0011506	NA	FALSE	0	0	FALSE	TRUE	0
OG_0011602	NA	FALSE	0	0	FALSE	TRUE	0
OG_0011821	NA	FALSE	0	0	FALSE	TRUE	0
OG_0011823	NA	FALSE	0	0	FALSE	TRUE	0
OG_0011842	NA	FALSE	0	0	FALSE	TRUE	0
OG_0011876	NA	FALSE	0	0	FALSE	TRUE	0
OG_0011881	NA	FALSE	0	0	FALSE	TRUE	0
OG_0011958	NA	FALSE	0	0	FALSE	TRUE	0
OG_0011986	NA	FALSE	0	0	FALSE	TRUE	0
OG_0012013	NA	FALSE	0	0	FALSE	TRUE	0
OG_0012244	NA	FALSE	0	0	FALSE	TRUE	0
OG_0012293	NA	FALSE	0	0	FALSE	TRUE	0
OG_0012332	NA	FALSE	0	0	FALSE	TRUE	0
OG_0012393	NA	FALSE	0	0	FALSE	TRUE	0
OG_0012419	NA	FALSE	0	0	FALSE	TRUE	0
OG_0012454	NA	FALSE	0	0	FALSE	TRUE	0
OG_0012576	NA	FALSE	0	0	FALSE	TRUE	0
OG_0012595	NA	FALSE	0	0	FALSE	TRUE	0
OG_0012635	NA	FALSE	0	0	FALSE	TRUE	0
OG_0012958	MDFIC	TRUE	1	0	FALSE	TRUE	0
OG_0013093	NA	FALSE	0	0	FALSE	TRUE	0
OG_0013104	NA	FALSE	0	0	FALSE	TRUE	0
OG_0013134	NA	FALSE	0	0	FALSE	TRUE	0
OG_0013260	NA	FALSE	0	0	FALSE	TRUE	0
OG_0013424	NA	FALSE	0	0	FALSE	TRUE	0
OG_0013449	NA	FALSE	0	0	FALSE	TRUE	0
OG_0013465	NA	FALSE	0	0	FALSE	TRUE	0
OG_0013471	NA	FALSE	0	0	FALSE	TRUE	0
OG_0013492	NA	FALSE	0	0	FALSE	TRUE	0
OG_0013551	NA	FALSE	0	0	FALSE	TRUE	0
OG_0013552	NA	FALSE	0	0	FALSE	TRUE	0
OG_0013593	NA	FALSE	0	0	FALSE	TRUE	0
OG_0013640	NA	FALSE	0	0	FALSE	TRUE	0
OG_0013641	NA	FALSE	0	0	FALSE	TRUE	0
OG_0013728	NA	FALSE	0	0	FALSE	TRUE	0
OG_0013748	NA	FALSE	0	0	FALSE	TRUE	0
OG_0013783	NA	FALSE	0	0	FALSE	TRUE	0
OG_0013899	NA	FALSE	0	0	FALSE	TRUE	0
OG_0013909	NA	FALSE	0	0	FALSE	TRUE	0
OG_0013941	NA	FALSE	0	0	FALSE	TRUE	0
OG_0013960	NA	FALSE	0	0	FALSE	TRUE	0
OG_0013971	NA	FALSE	0	0	FALSE	TRUE	0
OG_0013979	COQ6	TRUE	1	0	FALSE	TRUE	0
OG_0014270	NA	FALSE	0	0	FALSE	TRUE	0
OG_0014538	NA	FALSE	0	0	FALSE	TRUE	0
OG_0014545	NA	FALSE	0	0	FALSE	TRUE	0
OG_0014602	NA	FALSE	0	0	FALSE	TRUE	0
OG_0014622	NA	FALSE	0	0	FALSE	TRUE	0
OG_0014693	NA	FALSE	0	0	FALSE	TRUE	0
OG_0014734	NA	FALSE	0	0	FALSE	TRUE	0
OG_0014792	NA	FALSE	0	0	FALSE	TRUE	0
OG_0014806	NA	FALSE	0	0	FALSE	TRUE	0
OG_0014874	NA	FALSE	0	0	FALSE	TRUE	0
OG_0014895	NA	FALSE	0	0	FALSE	TRUE	0
OG_0014943	NA	FALSE	0	0	FALSE	TRUE	0
OG_0015126	NA	FALSE	0	0	FALSE	TRUE	0
OG_0015271	NA	FALSE	0	0	FALSE	TRUE	0
OG_0015288	NA	FALSE	0	0	FALSE	TRUE	0
OG_0015304	NA	FALSE	0	0	FALSE	TRUE	0
OG_0015396	NA	FALSE	0	0	FALSE	TRUE	0
OG_0015443	NA	FALSE	0	0	FALSE	TRUE	0
OG_0015458	NA	FALSE	0	0	FALSE	TRUE	0
OG_0015502	NA	FALSE	0	0	FALSE	TRUE	0
OG_0015540	NA	FALSE	0	0	FALSE	TRUE	0
OG_0015549	NA	FALSE	0	0	FALSE	TRUE	0
OG_0015585	NA	FALSE	0	0	FALSE	TRUE	0
OG_0015787	NA	FALSE	0	0	FALSE	TRUE	0
OG_0015806	NA	FALSE	0	0	FALSE	TRUE	0
OG_0015817	NA	FALSE	0	0	FALSE	TRUE	0
OG_0015915	NA	FALSE	0	0	FALSE	TRUE	0
OG_0015922	NA	FALSE	0	0	FALSE	TRUE	0
OG_0015937	NA	FALSE	0	0	FALSE	TRUE	0
OG_0016213	NA	FALSE	0	0	FALSE	TRUE	0
OG_0016366	NA	FALSE	0	0	FALSE	TRUE	0
OG_0016557	NA	FALSE	0	0	FALSE	TRUE	0
OG_0016587	NA	FALSE	0	0	FALSE	TRUE	0
OG_0016604	NA	FALSE	0	0	FALSE	TRUE	0
OG_0016635	NA	FALSE	0	0	FALSE	TRUE	0
OG_0016674	NA	FALSE	0	0	FALSE	TRUE	0
OG_0016677	NA	FALSE	0	0	FALSE	TRUE	0
OG_0016794	NA	FALSE	0	0	FALSE	TRUE	0
OG_0016823	NA	FALSE	0	0	FALSE	TRUE	0
OG_0016918	NA	FALSE	0	0	FALSE	TRUE	0
OG_0016934	NA	FALSE	0	0	FALSE	TRUE	0
OG_0016947	NA	FALSE	0	0	FALSE	TRUE	0
OG_0016965	NA	FALSE	0	0	FALSE	TRUE	0
OG_0016971	NA	FALSE	0	0	FALSE	TRUE	0
OG_0017042	NA	FALSE	0	0	FALSE	TRUE	0
OG_0017169	NA	FALSE	0	0	FALSE	TRUE	0
OG_0017228	NA	FALSE	0	0	FALSE	TRUE	0
OG_0017254	NA	FALSE	0	0	FALSE	TRUE	0
OG_0017301	NA	FALSE	0	0	FALSE	TRUE	0
OG_0017308	NA	FALSE	0	0	FALSE	TRUE	0
OG_0017335	NA	FALSE	0	0	FALSE	TRUE	0
OG_0017435	NA	FALSE	0	0	FALSE	TRUE	0
OG_0017450	NA	FALSE	0	0	TRUE	TRUE	0
OG_0017507	NA	FALSE	0	0	FALSE	TRUE	0
OG_0017516	NA	FALSE	0	0	FALSE	TRUE	0
OG_0017547	NA	FALSE	0	0	FALSE	TRUE	0
OG_0017571	NA	FALSE	0	0	FALSE	TRUE	0
OG_0017598	MOCS3	TRUE	2	1	FALSE	TRUE	0
OG_0017763	NA	FALSE	0	0	FALSE	TRUE	0
OG_0017803	NA	FALSE	0	0	FALSE	TRUE	0
OG_0017804	NA	FALSE	0	0	FALSE	TRUE	0
OG_0017812	NA	FALSE	0	0	FALSE	TRUE	0
OG_0017989	NA	FALSE	0	0	FALSE	TRUE	0
OG_0018051	NA	FALSE	0	0	FALSE	TRUE	0
OG_0018052	NA	FALSE	0	0	FALSE	TRUE	0
OG_0018158	NA	FALSE	0	0	FALSE	TRUE	0
OG_0018372	NA	FALSE	0	0	FALSE	TRUE	0
OG_0018406	NA	FALSE	0	0	FALSE	TRUE	0
OG_0018417	NA	FALSE	0	0	FALSE	TRUE	0
OG_0018437	NA	FALSE	0	0	FALSE	TRUE	0
OG_0018558	NA	FALSE	0	0	FALSE	TRUE	0
OG_0018561	NA	FALSE	0	0	FALSE	TRUE	0
OG_0018566	NA	FALSE	0	0	TRUE	TRUE	0
OG_0018577	NA	FALSE	0	0	FALSE	TRUE	0
OG_0018594	NA	FALSE	0	0	FALSE	TRUE	0
OG_0018728	NA	FALSE	0	0	FALSE	TRUE	0
OG_0018739	NA	FALSE	0	0	FALSE	TRUE	0
OG_0018743	NA	FALSE	0	0	FALSE	TRUE	0
OG_0018753	NA	FALSE	0	0	FALSE	TRUE	0
OG_0018793	NA	FALSE	0	0	FALSE	TRUE	0
OG_0018879	NA	FALSE	0	0	FALSE	TRUE	0
OG_0018887	NA	FALSE	0	0	FALSE	TRUE	0
OG_0018890	NA	FALSE	0	0	FALSE	TRUE	0
OG_0018903	NA	FALSE	0	0	FALSE	TRUE	0
OG_0018918	NA	FALSE	0	0	FALSE	TRUE	0
OG_0018921	NA	FALSE	0	0	FALSE	TRUE	0
OG_0018962	NA	FALSE	0	0	FALSE	TRUE	0
OG_0018968	NA	FALSE	0	0	FALSE	TRUE	0
OG_0018970	NA	FALSE	0	0	FALSE	TRUE	0
OG_0018979	NA	FALSE	0	0	FALSE	TRUE	0
OG_0019250	NA	FALSE	0	0	FALSE	TRUE	0
OG_0019261	NA	FALSE	0	0	FALSE	TRUE	0
OG_0019345	NA	FALSE	0	0	FALSE	TRUE	0
OG_0019349	NA	FALSE	0	0	FALSE	TRUE	0
OG_0019350	NA	FALSE	0	0	FALSE	TRUE	0
OG_0019418	NA	FALSE	0	0	FALSE	TRUE	0
OG_0019476	NA	FALSE	0	0	FALSE	TRUE	0
OG_0019538	NA	FALSE	0	0	FALSE	TRUE	0
OG_0019571	NA	FALSE	0	0	FALSE	TRUE	0
OG_0019685	NA	FALSE	0	0	FALSE	TRUE	0
OG_0019700	NA	FALSE	0	0	FALSE	TRUE	0
OG_0019767	NA	FALSE	0	0	FALSE	TRUE	0
OG_0019810	NA	FALSE	0	0	FALSE	TRUE	0
OG_0019945	NA	FALSE	0	0	FALSE	TRUE	0
OG_0020003	NA	FALSE	0	0	FALSE	TRUE	0
OG_0020008	NA	FALSE	0	0	FALSE	TRUE	0
OG_0020012	NA	FALSE	0	0	FALSE	TRUE	0
OG_0020033	NA	FALSE	0	0	FALSE	TRUE	0
OG_0020047	NA	FALSE	0	0	FALSE	TRUE	0
OG_0020076	NA	FALSE	0	0	FALSE	TRUE	0
OG_0020080	NA	FALSE	0	0	FALSE	TRUE	0
OG_0020081	NA	FALSE	0	0	FALSE	TRUE	0
OG_0020207	NA	FALSE	0	0	FALSE	TRUE	0
OG_0020295	NA	FALSE	0	0	FALSE	TRUE	0
OG_0020322	NA	FALSE	0	0	FALSE	TRUE	0
OG_0020324	NA	FALSE	0	0	FALSE	TRUE	0
OG_0020338	NA	FALSE	0	0	FALSE	TRUE	0
OG_0020347	NA	FALSE	0	0	FALSE	TRUE	0
OG_0020366	NA	FALSE	0	0	FALSE	TRUE	0
OG_0020407	NA	FALSE	0	0	FALSE	TRUE	0
OG_0020510	NA	FALSE	0	0	FALSE	TRUE	0
OG_0020519	NA	FALSE	0	0	FALSE	TRUE	0
OG_0020639	NA	FALSE	0	0	FALSE	TRUE	0
OG_0020641	NA	FALSE	0	0	FALSE	TRUE	0
OG_0020658	NA	FALSE	0	0	FALSE	TRUE	0
OG_0020789	NA	FALSE	0	0	FALSE	TRUE	0
OG_0020799	NA	FALSE	0	0	FALSE	TRUE	0
OG_0020831	NA	FALSE	0	0	FALSE	TRUE	0
OG_0020872	NA	FALSE	0	0	FALSE	TRUE	0
OG_0020901	NA	FALSE	0	0	FALSE	TRUE	0
OG_0020931	NA	FALSE	0	0	FALSE	TRUE	0
OG_0020950	NA	FALSE	0	0	FALSE	TRUE	0
OG_0020951	NA	FALSE	0	0	FALSE	TRUE	0
OG_0020960	NA	FALSE	0	0	FALSE	TRUE	0
OG_0021074	NA	FALSE	0	0	FALSE	TRUE	0
OG_0021116	NA	FALSE	0	0	FALSE	TRUE	0
OG_0021173	NA	FALSE	0	0	FALSE	TRUE	0
OG_0021197	NA	FALSE	0	0	FALSE	TRUE	0
OG_0021213	NA	FALSE	0	0	FALSE	TRUE	0
OG_0021218	NA	FALSE	0	0	FALSE	TRUE	0
OG_0021376	NA	FALSE	0	0	FALSE	TRUE	0
OG_0021414	NA	FALSE	0	0	FALSE	TRUE	0
OG_0021491	NA	FALSE	0	0	FALSE	TRUE	0
OG_0021521	NA	FALSE	0	0	FALSE	TRUE	0
OG_0021817	NA	FALSE	0	0	FALSE	TRUE	0
OG_0021826	NA	FALSE	0	0	FALSE	TRUE	0
OG_0022167	NA	FALSE	0	0	FALSE	TRUE	0
OG_0022168	NA	FALSE	0	0	FALSE	TRUE	0
OG_0022173	NA	FALSE	0	0	FALSE	TRUE	0
OG_0022464	NA	FALSE	0	0	FALSE	TRUE	0
OG_0022473	NA	FALSE	0	0	FALSE	TRUE	0
OG_0022502	NA	FALSE	0	0	FALSE	TRUE	0
OG_0022521	NA	FALSE	0	0	FALSE	TRUE	0
OG_0022524	NA	FALSE	0	0	FALSE	TRUE	0
OG_0022528	NA	FALSE	0	0	FALSE	TRUE	0
OG_0022531	NA	FALSE	0	0	FALSE	TRUE	0
OG_0022885	CCDC167	TRUE	1	0	FALSE	TRUE	0
OG_0022912	NA	FALSE	0	0	FALSE	TRUE	0
OG_0022933	NA	FALSE	0	0	FALSE	TRUE	0
OG_0023372	NA	FALSE	0	0	FALSE	TRUE	0
OG_0023407	NA	FALSE	0	0	FALSE	TRUE	0
OG_0023438	NA	FALSE	0	0	FALSE	TRUE	0
OG_0023466	NA	FALSE	0	0	FALSE	TRUE	0
OG_0023476	NA	FALSE	0	0	FALSE	TRUE	0
OG_0025580	NA	FALSE	0	0	FALSE	TRUE	0
OG_0025626	NA	FALSE	0	0	FALSE	TRUE	0
OG_0025660	NA	FALSE	0	0	FALSE	TRUE	0
OG_0026045	NA	FALSE	0	0	FALSE	TRUE	0
OG_0026050	NA	FALSE	0	0	FALSE	TRUE	0
OG_0026668	NA	FALSE	0	0	FALSE	TRUE	0
OG_0026692	NA	FALSE	0	0	FALSE	TRUE	0
OG_0026763	NA	FALSE	0	0	FALSE	TRUE	0
OG_0026775	NA	FALSE	0	0	FALSE	TRUE	0
OG_0027140	NA	FALSE	0	0	FALSE	TRUE	0
OG_0027180	NA	FALSE	0	0	FALSE	TRUE	0
OG_0027568	NA	FALSE	0	0	FALSE	TRUE	0
OG_0028055	NA	FALSE	0	0	FALSE	TRUE	0
OG_0028141	NA	FALSE	0	0	FALSE	TRUE	0
OG_0028145	NA	FALSE	0	0	FALSE	TRUE	0
OG_0028853	NA	FALSE	0	0	FALSE	TRUE	0
OG_0029031	NA	FALSE	0	0	FALSE	TRUE	0
OG_0029830	NA	FALSE	0	0	FALSE	TRUE	0
OG_0029897	NA	FALSE	0	0	FALSE	TRUE	0
OG_0029900	NA	FALSE	0	0	FALSE	TRUE	0
OG_0031281	NA	FALSE	0	0	FALSE	TRUE	0
OG_0032991	NA	FALSE	0	0	FALSE	TRUE	0
OG_0033138	NA	FALSE	0	0	FALSE	TRUE	0
OG_0033300	NA	FALSE	0	0	FALSE	TRUE	0
OG_0033423	NA	FALSE	0	0	FALSE	TRUE	0
OG_0033484	NA	FALSE	0	0	FALSE	TRUE	0
OG_0033791	NA	FALSE	0	0	FALSE	TRUE	0
OG_0033810	NA	FALSE	0	0	FALSE	TRUE	0
OG_0033992	CFH	TRUE	1	0	FALSE	TRUE	0
OG_0033996	NA	FALSE	0	0	FALSE	TRUE	0
OG_0035939	NA	FALSE	0	0	FALSE	TRUE	0
OG_0036157	NA	FALSE	0	0	FALSE	TRUE	0
OG_0036160	NA	FALSE	0	0	FALSE	TRUE	0
OG_0036234	NA	FALSE	0	0	FALSE	TRUE	0
OG_0036235	NA	FALSE	0	0	FALSE	TRUE	0
OG_0038784	NA	FALSE	0	0	FALSE	TRUE	0
OG_0038982	NA	FALSE	0	0	FALSE	TRUE	0
OG_0038988	NA	FALSE	0	0	FALSE	TRUE	0
OG_0038996	NA	FALSE	0	0	FALSE	TRUE	0
OG_0039008	NA	FALSE	0	0	FALSE	TRUE	0
OG_0041682	NA	FALSE	0	0	FALSE	TRUE	0
OG_0041798	NA	FALSE	0	0	FALSE	TRUE	0
OG_0041909	NA	FALSE	0	0	FALSE	TRUE	0
OG_0042000	NA	FALSE	0	0	FALSE	TRUE	0
OG_0042044	NA	FALSE	0	0	FALSE	TRUE	0
OG_0042058	NA	FALSE	0	0	FALSE	TRUE	0
OG_0042072	NA	FALSE	0	0	FALSE	TRUE	0
OG_0042079	NA	FALSE	0	0	FALSE	TRUE	0
OG_0042305	NA	FALSE	0	0	TRUE	TRUE	0
OG_0042307	NA	FALSE	0	0	TRUE	TRUE	0
OG_0042537	NA	FALSE	0	0	FALSE	TRUE	0
OG_0042584	NA	FALSE	0	0	FALSE	TRUE	0
OG_0042618	NA	FALSE	0	0	FALSE	TRUE	0
OG_0042909	NA	FALSE	0	0	FALSE	TRUE	0
OG_0043150	NA	FALSE	0	0	FALSE	TRUE	0
OG_0043327	NA	FALSE	0	0	FALSE	TRUE	0
OG_0043341	NA	FALSE	0	0	FALSE	TRUE	0
OG_0043371	NA	FALSE	0	0	FALSE	TRUE	0
OG_0043449	NA	FALSE	0	0	FALSE	TRUE	0
OG_0044219	NA	FALSE	0	0	FALSE	TRUE	0
OG_0000086	NA	FALSE	0	0	FALSE	FALSE	1
OG_0000094	NA	FALSE	0	0	FALSE	FALSE	1
OG_0000115	NA	FALSE	0	0	FALSE	FALSE	1
OG_0000157	EP400	TRUE	1	0	FALSE	FALSE	1
OG_0000194	NA	FALSE	0	0	FALSE	FALSE	1
OG_0000195	NA	FALSE	0	0	FALSE	FALSE	1
OG_0000219	NA	FALSE	0	0	TRUE	FALSE	1
OG_0000303	NA	FALSE	0	0	FALSE	FALSE	1
OG_0000313	NA	FALSE	0	0	FALSE	FALSE	1
OG_0000397	NA	FALSE	0	0	FALSE	FALSE	1
OG_0000405	NA	FALSE	0	0	FALSE	FALSE	1
OG_0000408	NA	FALSE	0	0	FALSE	FALSE	1
OG_0000415	NA	FALSE	0	0	FALSE	FALSE	1
OG_0000416	NA	FALSE	0	0	FALSE	FALSE	1
OG_0000423	NA	FALSE	0	0	FALSE	FALSE	1
OG_0001086	NA	FALSE	0	0	FALSE	FALSE	1
OG_0001094	NA	FALSE	0	0	FALSE	FALSE	1
OG_0001108	NA	FALSE	0	0	FALSE	FALSE	1
OG_0001117	NA	FALSE	0	0	TRUE	FALSE	1
OG_0001155	NA	FALSE	0	0	FALSE	FALSE	1
OG_0001224	NA	FALSE	0	0	FALSE	FALSE	1
OG_0001275	NA	FALSE	0	0	FALSE	FALSE	1
OG_0001291	NA	FALSE	0	0	FALSE	FALSE	1
OG_0001327	NA	FALSE	0	0	FALSE	FALSE	1
OG_0001333	NA	FALSE	0	0	FALSE	FALSE	1
OG_0001499	NA	FALSE	0	0	FALSE	FALSE	1
OG_0001500	NA	FALSE	0	0	FALSE	FALSE	1
OG_0001502	NA	FALSE	0	0	FALSE	FALSE	1
OG_0001717	NA	FALSE	0	0	FALSE	FALSE	1
OG_0001936	NA	FALSE	0	0	FALSE	FALSE	1
OG_0001938	NA	FALSE	0	0	FALSE	FALSE	1
OG_0001940	NA	FALSE	0	0	FALSE	FALSE	1
OG_0001941	NA	FALSE	0	0	FALSE	FALSE	1
OG_0001978	NA	FALSE	0	0	FALSE	FALSE	1
OG_0001986	NA	FALSE	0	0	FALSE	FALSE	1
OG_0002145	NA	FALSE	0	0	FALSE	FALSE	1
OG_0002165	NA	FALSE	0	0	FALSE	FALSE	1
OG_0002166	NA	FALSE	0	0	FALSE	FALSE	1
OG_0002190	NA	FALSE	0	0	FALSE	FALSE	1
OG_0002253	NA	FALSE	0	0	TRUE	FALSE	1
OG_0002274	NA	FALSE	0	0	FALSE	FALSE	1
OG_0002287	NA	FALSE	0	0	FALSE	FALSE	1
OG_0002305	NA	FALSE	0	0	FALSE	FALSE	1
OG_0002317	NA	FALSE	0	0	FALSE	FALSE	1
OG_0002380	NA	FALSE	0	0	FALSE	FALSE	1
OG_0002446	NA	FALSE	0	0	FALSE	FALSE	1
OG_0002470	NA	FALSE	0	0	TRUE	FALSE	1
OG_0002490	NA	FALSE	0	0	FALSE	FALSE	1
OG_0002508	NA	FALSE	0	0	TRUE	FALSE	1
OG_0002512	NA	FALSE	0	0	FALSE	FALSE	1
OG_0002517	NA	FALSE	0	0	FALSE	FALSE	1
OG_0002545	NA	FALSE	0	0	FALSE	FALSE	1
OG_0002557	NA	FALSE	0	0	FALSE	FALSE	1
OG_0002558	NA	FALSE	0	0	FALSE	FALSE	1
OG_0002569	NA	FALSE	0	0	FALSE	FALSE	1
OG_0002576	NA	FALSE	0	0	FALSE	FALSE	1
OG_0002595	NA	FALSE	0	0	FALSE	FALSE	1
OG_0002654	NA	FALSE	0	0	FALSE	FALSE	1
OG_0002682	NA	FALSE	0	0	FALSE	FALSE	1
OG_0002772	NA	FALSE	0	0	FALSE	FALSE	1
OG_0002800	NA	FALSE	0	0	FALSE	FALSE	1
OG_0002802	NA	FALSE	0	0	FALSE	FALSE	1
OG_0002816	NA	FALSE	0	0	FALSE	FALSE	1
OG_0002818	NA	FALSE	0	0	FALSE	FALSE	1
OG_0002821	NA	FALSE	0	0	FALSE	FALSE	1
OG_0002836	NA	FALSE	0	0	FALSE	FALSE	1
OG_0002837	NA	FALSE	0	0	FALSE	FALSE	1
OG_0002849	NA	FALSE	0	0	FALSE	FALSE	1
OG_0002863	NA	FALSE	0	0	TRUE	FALSE	1
OG_0002935	NA	FALSE	0	0	FALSE	FALSE	1
OG_0002937	NA	FALSE	0	0	FALSE	FALSE	1
OG_0002946	NA	FALSE	0	0	FALSE	FALSE	1
OG_0002984	NA	FALSE	0	0	FALSE	FALSE	1
OG_0003003	NA	FALSE	0	0	FALSE	FALSE	1
OG_0003022	NA	FALSE	0	0	FALSE	FALSE	1
OG_0003052	CXorf57	TRUE	1	0	FALSE	FALSE	1
OG_0003064	NA	FALSE	0	0	FALSE	FALSE	1
OG_0003094	NA	FALSE	0	0	FALSE	FALSE	1
OG_0003150	NA	FALSE	0	0	FALSE	FALSE	1
OG_0003254	NA	FALSE	0	0	FALSE	FALSE	1
OG_0003255	NA	FALSE	0	0	FALSE	FALSE	1
OG_0003256	NA	FALSE	0	0	FALSE	FALSE	1
OG_0003313	NA	FALSE	0	0	FALSE	FALSE	1
OG_0003352	NA	FALSE	0	0	FALSE	FALSE	1
OG_0003402	NA	FALSE	0	0	FALSE	FALSE	1
OG_0003515	NA	FALSE	0	0	FALSE	FALSE	1
OG_0003528	NA	FALSE	0	0	FALSE	FALSE	1
OG_0003535	NA	FALSE	0	0	FALSE	FALSE	1
OG_0003624	NA	FALSE	0	0	TRUE	FALSE	1
OG_0003658	NA	FALSE	0	0	FALSE	FALSE	1
OG_0003667	NA	FALSE	0	0	FALSE	FALSE	1
OG_0003724	NA	FALSE	0	0	FALSE	FALSE	1
OG_0003729	NA	FALSE	0	0	FALSE	FALSE	1
OG_0003768	NA	FALSE	0	0	FALSE	FALSE	1
OG_0003792	NA	FALSE	0	0	FALSE	FALSE	1
OG_0003800	NA	FALSE	0	0	FALSE	FALSE	1
OG_0003808	NA	FALSE	0	0	FALSE	FALSE	1
OG_0003861	NA	FALSE	0	0	FALSE	FALSE	1
OG_0003871	NA	FALSE	0	0	FALSE	FALSE	1
OG_0003880	NA	FALSE	0	0	FALSE	FALSE	1
OG_0003907	NA	FALSE	0	0	FALSE	FALSE	1
OG_0003912	NA	FALSE	0	0	FALSE	FALSE	1
OG_0003928	NA	FALSE	0	0	FALSE	FALSE	1
OG_0003943	NA	FALSE	0	0	FALSE	FALSE	1
OG_0003973	NA	FALSE	0	0	FALSE	FALSE	1
OG_0003979	NA	FALSE	0	0	FALSE	FALSE	1
OG_0003989	NA	FALSE	0	0	TRUE	FALSE	1
OG_0003999	NA	FALSE	0	0	FALSE	FALSE	1
OG_0004007	NA	FALSE	0	0	FALSE	FALSE	1
OG_0004064	NA	FALSE	0	0	FALSE	FALSE	1
OG_0004080	NA	FALSE	0	0	FALSE	FALSE	1
OG_0004103	NA	FALSE	0	0	FALSE	FALSE	1
OG_0004116	NA	FALSE	0	0	FALSE	FALSE	1
OG_0004170	NA	FALSE	0	0	FALSE	FALSE	1
OG_0004175	NA	FALSE	0	0	FALSE	FALSE	1
OG_0004197	NA	FALSE	0	0	FALSE	FALSE	1
OG_0004229	NA	FALSE	0	0	FALSE	FALSE	1
OG_0004254	NA	FALSE	0	0	FALSE	FALSE	1
OG_0004276	NA	FALSE	0	0	FALSE	FALSE	1
OG_0004277	NA	FALSE	0	0	FALSE	FALSE	1
OG_0004282	NA	FALSE	0	0	FALSE	FALSE	1
OG_0004297	NA	FALSE	0	0	FALSE	FALSE	1
OG_0004323	NA	FALSE	0	0	FALSE	FALSE	1
OG_0004326	NA	FALSE	0	0	FALSE	FALSE	1
OG_0004400	NA	FALSE	0	0	FALSE	FALSE	1
OG_0004402	NA	FALSE	0	0	FALSE	FALSE	1
OG_0004403	NA	FALSE	0	0	FALSE	FALSE	1
OG_0004407	NA	FALSE	0	0	FALSE	FALSE	1
OG_0004425	NA	FALSE	0	0	FALSE	FALSE	1
OG_0004550	NA	FALSE	0	0	FALSE	FALSE	1
OG_0004590	NA	FALSE	0	0	FALSE	FALSE	1
OG_0004600	NA	FALSE	0	0	TRUE	FALSE	1
OG_0004603	TGM4	TRUE	1	0	FALSE	FALSE	1
OG_0004634	NA	FALSE	0	0	FALSE	FALSE	1
OG_0004663	NA	FALSE	0	0	FALSE	FALSE	1
OG_0004711	NA	FALSE	0	0	FALSE	FALSE	1
OG_0004732	NA	FALSE	0	0	FALSE	FALSE	1
OG_0004750	NA	FALSE	0	0	FALSE	FALSE	1
OG_0004754	NA	FALSE	0	0	FALSE	FALSE	1
OG_0004817	NA	FALSE	0	0	FALSE	FALSE	1
OG_0004838	NA	FALSE	0	0	FALSE	FALSE	1
OG_0004842	NA	FALSE	0	0	TRUE	FALSE	1
OG_0004843	NA	FALSE	0	0	FALSE	FALSE	1
OG_0004874	NA	FALSE	0	0	FALSE	FALSE	1
OG_0004881	NA	FALSE	0	0	FALSE	FALSE	1
OG_0004891	NA	FALSE	0	0	FALSE	FALSE	1
OG_0004894	NA	FALSE	0	0	FALSE	FALSE	1
OG_0004977	NA	FALSE	0	0	FALSE	FALSE	1
OG_0004996	NA	FALSE	0	0	FALSE	FALSE	1
OG_0005001	NA	FALSE	0	0	FALSE	FALSE	1
OG_0005015	NA	FALSE	0	0	FALSE	FALSE	1
OG_0005028	NA	FALSE	0	0	FALSE	FALSE	1
OG_0005043	NA	FALSE	0	0	FALSE	FALSE	1
OG_0005054	NA	FALSE	0	0	FALSE	FALSE	1
OG_0005067	NA	FALSE	0	0	FALSE	FALSE	1
OG_0005119	NA	FALSE	0	0	FALSE	FALSE	1
OG_0005142	NA	FALSE	0	0	FALSE	FALSE	1
OG_0005160	NA	FALSE	0	0	FALSE	FALSE	1
OG_0005194	NA	FALSE	0	0	FALSE	FALSE	1
OG_0005197	NA	FALSE	0	0	FALSE	FALSE	1
OG_0005216	NA	FALSE	0	0	FALSE	FALSE	1
OG_0005217	NA	FALSE	0	0	FALSE	FALSE	1
OG_0005220	NA	FALSE	0	0	FALSE	FALSE	1
OG_0005224	NA	FALSE	0	0	FALSE	FALSE	1
OG_0005237	NA	FALSE	0	0	FALSE	FALSE	1
OG_0005283	TDRD7	TRUE	1	0	FALSE	FALSE	1
OG_0005310	NA	FALSE	0	0	FALSE	FALSE	1
OG_0005317	NA	FALSE	0	0	TRUE	FALSE	1
OG_0005320	NA	FALSE	0	0	FALSE	FALSE	1
OG_0005340	CCNA2	TRUE	1	0	FALSE	FALSE	1
OG_0005350	NA	FALSE	0	0	TRUE	FALSE	1
OG_0005366	NA	FALSE	0	0	FALSE	FALSE	1
OG_0005375	NA	FALSE	0	0	FALSE	FALSE	1
OG_0005390	NA	FALSE	0	0	FALSE	FALSE	1
OG_0005403	NA	FALSE	0	0	FALSE	FALSE	1
OG_0005404	NA	FALSE	0	0	FALSE	FALSE	1
OG_0005406	NA	FALSE	0	0	FALSE	FALSE	1
OG_0005407	NA	FALSE	0	0	FALSE	FALSE	1
OG_0005447	NA	FALSE	0	0	FALSE	FALSE	1
OG_0005465	NA	FALSE	0	0	FALSE	FALSE	1
OG_0005490	NA	FALSE	0	0	FALSE	FALSE	1
OG_0005530	NA	FALSE	0	0	FALSE	FALSE	1
OG_0005541	NA	FALSE	0	0	FALSE	FALSE	1
OG_0005542	NA	FALSE	0	0	FALSE	FALSE	1
OG_0005562	NA	FALSE	0	0	FALSE	FALSE	1
OG_0005567	NA	FALSE	0	0	FALSE	FALSE	1
OG_0005581	NA	FALSE	0	0	FALSE	FALSE	1
OG_0005620	NA	FALSE	0	0	FALSE	FALSE	1
OG_0005653	NA	FALSE	0	0	FALSE	FALSE	1
OG_0005659	NA	FALSE	0	0	FALSE	FALSE	1
OG_0005766	NA	FALSE	0	0	FALSE	FALSE	1
OG_0005775	NA	FALSE	0	0	FALSE	FALSE	1
OG_0005789	NA	FALSE	0	0	FALSE	FALSE	1
OG_0005790	NA	FALSE	0	0	FALSE	FALSE	1
OG_0005826	NA	FALSE	0	0	FALSE	FALSE	1
OG_0005832	NA	FALSE	0	0	FALSE	FALSE	1
OG_0005850	NA	FALSE	0	0	FALSE	FALSE	1
OG_0005858	NA	FALSE	0	0	FALSE	FALSE	1
OG_0005863	NA	FALSE	0	0	FALSE	FALSE	1
OG_0005903	NA	FALSE	0	0	FALSE	FALSE	1
OG_0005905	NA	FALSE	0	0	FALSE	FALSE	1
OG_0005907	NA	FALSE	0	0	TRUE	FALSE	1
OG_0005988	NA	FALSE	0	0	FALSE	FALSE	1
OG_0005989	NA	FALSE	0	0	TRUE	FALSE	1
OG_0005991	NA	FALSE	0	0	FALSE	FALSE	1
OG_0006027	NA	FALSE	0	0	FALSE	FALSE	1
OG_0006035	NA	FALSE	0	0	FALSE	FALSE	1
OG_0006040	NA	FALSE	0	0	FALSE	FALSE	1
OG_0006110	NA	FALSE	0	0	FALSE	FALSE	1
OG_0006121	NA	FALSE	0	0	FALSE	FALSE	1
OG_0006162	NA	FALSE	0	0	FALSE	FALSE	1
OG_0006177	NA	FALSE	0	0	FALSE	FALSE	1
OG_0006181	NA	FALSE	0	0	FALSE	FALSE	1
OG_0006224	NA	FALSE	0	0	FALSE	FALSE	1
OG_0006257	NA	FALSE	0	0	FALSE	FALSE	1
OG_0006339	NA	FALSE	0	0	TRUE	FALSE	1
OG_0006359	NA	FALSE	0	0	FALSE	FALSE	1
OG_0006382	NA	FALSE	0	0	FALSE	FALSE	1
OG_0006383	NA	FALSE	0	0	FALSE	FALSE	1
OG_0006390	NA	FALSE	0	0	FALSE	FALSE	1
OG_0006475	NA	FALSE	0	0	FALSE	FALSE	1
OG_0006492	NA	FALSE	0	0	FALSE	FALSE	1
OG_0006530	NA	FALSE	0	0	FALSE	FALSE	1
OG_0006531	NA	FALSE	0	0	FALSE	FALSE	1
OG_0006543	NA	FALSE	0	0	FALSE	FALSE	1
OG_0006561	NA	FALSE	0	0	FALSE	FALSE	1
OG_0006625	NA	FALSE	0	0	FALSE	FALSE	1
OG_0006632	NA	FALSE	0	0	FALSE	FALSE	1
OG_0006710	NA	FALSE	0	0	FALSE	FALSE	1
OG_0006728	NA	FALSE	0	0	FALSE	FALSE	1
OG_0006743	NA	FALSE	0	0	TRUE	FALSE	1
OG_0006744	NA	FALSE	0	0	FALSE	FALSE	1
OG_0006759	NA	FALSE	0	0	TRUE	FALSE	1
OG_0006774	NA	FALSE	0	0	FALSE	FALSE	1
OG_0006782	NA	FALSE	0	0	FALSE	FALSE	1
OG_0006784	NA	FALSE	0	0	FALSE	FALSE	1
OG_0006812	NA	FALSE	0	0	FALSE	FALSE	1
OG_0006815	NA	FALSE	0	0	FALSE	FALSE	1
OG_0006817	NA	FALSE	0	0	FALSE	FALSE	1
OG_0006820	NA	FALSE	0	0	FALSE	FALSE	1
OG_0006841	NA	FALSE	0	0	FALSE	FALSE	1
OG_0006893	NA	FALSE	0	0	FALSE	FALSE	1
OG_0006901	NA	FALSE	0	0	FALSE	FALSE	1
OG_0006937	NA	FALSE	0	0	FALSE	FALSE	1
OG_0006975	NA	FALSE	0	0	FALSE	FALSE	1
OG_0007039	NA	FALSE	0	0	FALSE	FALSE	1
OG_0007059	NA	FALSE	0	0	FALSE	FALSE	1
OG_0007090	NA	FALSE	0	0	FALSE	FALSE	1
OG_0007092	NA	FALSE	0	0	FALSE	FALSE	1
OG_0007128	NA	FALSE	0	0	FALSE	FALSE	1
OG_0007132	NA	FALSE	0	0	FALSE	FALSE	1
OG_0007137	LDHB	TRUE	1	0	FALSE	FALSE	1
OG_0007187	NA	FALSE	0	0	FALSE	FALSE	1
OG_0007200	NA	FALSE	0	0	FALSE	FALSE	1
OG_0007223	NA	FALSE	0	0	FALSE	FALSE	1
OG_0007249	NA	FALSE	0	0	FALSE	FALSE	1
OG_0007291	NA	FALSE	0	0	FALSE	FALSE	1
OG_0007300	NA	FALSE	0	0	FALSE	FALSE	1
OG_0007315	NA	FALSE	0	0	FALSE	FALSE	1
OG_0007370	NA	FALSE	0	0	FALSE	FALSE	1
OG_0007400	NA	FALSE	0	0	FALSE	FALSE	1
OG_0007402	NA	FALSE	0	0	FALSE	FALSE	1
OG_0007414	NA	FALSE	0	0	FALSE	FALSE	1
OG_0007419	NA	FALSE	0	0	FALSE	FALSE	1
OG_0007577	NA	FALSE	0	0	FALSE	FALSE	1
OG_0007604	NA	FALSE	0	0	FALSE	FALSE	1
OG_0007618	NA	FALSE	0	0	FALSE	FALSE	1
OG_0007630	NA	FALSE	0	0	FALSE	FALSE	1
OG_0007653	NA	FALSE	0	0	FALSE	FALSE	1
OG_0007672	NA	FALSE	0	0	FALSE	FALSE	1
OG_0007690	NA	FALSE	0	0	FALSE	FALSE	1
OG_0007701	NA	FALSE	0	0	FALSE	FALSE	1
OG_0007702	NA	FALSE	0	0	TRUE	FALSE	1
OG_0007704	NA	FALSE	0	0	FALSE	FALSE	1
OG_0007715	NA	FALSE	0	0	FALSE	FALSE	1
OG_0007734	NA	FALSE	0	0	FALSE	FALSE	1
OG_0007757	NA	FALSE	0	0	FALSE	FALSE	1
OG_0007762	NA	FALSE	0	0	FALSE	FALSE	1
OG_0007768	NA	FALSE	0	0	FALSE	FALSE	1
OG_0007771	NA	FALSE	0	0	FALSE	FALSE	1
OG_0007812	NA	FALSE	0	0	FALSE	FALSE	1
OG_0007877	NA	FALSE	0	0	FALSE	FALSE	1
OG_0007882	NA	FALSE	0	0	FALSE	FALSE	1
OG_0007885	NA	FALSE	0	0	FALSE	FALSE	1
OG_0007906	NA	FALSE	0	0	FALSE	FALSE	1
OG_0007909	NA	FALSE	0	0	FALSE	FALSE	1
OG_0007921	NA	FALSE	0	0	FALSE	FALSE	1
OG_0007964	NA	FALSE	0	0	FALSE	FALSE	1
OG_0008013	NA	FALSE	0	0	FALSE	FALSE	1
OG_0008015	NA	FALSE	0	0	FALSE	FALSE	1
OG_0008084	NA	FALSE	0	0	FALSE	FALSE	1
OG_0008117	NA	FALSE	0	0	FALSE	FALSE	1
OG_0008126	NA	FALSE	0	0	FALSE	FALSE	1
OG_0008137	NA	FALSE	0	0	FALSE	FALSE	1
OG_0008146	NA	FALSE	0	0	FALSE	FALSE	1
OG_0008159	NA	FALSE	0	0	FALSE	FALSE	1
OG_0008191	NA	FALSE	0	0	FALSE	FALSE	1
OG_0008227	NA	FALSE	0	0	FALSE	FALSE	1
OG_0008233	NA	FALSE	0	0	TRUE	FALSE	1
OG_0008252	NA	FALSE	0	0	FALSE	FALSE	1
OG_0008258	NA	FALSE	0	0	FALSE	FALSE	1
OG_0008282	stringtie_mRNA_54924	TRUE	1	0	FALSE	FALSE	1
OG_0008314	NA	FALSE	0	0	FALSE	FALSE	1
OG_0008392	NA	FALSE	0	0	FALSE	FALSE	1
OG_0008399	NA	FALSE	0	0	FALSE	FALSE	1
OG_0008400	NA	FALSE	0	0	FALSE	FALSE	1
OG_0008408	NA	FALSE	0	0	FALSE	FALSE	1
OG_0008439	NA	FALSE	0	0	FALSE	FALSE	1
OG_0008443	LOC100227084	TRUE	1	0	FALSE	FALSE	1
OG_0008456	NA	FALSE	0	0	FALSE	FALSE	1
OG_0008473	NA	FALSE	0	0	FALSE	FALSE	1
OG_0008478	NA	FALSE	0	0	FALSE	FALSE	1
OG_0008482	NA	FALSE	0	0	FALSE	FALSE	1
OG_0008490	NA	FALSE	0	0	FALSE	FALSE	1
OG_0008491	NA	FALSE	0	0	FALSE	FALSE	1
OG_0008504	NA	FALSE	0	0	FALSE	FALSE	1
OG_0008510	NA	FALSE	0	0	FALSE	FALSE	1
OG_0008524	NA	FALSE	0	0	FALSE	FALSE	1
OG_0008533	NA	FALSE	0	0	FALSE	FALSE	1
OG_0008537	NA	FALSE	0	0	FALSE	FALSE	1
OG_0008540	NA	FALSE	0	0	FALSE	FALSE	1
OG_0008543	NA	FALSE	0	0	FALSE	FALSE	1
OG_0008562	NA	FALSE	0	0	FALSE	FALSE	1
OG_0008563	NA	FALSE	0	0	FALSE	FALSE	1
OG_0008587	NA	FALSE	0	0	FALSE	FALSE	1
OG_0008600	NA	FALSE	0	0	FALSE	FALSE	1
OG_0008635	NA	FALSE	0	0	FALSE	FALSE	1
OG_0008682	NA	FALSE	0	0	FALSE	FALSE	1
OG_0008686	NA	FALSE	0	0	FALSE	FALSE	1
OG_0008688	NA	FALSE	0	0	FALSE	FALSE	1
OG_0008689	NA	FALSE	0	0	FALSE	FALSE	1
OG_0008691	NA	FALSE	0	0	FALSE	FALSE	1
OG_0008722	NA	FALSE	0	0	FALSE	FALSE	1
OG_0008724	NA	FALSE	0	0	FALSE	FALSE	1
OG_0008735	NA	FALSE	0	0	FALSE	FALSE	1
OG_0008750	NA	FALSE	0	0	TRUE	FALSE	1
OG_0008751	NA	FALSE	0	0	FALSE	FALSE	1
OG_0008756	NA	FALSE	0	0	FALSE	FALSE	1
OG_0008758	NA	FALSE	0	0	FALSE	FALSE	1
OG_0008781	NA	FALSE	0	0	FALSE	FALSE	1
OG_0008787	NA	FALSE	0	0	FALSE	FALSE	1
OG_0008791	NA	FALSE	0	0	FALSE	FALSE	1
OG_0008822	NA	FALSE	0	0	FALSE	FALSE	1
OG_0008853	NA	FALSE	0	0	FALSE	FALSE	1
OG_0008865	NA	FALSE	0	0	FALSE	FALSE	1
OG_0008880	NA	FALSE	0	0	FALSE	FALSE	1
OG_0008935	NA	FALSE	0	0	FALSE	FALSE	1
OG_0008949	NA	FALSE	0	0	FALSE	FALSE	1
OG_0009055	NA	FALSE	0	0	TRUE	FALSE	1
OG_0009065	NA	FALSE	0	0	FALSE	FALSE	1
OG_0009106	NA	FALSE	0	0	FALSE	FALSE	1
OG_0009134	NA	FALSE	0	0	FALSE	FALSE	1
OG_0009162	NA	FALSE	0	0	FALSE	FALSE	1
OG_0009226	NA	FALSE	0	0	FALSE	FALSE	1
OG_0009230	NA	FALSE	0	0	FALSE	FALSE	1
OG_0009264	NA	FALSE	0	0	FALSE	FALSE	1
OG_0009278	NA	FALSE	0	0	FALSE	FALSE	1
OG_0009412	NA	FALSE	0	0	FALSE	FALSE	1
OG_0009418	NA	FALSE	0	0	FALSE	FALSE	1
OG_0009420	NA	FALSE	0	0	FALSE	FALSE	1
OG_0009430	NA	FALSE	0	0	FALSE	FALSE	1
OG_0009453	NA	FALSE	0	0	FALSE	FALSE	1
OG_0009459	NA	FALSE	0	0	FALSE	FALSE	1
OG_0009462	NA	FALSE	0	0	FALSE	FALSE	1
OG_0009512	NA	FALSE	0	0	FALSE	FALSE	1
OG_0009515	NA	FALSE	0	0	FALSE	FALSE	1
OG_0009547	NA	FALSE	0	0	FALSE	FALSE	1
OG_0009550	NA	FALSE	0	0	FALSE	FALSE	1
OG_0009565	NA	FALSE	0	0	FALSE	FALSE	1
OG_0009574	NA	FALSE	0	0	FALSE	FALSE	1
OG_0009610	NA	FALSE	0	0	FALSE	FALSE	1
OG_0009615	NA	FALSE	0	0	FALSE	FALSE	1
OG_0009634	NA	FALSE	0	0	FALSE	FALSE	1
OG_0009660	NA	FALSE	0	0	FALSE	FALSE	1
OG_0009670	NA	FALSE	0	0	FALSE	FALSE	1
OG_0009672	NA	FALSE	0	0	FALSE	FALSE	1
OG_0009689	NA	FALSE	0	0	FALSE	FALSE	1
OG_0009695	NA	FALSE	0	0	FALSE	FALSE	1
OG_0009710	PANX1	TRUE	1	0	FALSE	FALSE	1
OG_0009747	NA	FALSE	0	0	FALSE	FALSE	1
OG_0009755	NA	FALSE	0	0	FALSE	FALSE	1
OG_0009767	NA	FALSE	0	0	FALSE	FALSE	1
OG_0009809	NA	FALSE	0	0	FALSE	FALSE	1
OG_0009826	NA	FALSE	0	0	FALSE	FALSE	1
OG_0009830	NA	FALSE	0	0	FALSE	FALSE	1
OG_0009862	NA	FALSE	0	0	FALSE	FALSE	1
OG_0009873	NA	FALSE	0	0	FALSE	FALSE	1
OG_0009883	NA	FALSE	0	0	FALSE	FALSE	1
OG_0009892	NA	FALSE	0	0	FALSE	FALSE	1
OG_0009906	NA	FALSE	0	0	FALSE	FALSE	1
OG_0009910	ENG	TRUE	1	0	FALSE	FALSE	1
OG_0009935	NA	FALSE	0	0	FALSE	FALSE	1
OG_0009979	NA	FALSE	0	0	FALSE	FALSE	1
OG_0009992	NA	FALSE	0	0	FALSE	FALSE	1
OG_0010051	NA	FALSE	0	0	FALSE	FALSE	1
OG_0010060	NA	FALSE	0	0	FALSE	FALSE	1
OG_0010065	NA	FALSE	0	0	FALSE	FALSE	1
OG_0010067	NA	FALSE	0	0	FALSE	FALSE	1
OG_0010074	NA	FALSE	0	0	FALSE	FALSE	1
OG_0010086	NA	FALSE	0	0	FALSE	FALSE	1
OG_0010156	NA	FALSE	0	0	FALSE	FALSE	1
OG_0010192	NA	FALSE	0	0	FALSE	FALSE	1
OG_0010221	NA	FALSE	0	0	FALSE	FALSE	1
OG_0010250	NA	FALSE	0	0	FALSE	FALSE	1
OG_0010264	NA	FALSE	0	0	FALSE	FALSE	1
OG_0010290	NA	FALSE	0	0	FALSE	FALSE	1
OG_0010339	NA	FALSE	0	0	FALSE	FALSE	1
OG_0010359	NA	FALSE	0	0	FALSE	FALSE	1
OG_0010384	NA	FALSE	0	0	FALSE	FALSE	1
OG_0010437	NA	FALSE	0	0	FALSE	FALSE	1
OG_0010443	NA	FALSE	0	0	FALSE	FALSE	1
OG_0010478	NA	FALSE	0	0	FALSE	FALSE	1
OG_0010521	NA	FALSE	0	0	FALSE	FALSE	1
OG_0010584	NA	FALSE	0	0	FALSE	FALSE	1
OG_0010614	NA	FALSE	0	0	FALSE	FALSE	1
OG_0010617	NA	FALSE	0	0	FALSE	FALSE	1
OG_0010644	NA	FALSE	0	0	FALSE	FALSE	1
OG_0010681	NA	FALSE	0	0	FALSE	FALSE	1
OG_0010710	NA	FALSE	0	0	FALSE	FALSE	1
OG_0010714	NA	FALSE	0	0	FALSE	FALSE	1
OG_0010716	NA	FALSE	0	0	FALSE	FALSE	1
OG_0010792	NA	FALSE	0	0	FALSE	FALSE	1
OG_0010833	NA	FALSE	0	0	FALSE	FALSE	1
OG_0010849	NA	FALSE	0	0	FALSE	FALSE	1
OG_0010900	NA	FALSE	0	0	FALSE	FALSE	1
OG_0010937	NA	FALSE	0	0	FALSE	FALSE	1
OG_0011005	NA	FALSE	0	0	FALSE	FALSE	1
OG_0011023	NA	FALSE	0	0	FALSE	FALSE	1
OG_0011024	NA	FALSE	0	0	FALSE	FALSE	1
OG_0011040	ZNF330	TRUE	1	0	FALSE	FALSE	1
OG_0011054	NA	FALSE	0	0	FALSE	FALSE	1
OG_0011066	NA	FALSE	0	0	FALSE	FALSE	1
OG_0011096	NA	FALSE	0	0	FALSE	FALSE	1
OG_0011103	NA	FALSE	0	0	FALSE	FALSE	1
OG_0011114	NA	FALSE	0	0	FALSE	FALSE	1
OG_0011117	NA	FALSE	0	0	FALSE	FALSE	1
OG_0011163	NA	FALSE	0	0	FALSE	FALSE	1
OG_0011173	NA	FALSE	0	0	FALSE	FALSE	1
OG_0011197	NA	FALSE	0	0	FALSE	FALSE	1
OG_0011203	NA	FALSE	0	0	FALSE	FALSE	1
OG_0011251	NA	FALSE	0	0	FALSE	FALSE	1
OG_0011330	NA	FALSE	0	0	FALSE	FALSE	1
OG_0011366	NA	FALSE	0	0	FALSE	FALSE	1
OG_0011422	NA	FALSE	0	0	FALSE	FALSE	1
OG_0011426	NA	FALSE	0	0	FALSE	FALSE	1
OG_0011442	NA	FALSE	0	0	FALSE	FALSE	1
OG_0011462	NA	FALSE	0	0	FALSE	FALSE	1
OG_0011484	NA	FALSE	0	0	FALSE	FALSE	1
OG_0011511	NA	FALSE	0	0	FALSE	FALSE	1
OG_0011513	NA	FALSE	0	0	FALSE	FALSE	1
OG_0011518	NA	FALSE	0	0	FALSE	FALSE	1
OG_0011549	NA	FALSE	0	0	FALSE	FALSE	1
OG_0011653	NA	FALSE	0	0	FALSE	FALSE	1
OG_0011683	NA	FALSE	0	0	FALSE	FALSE	1
OG_0011698	NA	FALSE	0	0	FALSE	FALSE	1
OG_0011728	NA	FALSE	0	0	FALSE	FALSE	1
OG_0011768	NA	FALSE	0	0	FALSE	FALSE	1
OG_0011772	NA	FALSE	0	0	FALSE	FALSE	1
OG_0011776	NA	FALSE	0	0	FALSE	FALSE	1
OG_0011783	NA	FALSE	0	0	FALSE	FALSE	1
OG_0011786	NA	FALSE	0	0	FALSE	FALSE	1
OG_0011791	NA	FALSE	0	0	FALSE	FALSE	1
OG_0011822	NA	FALSE	0	0	FALSE	FALSE	1
OG_0011847	NA	FALSE	0	0	FALSE	FALSE	1
OG_0011850	NA	FALSE	0	0	FALSE	FALSE	1
OG_0011897	NA	FALSE	0	0	FALSE	FALSE	1
OG_0011916	NA	FALSE	0	0	FALSE	FALSE	1
OG_0011970	NA	FALSE	0	0	FALSE	FALSE	1
OG_0012029	NA	FALSE	0	0	FALSE	FALSE	1
OG_0012044	NA	FALSE	0	0	FALSE	FALSE	1
OG_0012114	NA	FALSE	0	0	FALSE	FALSE	1
OG_0012115	NA	FALSE	0	0	FALSE	FALSE	1
OG_0012161	NA	FALSE	0	0	FALSE	FALSE	1
OG_0012162	NA	FALSE	0	0	FALSE	FALSE	1
OG_0012180	NA	FALSE	0	0	FALSE	FALSE	1
OG_0012189	NA	FALSE	0	0	FALSE	FALSE	1
OG_0012190	NA	FALSE	0	0	FALSE	FALSE	1
OG_0012221	NA	FALSE	0	0	FALSE	FALSE	1
OG_0012237	NA	FALSE	0	0	FALSE	FALSE	1
OG_0012267	NA	FALSE	0	0	FALSE	FALSE	1
OG_0012271	NA	FALSE	0	0	FALSE	FALSE	1
OG_0012302	NA	FALSE	0	0	FALSE	FALSE	1
OG_0012319	NA	FALSE	0	0	FALSE	FALSE	1
OG_0012320	NA	FALSE	0	0	FALSE	FALSE	1
OG_0012339	NA	FALSE	0	0	FALSE	FALSE	1
OG_0012397	NA	FALSE	0	0	FALSE	FALSE	1
OG_0012425	NA	FALSE	0	0	FALSE	FALSE	1
OG_0012470	NA	FALSE	0	0	FALSE	FALSE	1
OG_0012473	NA	FALSE	0	0	FALSE	FALSE	1
OG_0012477	NA	FALSE	0	0	FALSE	FALSE	1
OG_0012525	NA	FALSE	0	0	FALSE	FALSE	1
OG_0012533	NA	FALSE	0	0	FALSE	FALSE	1
OG_0012574	NA	FALSE	0	0	FALSE	FALSE	1
OG_0012599	RBFA	TRUE	1	0	FALSE	FALSE	1
OG_0012608	SPRY3	TRUE	1	0	FALSE	FALSE	1
OG_0012609	NA	FALSE	0	0	FALSE	FALSE	1
OG_0012622	NA	FALSE	0	0	FALSE	FALSE	1
OG_0012681	NA	FALSE	0	0	FALSE	FALSE	1
OG_0012682	NA	FALSE	0	0	FALSE	FALSE	1
OG_0012701	NA	FALSE	0	0	FALSE	FALSE	1
OG_0012796	NA	FALSE	0	0	FALSE	FALSE	1
OG_0012837	NA	FALSE	0	0	FALSE	FALSE	1
OG_0012867	NA	FALSE	0	0	FALSE	FALSE	1
OG_0012893	NA	FALSE	0	0	FALSE	FALSE	1
OG_0012904	NA	FALSE	0	0	FALSE	FALSE	1
OG_0012927	NA	FALSE	0	0	FALSE	FALSE	1
OG_0012928	NA	FALSE	0	0	FALSE	FALSE	1
OG_0012931	NA	FALSE	0	0	FALSE	FALSE	1
OG_0012932	NA	FALSE	0	0	FALSE	FALSE	1
OG_0012955	NA	FALSE	0	0	FALSE	FALSE	1
OG_0012957	NA	FALSE	0	0	FALSE	FALSE	1
OG_0012995	NA	FALSE	0	0	FALSE	FALSE	1
OG_0013000	NA	FALSE	0	0	FALSE	FALSE	1
OG_0013037	NA	FALSE	0	0	FALSE	FALSE	1
OG_0013055	NA	FALSE	0	0	FALSE	FALSE	1
OG_0013056	NA	FALSE	0	0	FALSE	FALSE	1
OG_0013080	NA	FALSE	0	0	FALSE	FALSE	1
OG_0013081	NA	FALSE	0	0	FALSE	FALSE	1
OG_0013120	NA	FALSE	0	0	FALSE	FALSE	1
OG_0013139	NA	FALSE	0	0	FALSE	FALSE	1
OG_0013153	NA	FALSE	0	0	FALSE	FALSE	1
OG_0013170	NA	FALSE	0	0	FALSE	FALSE	1
OG_0013171	NA	FALSE	0	0	FALSE	FALSE	1
OG_0013179	NA	FALSE	0	0	FALSE	FALSE	1
OG_0013220	stringtie_mRNA_58774	TRUE	1	0	FALSE	FALSE	1
OG_0013243	NA	FALSE	0	0	FALSE	FALSE	1
OG_0013334	NA	FALSE	0	0	FALSE	FALSE	1
OG_0013354	NA	FALSE	0	0	FALSE	FALSE	1
OG_0013407	NA	FALSE	0	0	FALSE	FALSE	1
OG_0013408	NA	FALSE	0	0	FALSE	FALSE	1
OG_0013410	NA	FALSE	0	0	FALSE	FALSE	1
OG_0013418	NA	FALSE	0	0	FALSE	FALSE	1
OG_0013476	NA	FALSE	0	0	FALSE	FALSE	1
OG_0013518	NA	FALSE	0	0	FALSE	FALSE	1
OG_0013529	NA	FALSE	0	0	FALSE	FALSE	1
OG_0013554	NA	FALSE	0	0	FALSE	FALSE	1
OG_0013594	NA	FALSE	0	0	FALSE	FALSE	1
OG_0013617	NA	FALSE	0	0	FALSE	FALSE	1
OG_0013625	NA	FALSE	0	0	FALSE	FALSE	1
OG_0013631	NA	FALSE	0	0	FALSE	FALSE	1
OG_0013698	NA	FALSE	0	0	FALSE	FALSE	1
OG_0013709	NA	FALSE	0	0	FALSE	FALSE	1
OG_0013718	NA	FALSE	0	0	FALSE	FALSE	1
OG_0013719	NA	FALSE	0	0	FALSE	FALSE	1
OG_0013738	NA	FALSE	0	0	FALSE	FALSE	1
OG_0013764	NA	FALSE	0	0	FALSE	FALSE	1
OG_0013808	NA	FALSE	0	0	FALSE	FALSE	1
OG_0013817	NA	FALSE	0	0	FALSE	FALSE	1
OG_0013825	NA	FALSE	0	0	FALSE	FALSE	1
OG_0013871	NA	FALSE	0	0	FALSE	FALSE	1
OG_0013892	NA	FALSE	0	0	FALSE	FALSE	1
OG_0013927	NA	FALSE	0	0	FALSE	FALSE	1
OG_0013930	NA	FALSE	0	0	FALSE	FALSE	1
OG_0013939	NA	FALSE	0	0	FALSE	FALSE	1
OG_0013944	NA	FALSE	0	0	FALSE	FALSE	1
OG_0013976	NA	FALSE	0	0	FALSE	FALSE	1
OG_0013985	NA	FALSE	0	0	FALSE	FALSE	1
OG_0014046	NA	FALSE	0	0	FALSE	FALSE	1
OG_0014064	NA	FALSE	0	0	TRUE	FALSE	1
OG_0014070	NA	FALSE	0	0	TRUE	FALSE	1
OG_0014080	NA	FALSE	0	0	FALSE	FALSE	1
OG_0014081	NA	FALSE	0	0	FALSE	FALSE	1
OG_0014116	NA	FALSE	0	0	FALSE	FALSE	1
OG_0014161	NA	FALSE	0	0	FALSE	FALSE	1
OG_0014165	NA	FALSE	0	0	FALSE	FALSE	1
OG_0014209	NA	FALSE	0	0	FALSE	FALSE	1
OG_0014280	NA	FALSE	0	0	FALSE	FALSE	1
OG_0014281	NA	FALSE	0	0	FALSE	FALSE	1
OG_0014328	NA	FALSE	0	0	FALSE	FALSE	1
OG_0014337	NA	FALSE	0	0	FALSE	FALSE	1
OG_0014348	NA	FALSE	0	0	FALSE	FALSE	1
OG_0014402	NA	FALSE	0	0	FALSE	FALSE	1
OG_0014444	NA	FALSE	0	0	FALSE	FALSE	1
OG_0014456	NA	FALSE	0	0	FALSE	FALSE	1
OG_0014485	NA	FALSE	0	0	FALSE	FALSE	1
OG_0014495	NA	FALSE	0	0	FALSE	FALSE	1
OG_0014509	NA	FALSE	0	0	FALSE	FALSE	1
OG_0014529	NA	FALSE	0	0	FALSE	FALSE	1
OG_0014585	NA	FALSE	0	0	FALSE	FALSE	1
OG_0014611	NA	FALSE	0	0	FALSE	FALSE	1
OG_0014659	NA	FALSE	0	0	FALSE	FALSE	1
OG_0014814	NA	FALSE	0	0	FALSE	FALSE	1
OG_0014821	NA	FALSE	0	0	FALSE	FALSE	1
OG_0014875	NA	FALSE	0	0	FALSE	FALSE	1
OG_0014876	NA	FALSE	0	0	FALSE	FALSE	1
OG_0014906	NA	FALSE	0	0	FALSE	FALSE	1
OG_0014907	NA	FALSE	0	0	FALSE	FALSE	1
OG_0014936	NA	FALSE	0	0	FALSE	FALSE	1
OG_0014937	NA	FALSE	0	0	FALSE	FALSE	1
OG_0014961	NA	FALSE	0	0	FALSE	FALSE	1
OG_0014970	NA	FALSE	0	0	FALSE	FALSE	1
OG_0014979	NA	FALSE	0	0	FALSE	FALSE	1
OG_0015010	NA	FALSE	0	0	FALSE	FALSE	1
OG_0015026	NA	FALSE	0	0	FALSE	FALSE	1
OG_0015058	NA	FALSE	0	0	FALSE	FALSE	1
OG_0015059	NA	FALSE	0	0	FALSE	FALSE	1
OG_0015084	NA	FALSE	0	0	FALSE	FALSE	1
OG_0015091	NA	FALSE	0	0	FALSE	FALSE	1
OG_0015142	NA	FALSE	0	0	FALSE	FALSE	1
OG_0015158	NA	FALSE	0	0	FALSE	FALSE	1
OG_0015186	NA	FALSE	0	0	FALSE	FALSE	1
OG_0015199	NA	FALSE	0	0	FALSE	FALSE	1
OG_0015224	NA	FALSE	0	0	FALSE	FALSE	1
OG_0015246	NA	FALSE	0	0	FALSE	FALSE	1
OG_0015257	NA	FALSE	0	0	FALSE	FALSE	1
OG_0015260	NA	FALSE	0	0	FALSE	FALSE	1
OG_0015266	NA	FALSE	0	0	FALSE	FALSE	1
OG_0015272	NA	FALSE	0	0	FALSE	FALSE	1
OG_0015339	NA	FALSE	0	0	FALSE	FALSE	1
OG_0015374	NA	FALSE	0	0	FALSE	FALSE	1
OG_0015383	SF3A1	TRUE	1	0	FALSE	FALSE	1
OG_0015401	NA	FALSE	0	0	FALSE	FALSE	1
OG_0015439	NA	FALSE	0	0	TRUE	FALSE	1
OG_0015446	NA	FALSE	0	0	FALSE	FALSE	1
OG_0015469	NA	FALSE	0	0	FALSE	FALSE	1
OG_0015473	NA	FALSE	0	0	FALSE	FALSE	1
OG_0015508	NA	FALSE	0	0	FALSE	FALSE	1
OG_0015511	NA	FALSE	0	0	FALSE	FALSE	1
OG_0015512	NA	FALSE	0	0	FALSE	FALSE	1
OG_0015513	NA	FALSE	0	0	FALSE	FALSE	1
OG_0015523	NA	FALSE	0	0	FALSE	FALSE	1
OG_0015541	NA	FALSE	0	0	FALSE	FALSE	1
OG_0015543	NA	FALSE	0	0	FALSE	FALSE	1
OG_0015548	NA	FALSE	0	0	FALSE	FALSE	1
OG_0015573	NA	FALSE	0	0	FALSE	FALSE	1
OG_0015581	NA	FALSE	0	0	FALSE	FALSE	1
OG_0015600	NA	FALSE	0	0	FALSE	FALSE	1
OG_0015721	NA	FALSE	0	0	FALSE	FALSE	1
OG_0015730	NA	FALSE	0	0	FALSE	FALSE	1
OG_0015748	NA	FALSE	0	0	FALSE	FALSE	1
OG_0015758	NA	FALSE	0	0	FALSE	FALSE	1
OG_0015766	NA	FALSE	0	0	FALSE	FALSE	1
OG_0015770	NA	FALSE	0	0	FALSE	FALSE	1
OG_0015800	NA	FALSE	0	0	FALSE	FALSE	1
OG_0015802	NA	FALSE	0	0	FALSE	FALSE	1
OG_0015916	NA	FALSE	0	0	FALSE	FALSE	1
OG_0015931	NA	FALSE	0	0	FALSE	FALSE	1
OG_0015932	NA	FALSE	0	0	FALSE	FALSE	1
OG_0015934	NA	FALSE	0	0	FALSE	FALSE	1
OG_0015943	NA	FALSE	0	0	FALSE	FALSE	1
OG_0015978	NA	FALSE	0	0	FALSE	FALSE	1
OG_0015991	NA	FALSE	0	0	FALSE	FALSE	1
OG_0016033	NA	FALSE	0	0	FALSE	FALSE	1
OG_0016070	NA	FALSE	0	0	FALSE	FALSE	1
OG_0016075	NA	FALSE	0	0	FALSE	FALSE	1
OG_0016078	NA	FALSE	0	0	FALSE	FALSE	1
OG_0016092	NA	FALSE	0	0	FALSE	FALSE	1
OG_0016093	NA	FALSE	0	0	FALSE	FALSE	1
OG_0016121	NA	FALSE	0	0	FALSE	FALSE	1
OG_0016123	NA	FALSE	0	0	TRUE	FALSE	1
OG_0016130	NA	FALSE	0	0	FALSE	FALSE	1
OG_0016138	NA	FALSE	0	0	FALSE	FALSE	1
OG_0016183	NA	FALSE	0	0	FALSE	FALSE	1
OG_0016186	NA	FALSE	0	0	FALSE	FALSE	1
OG_0016204	NA	FALSE	0	0	FALSE	FALSE	1
OG_0016210	NA	FALSE	0	0	FALSE	FALSE	1
OG_0016212	NA	FALSE	0	0	FALSE	FALSE	1
OG_0016215	NA	FALSE	0	0	FALSE	FALSE	1
OG_0016236	NA	FALSE	0	0	FALSE	FALSE	1
OG_0016244	NA	FALSE	0	0	FALSE	FALSE	1
OG_0016245	NA	FALSE	0	0	FALSE	FALSE	1
OG_0016250	NA	FALSE	0	0	FALSE	FALSE	1
OG_0016284	NA	FALSE	0	0	FALSE	FALSE	1
OG_0016290	NA	FALSE	0	0	FALSE	FALSE	1
OG_0016303	NA	FALSE	0	0	FALSE	FALSE	1
OG_0016304	NA	FALSE	0	0	FALSE	FALSE	1
OG_0016339	NA	FALSE	0	0	FALSE	FALSE	1
OG_0016360	NA	FALSE	0	0	FALSE	FALSE	1
OG_0016395	NA	FALSE	0	0	FALSE	FALSE	1
OG_0016411	Ptgfr	TRUE	1	0	FALSE	FALSE	1
OG_0016439	NA	FALSE	0	0	FALSE	FALSE	1
OG_0016458	NA	FALSE	0	0	FALSE	FALSE	1
OG_0016467	NA	FALSE	0	0	FALSE	FALSE	1
OG_0016506	NA	FALSE	0	0	FALSE	FALSE	1
OG_0016511	NA	FALSE	0	0	FALSE	FALSE	1
OG_0016527	NA	FALSE	0	0	FALSE	FALSE	1
OG_0016530	NA	FALSE	0	0	FALSE	FALSE	1
OG_0016551	NA	FALSE	0	0	FALSE	FALSE	1
OG_0016555	NA	FALSE	0	0	FALSE	FALSE	1
OG_0016563	NA	FALSE	0	0	FALSE	FALSE	1
OG_0016564	NA	FALSE	0	0	FALSE	FALSE	1
OG_0016565	NA	FALSE	0	0	FALSE	FALSE	1
OG_0016566	NA	FALSE	0	0	FALSE	FALSE	1
OG_0016575	NA	FALSE	0	0	FALSE	FALSE	1
OG_0016579	NA	FALSE	0	0	FALSE	FALSE	1
OG_0016614	NA	FALSE	0	0	FALSE	FALSE	1
OG_0016643	NA	FALSE	0	0	FALSE	FALSE	1
OG_0016648	NA	FALSE	0	0	FALSE	FALSE	1
OG_0016675	NA	FALSE	0	0	FALSE	FALSE	1
OG_0016679	NA	FALSE	0	0	FALSE	FALSE	1
OG_0016705	NA	FALSE	0	0	FALSE	FALSE	1
OG_0016718	NA	FALSE	0	0	FALSE	FALSE	1
OG_0016722	NA	FALSE	0	0	FALSE	FALSE	1
OG_0016758	NA	FALSE	0	0	FALSE	FALSE	1
OG_0016760	NA	FALSE	0	0	FALSE	FALSE	1
OG_0016834	NA	FALSE	0	0	FALSE	FALSE	1
OG_0016837	NA	FALSE	0	0	FALSE	FALSE	1
OG_0016843	NA	FALSE	0	0	FALSE	FALSE	1
OG_0016857	NA	FALSE	0	0	FALSE	FALSE	1
OG_0016893	NA	FALSE	0	0	FALSE	FALSE	1
OG_0016902	NA	FALSE	0	0	FALSE	FALSE	1
OG_0016909	NA	FALSE	0	0	FALSE	FALSE	1
OG_0016912	NA	FALSE	0	0	FALSE	FALSE	1
OG_0016927	NA	FALSE	0	0	FALSE	FALSE	1
OG_0016974	NA	FALSE	0	0	FALSE	FALSE	1
OG_0016981	NA	FALSE	0	0	FALSE	FALSE	1
OG_0016995	NA	FALSE	0	0	FALSE	FALSE	1
OG_0016999	NA	FALSE	0	0	FALSE	FALSE	1
OG_0017003	NA	FALSE	0	0	FALSE	FALSE	1
OG_0017024	NA	FALSE	0	0	FALSE	FALSE	1
OG_0017114	NA	FALSE	0	0	FALSE	FALSE	1
OG_0017150	NA	FALSE	0	0	FALSE	FALSE	1
OG_0017152	NA	FALSE	0	0	FALSE	FALSE	1
OG_0017156	NA	FALSE	0	0	FALSE	FALSE	1
OG_0017185	NA	FALSE	0	0	FALSE	FALSE	1
OG_0017190	NA	FALSE	0	0	FALSE	FALSE	1
OG_0017253	NA	FALSE	0	0	FALSE	FALSE	1
OG_0017284	NA	FALSE	0	0	FALSE	FALSE	1
OG_0017293	NA	FALSE	0	0	FALSE	FALSE	1
OG_0017299	NA	FALSE	0	0	FALSE	FALSE	1
OG_0017306	NA	FALSE	0	0	FALSE	FALSE	1
OG_0017390	NA	FALSE	0	0	FALSE	FALSE	1
OG_0017391	NA	FALSE	0	0	FALSE	FALSE	1
OG_0017455	NA	FALSE	0	0	FALSE	FALSE	1
OG_0017460	NA	FALSE	0	0	FALSE	FALSE	1
OG_0017467	NA	FALSE	0	0	FALSE	FALSE	1
OG_0017496	NA	FALSE	0	0	FALSE	FALSE	1
OG_0017562	NA	FALSE	0	0	FALSE	FALSE	1
OG_0017581	NA	FALSE	0	0	FALSE	FALSE	1
OG_0017599	NA	FALSE	0	0	FALSE	FALSE	1
OG_0017621	NA	FALSE	0	0	FALSE	FALSE	1
OG_0017673	NA	FALSE	0	0	FALSE	FALSE	1
OG_0017680	NA	FALSE	0	0	FALSE	FALSE	1
OG_0017694	NA	FALSE	0	0	FALSE	FALSE	1
OG_0017710	NA	FALSE	0	0	FALSE	FALSE	1
OG_0017712	NA	FALSE	0	0	FALSE	FALSE	1
OG_0017738	NA	FALSE	0	0	FALSE	FALSE	1
OG_0017743	NA	FALSE	0	0	FALSE	FALSE	1
OG_0017752	NA	FALSE	0	0	FALSE	FALSE	1
OG_0017762	NA	FALSE	0	0	FALSE	FALSE	1
OG_0017789	NA	FALSE	0	0	FALSE	FALSE	1
OG_0017806	NA	FALSE	0	0	FALSE	FALSE	1
OG_0017934	NA	FALSE	0	0	FALSE	FALSE	1
OG_0018006	NA	FALSE	0	0	FALSE	FALSE	1
OG_0018048	NA	FALSE	0	0	FALSE	FALSE	1
OG_0018066	NA	FALSE	0	0	FALSE	FALSE	1
OG_0018072	NA	FALSE	0	0	FALSE	FALSE	1
OG_0018073	NA	FALSE	0	0	FALSE	FALSE	1
OG_0018092	NA	FALSE	0	0	FALSE	FALSE	1
OG_0018098	NA	FALSE	0	0	FALSE	FALSE	1
OG_0018108	NA	FALSE	0	0	FALSE	FALSE	1
OG_0018109	NA	FALSE	0	0	FALSE	FALSE	1
OG_0018125	NA	FALSE	0	0	FALSE	FALSE	1
OG_0018147	NA	FALSE	0	0	FALSE	FALSE	1
OG_0018148	NA	FALSE	0	0	FALSE	FALSE	1
OG_0018336	NA	FALSE	0	0	FALSE	FALSE	1
OG_0018377	NA	FALSE	0	0	FALSE	FALSE	1
OG_0018407	NA	FALSE	0	0	FALSE	FALSE	1
OG_0018423	NA	FALSE	0	0	FALSE	FALSE	1
OG_0018454	NA	FALSE	0	0	FALSE	FALSE	1
OG_0018517	NA	FALSE	0	0	FALSE	FALSE	1
OG_0018550	NA	FALSE	0	0	FALSE	FALSE	1
OG_0018560	NA	FALSE	0	0	FALSE	FALSE	1
OG_0018569	NA	FALSE	0	0	FALSE	FALSE	1
OG_0018575	NA	FALSE	0	0	FALSE	FALSE	1
OG_0018604	NA	FALSE	0	0	FALSE	FALSE	1
OG_0018621	NA	FALSE	0	0	FALSE	FALSE	1
OG_0018627	NA	FALSE	0	0	FALSE	FALSE	1
OG_0018647	NA	FALSE	0	0	FALSE	FALSE	1
OG_0018711	NA	FALSE	0	0	FALSE	FALSE	1
OG_0018717	NA	FALSE	0	0	FALSE	FALSE	1
OG_0018721	NA	FALSE	0	0	FALSE	FALSE	1
OG_0018754	NA	FALSE	0	0	FALSE	FALSE	1
OG_0018756	NA	FALSE	0	0	FALSE	FALSE	1
OG_0018836	NA	FALSE	0	0	TRUE	FALSE	1
OG_0018922	NA	FALSE	0	0	FALSE	FALSE	1
OG_0018928	NA	FALSE	0	0	FALSE	FALSE	1
OG_0018933	NA	FALSE	0	0	FALSE	FALSE	1
OG_0018952	NA	FALSE	0	0	FALSE	FALSE	1
OG_0018963	NA	FALSE	0	0	FALSE	FALSE	1
OG_0019200	NA	FALSE	0	0	FALSE	FALSE	1
OG_0019208	NA	FALSE	0	0	FALSE	FALSE	1
OG_0019214	CDH17	TRUE	1	0	FALSE	FALSE	1
OG_0019223	NA	FALSE	0	0	FALSE	FALSE	1
OG_0019236	NA	FALSE	0	0	FALSE	FALSE	1
OG_0019270	NA	FALSE	0	0	FALSE	FALSE	1
OG_0019272	NA	FALSE	0	0	FALSE	FALSE	1
OG_0019274	NA	FALSE	0	0	FALSE	FALSE	1
OG_0019276	NA	FALSE	0	0	FALSE	FALSE	1
OG_0019292	NA	FALSE	0	0	FALSE	FALSE	1
OG_0019305	NA	FALSE	0	0	FALSE	FALSE	1
OG_0019314	NA	FALSE	0	0	FALSE	FALSE	1
OG_0019341	NA	FALSE	0	0	FALSE	FALSE	1
OG_0019346	NA	FALSE	0	0	FALSE	FALSE	1
OG_0019347	NA	FALSE	0	0	FALSE	FALSE	1
OG_0019367	NA	FALSE	0	0	FALSE	FALSE	1
OG_0019393	NA	FALSE	0	0	FALSE	FALSE	1
OG_0019422	NA	FALSE	0	0	FALSE	FALSE	1
OG_0019439	NA	FALSE	0	0	FALSE	FALSE	1
OG_0019452	NA	FALSE	0	0	FALSE	FALSE	1
OG_0019464	NA	FALSE	0	0	FALSE	FALSE	1
OG_0019485	NA	FALSE	0	0	FALSE	FALSE	1
OG_0019488	NA	FALSE	0	0	FALSE	FALSE	1
OG_0019513	NA	FALSE	0	0	FALSE	FALSE	1
OG_0019518	NA	FALSE	0	0	FALSE	FALSE	1
OG_0019527	NA	FALSE	0	0	FALSE	FALSE	1
OG_0019529	NA	FALSE	0	0	FALSE	FALSE	1
OG_0019537	NA	FALSE	0	0	FALSE	FALSE	1
OG_0019546	NA	FALSE	0	0	FALSE	FALSE	1
OG_0019550	NA	FALSE	0	0	FALSE	FALSE	1
OG_0019558	NA	FALSE	0	0	FALSE	FALSE	1
OG_0019559	NA	FALSE	0	0	FALSE	FALSE	1
OG_0019567	NA	FALSE	0	0	FALSE	FALSE	1
OG_0019568	NA	FALSE	0	0	FALSE	FALSE	1
OG_0019648	NA	FALSE	0	0	FALSE	FALSE	1
OG_0019676	NA	FALSE	0	0	FALSE	FALSE	1
OG_0019680	NA	FALSE	0	0	FALSE	FALSE	1
OG_0019686	NA	FALSE	0	0	FALSE	FALSE	1
OG_0019727	NA	FALSE	0	0	FALSE	FALSE	1
OG_0019736	NA	FALSE	0	0	FALSE	FALSE	1
OG_0019751	NA	FALSE	0	0	FALSE	FALSE	1
OG_0019752	NA	FALSE	0	0	FALSE	FALSE	1
OG_0019757	NA	FALSE	0	0	FALSE	FALSE	1
OG_0019863	NA	FALSE	0	0	FALSE	FALSE	1
OG_0019944	NA	FALSE	0	0	FALSE	FALSE	1
OG_0019959	NA	FALSE	0	0	FALSE	FALSE	1
OG_0019970	NA	FALSE	0	0	FALSE	FALSE	1
OG_0019979	NA	FALSE	0	0	FALSE	FALSE	1
OG_0019986	NA	FALSE	0	0	FALSE	FALSE	1
OG_0019990	NA	FALSE	0	0	FALSE	FALSE	1
OG_0019998	NA	FALSE	0	0	FALSE	FALSE	1
OG_0020024	NA	FALSE	0	0	FALSE	FALSE	1
OG_0020035	NA	FALSE	0	0	FALSE	FALSE	1
OG_0020043	NA	FALSE	0	0	FALSE	FALSE	1
OG_0020078	NA	FALSE	0	0	FALSE	FALSE	1
OG_0020091	NA	FALSE	0	0	FALSE	FALSE	1
OG_0020216	NA	FALSE	0	0	FALSE	FALSE	1
OG_0020234	NA	FALSE	0	0	FALSE	FALSE	1
OG_0020247	NA	FALSE	0	0	FALSE	FALSE	1
OG_0020251	NA	FALSE	0	0	FALSE	FALSE	1
OG_0020269	NA	FALSE	0	0	FALSE	FALSE	1
OG_0020272	NA	FALSE	0	0	FALSE	FALSE	1
OG_0020337	NA	FALSE	0	0	FALSE	FALSE	1
OG_0020357	NA	FALSE	0	0	FALSE	FALSE	1
OG_0020405	NA	FALSE	0	0	FALSE	FALSE	1
OG_0020410	NA	FALSE	0	0	FALSE	FALSE	1
OG_0020500	NA	FALSE	0	0	FALSE	FALSE	1
OG_0020505	NA	FALSE	0	0	FALSE	FALSE	1
OG_0020547	NA	FALSE	0	0	FALSE	FALSE	1
OG_0020549	NA	FALSE	0	0	FALSE	FALSE	1
OG_0020555	NA	FALSE	0	0	FALSE	FALSE	1
OG_0020557	NA	FALSE	0	0	FALSE	FALSE	1
OG_0020568	NA	FALSE	0	0	FALSE	FALSE	1
OG_0020573	NA	FALSE	0	0	FALSE	FALSE	1
OG_0020575	NA	FALSE	0	0	FALSE	FALSE	1
OG_0020601	NA	FALSE	0	0	FALSE	FALSE	1
OG_0020619	NA	FALSE	0	0	FALSE	FALSE	1
OG_0020625	NA	FALSE	0	0	FALSE	FALSE	1
OG_0020651	NA	FALSE	0	0	FALSE	FALSE	1
OG_0020666	NA	FALSE	0	0	FALSE	FALSE	1
OG_0020667	NA	FALSE	0	0	FALSE	FALSE	1
OG_0020684	ETF1	TRUE	1	0	FALSE	FALSE	1
OG_0020802	NA	FALSE	0	0	FALSE	FALSE	1
OG_0020803	NA	FALSE	0	0	FALSE	FALSE	1
OG_0020873	NA	FALSE	0	0	FALSE	FALSE	1
OG_0020880	NA	FALSE	0	0	FALSE	FALSE	1
OG_0020899	NA	FALSE	0	0	FALSE	FALSE	1
OG_0020938	NA	FALSE	0	0	FALSE	FALSE	1
OG_0020952	NA	FALSE	0	0	FALSE	FALSE	1
OG_0020962	NA	FALSE	0	0	FALSE	FALSE	1
OG_0020989	NA	FALSE	0	0	FALSE	FALSE	1
OG_0021090	NA	FALSE	0	0	FALSE	FALSE	1
OG_0021143	NA	FALSE	0	0	FALSE	FALSE	1
OG_0021174	NA	FALSE	0	0	FALSE	FALSE	1
OG_0021188	NA	FALSE	0	0	FALSE	FALSE	1
OG_0021193	NA	FALSE	0	0	FALSE	FALSE	1
OG_0021201	NA	FALSE	0	0	FALSE	FALSE	1
OG_0021210	NA	FALSE	0	0	FALSE	FALSE	1
OG_0021214	NA	FALSE	0	0	FALSE	FALSE	1
OG_0021294	NA	FALSE	0	0	FALSE	FALSE	1
OG_0021401	NA	FALSE	0	0	FALSE	FALSE	1
OG_0021406	NA	FALSE	0	0	FALSE	FALSE	1
OG_0021412	NA	FALSE	0	0	FALSE	FALSE	1
OG_0021421	NA	FALSE	0	0	TRUE	FALSE	1
OG_0021423	NA	FALSE	0	0	FALSE	FALSE	1
OG_0021430	NA	FALSE	0	0	FALSE	FALSE	1
OG_0021490	NA	FALSE	0	0	FALSE	FALSE	1
OG_0021493	NA	FALSE	0	0	FALSE	FALSE	1
OG_0021499	NA	FALSE	0	0	FALSE	FALSE	1
OG_0021504	NA	FALSE	0	0	FALSE	FALSE	1
OG_0021514	NA	FALSE	0	0	FALSE	FALSE	1
OG_0021517	NA	FALSE	0	0	FALSE	FALSE	1
OG_0021548	NA	FALSE	0	0	FALSE	FALSE	1
OG_0021552	NA	FALSE	0	0	FALSE	FALSE	1
OG_0021556	NA	FALSE	0	0	FALSE	FALSE	1
OG_0021673	NA	FALSE	0	0	FALSE	FALSE	1
OG_0021732	NA	FALSE	0	0	FALSE	FALSE	1
OG_0021739	NA	FALSE	0	0	FALSE	FALSE	1
OG_0021758	NA	FALSE	0	0	FALSE	FALSE	1
OG_0021775	NA	FALSE	0	0	FALSE	FALSE	1
OG_0021781	NA	FALSE	0	0	FALSE	FALSE	1
OG_0021783	NA	FALSE	0	0	FALSE	FALSE	1
OG_0021823	NA	FALSE	0	0	FALSE	FALSE	1
OG_0021835	NA	FALSE	0	0	FALSE	FALSE	1
OG_0021972	NA	FALSE	0	0	FALSE	FALSE	1
OG_0022073	NA	FALSE	0	0	FALSE	FALSE	1
OG_0022077	NA	FALSE	0	0	FALSE	FALSE	1
OG_0022080	NA	FALSE	0	0	FALSE	FALSE	1
OG_0022110	NA	FALSE	0	0	FALSE	FALSE	1
OG_0022111	NA	FALSE	0	0	FALSE	FALSE	1
OG_0022145	NA	FALSE	0	0	FALSE	FALSE	1
OG_0022147	NA	FALSE	0	0	FALSE	FALSE	1
OG_0022153	NA	FALSE	0	0	FALSE	FALSE	1
OG_0022178	NA	FALSE	0	0	FALSE	FALSE	1
OG_0022446	NA	FALSE	0	0	FALSE	FALSE	1
OG_0022465	NA	FALSE	0	0	FALSE	FALSE	1
OG_0022491	NA	FALSE	0	0	FALSE	FALSE	1
OG_0022497	NA	FALSE	0	0	FALSE	FALSE	1
OG_0022512	NA	FALSE	0	0	FALSE	FALSE	1
OG_0022541	NA	FALSE	0	0	FALSE	FALSE	1
OG_0022547	NA	FALSE	0	0	FALSE	FALSE	1
OG_0022553	MTPN	TRUE	1	0	FALSE	FALSE	1
OG_0022703	NA	FALSE	0	0	TRUE	FALSE	1
OG_0022906	NA	FALSE	0	0	FALSE	FALSE	1
OG_0022909	NA	FALSE	0	0	FALSE	FALSE	1
OG_0022919	NA	FALSE	0	0	FALSE	FALSE	1
OG_0023302	NA	FALSE	0	0	FALSE	FALSE	1
OG_0023362	NA	FALSE	0	0	FALSE	FALSE	1
OG_0023408	NA	FALSE	0	0	FALSE	FALSE	1
OG_0023415	NA	FALSE	0	0	FALSE	FALSE	1
OG_0023417	NA	FALSE	0	0	FALSE	FALSE	1
OG_0023431	NA	FALSE	0	0	FALSE	FALSE	1
OG_0023432	NA	FALSE	0	0	FALSE	FALSE	1
OG_0023453	NA	FALSE	0	0	FALSE	FALSE	1
OG_0023464	NA	FALSE	0	0	FALSE	FALSE	1
OG_0023465	NA	FALSE	0	0	FALSE	FALSE	1
OG_0023475	NA	FALSE	0	0	FALSE	FALSE	1
OG_0023496	NA	FALSE	0	0	FALSE	FALSE	1
OG_0025013	NA	FALSE	0	0	FALSE	FALSE	1
OG_0025019	NA	FALSE	0	0	FALSE	FALSE	1
OG_0025032	NA	FALSE	0	0	FALSE	FALSE	1
OG_0025036	NA	FALSE	0	0	FALSE	FALSE	1
OG_0025059	NA	FALSE	0	0	FALSE	FALSE	1
OG_0025065	NA	FALSE	0	0	FALSE	FALSE	1
OG_0025066	NA	FALSE	0	0	FALSE	FALSE	1
OG_0025073	NA	FALSE	0	0	FALSE	FALSE	1
OG_0025317	NA	FALSE	0	0	FALSE	FALSE	1
OG_0025556	NA	FALSE	0	0	FALSE	FALSE	1
OG_0025581	NA	FALSE	0	0	FALSE	FALSE	1
OG_0025585	NA	FALSE	0	0	FALSE	FALSE	1
OG_0025593	NA	FALSE	0	0	FALSE	FALSE	1
OG_0025603	NA	FALSE	0	0	FALSE	FALSE	1
OG_0025604	NA	FALSE	0	0	FALSE	FALSE	1
OG_0025620	NA	FALSE	0	0	FALSE	FALSE	1
OG_0025635	NA	FALSE	0	0	FALSE	FALSE	1
OG_0025640	NA	FALSE	0	0	FALSE	FALSE	1
OG_0025646	NA	FALSE	0	0	FALSE	FALSE	1
OG_0025661	NA	FALSE	0	0	FALSE	FALSE	1
OG_0025663	NA	FALSE	0	0	FALSE	FALSE	1
OG_0025666	NA	FALSE	0	0	FALSE	FALSE	1
OG_0026021	NA	FALSE	0	0	FALSE	FALSE	1
OG_0026607	NA	FALSE	0	0	FALSE	FALSE	1
OG_0026610	NA	FALSE	0	0	FALSE	FALSE	1
OG_0026613	NA	FALSE	0	0	FALSE	FALSE	1
OG_0026640	NA	FALSE	0	0	FALSE	FALSE	1
OG_0026648	NA	FALSE	0	0	FALSE	FALSE	1
OG_0026654	NA	FALSE	0	0	FALSE	FALSE	1
OG_0026672	NA	FALSE	0	0	FALSE	FALSE	1
OG_0026680	NA	FALSE	0	0	FALSE	FALSE	1
OG_0026683	NA	FALSE	0	0	FALSE	FALSE	1
OG_0026694	NA	FALSE	0	0	FALSE	FALSE	1
OG_0026729	NA	FALSE	0	0	FALSE	FALSE	1
OG_0026756	NA	FALSE	0	0	FALSE	FALSE	1
OG_0026772	NA	FALSE	0	0	FALSE	FALSE	1
OG_0026780	NA	FALSE	0	0	FALSE	FALSE	1
OG_0026783	NA	FALSE	0	0	FALSE	FALSE	1
OG_0026787	NA	FALSE	0	0	FALSE	FALSE	1
OG_0026788	NA	FALSE	0	0	FALSE	FALSE	1
OG_0026885	NA	FALSE	0	0	FALSE	FALSE	1
OG_0027143	NA	FALSE	0	0	FALSE	FALSE	1
OG_0027144	NA	FALSE	0	0	FALSE	FALSE	1
OG_0027155	NA	FALSE	0	0	FALSE	FALSE	1
OG_0027158	NA	FALSE	0	0	FALSE	FALSE	1
OG_0027192	NA	FALSE	0	0	FALSE	FALSE	1
OG_0027810	NA	FALSE	0	0	FALSE	FALSE	1
OG_0027883	NA	FALSE	0	0	FALSE	FALSE	1
OG_0027976	NA	FALSE	0	0	FALSE	FALSE	1
OG_0028006	NA	FALSE	0	0	FALSE	FALSE	1
OG_0028051	NA	FALSE	0	0	FALSE	FALSE	1
OG_0028157	NA	FALSE	0	0	FALSE	FALSE	1
OG_0028823	NA	FALSE	0	0	FALSE	FALSE	1
OG_0028827	NA	FALSE	0	0	FALSE	FALSE	1
OG_0028829	NA	FALSE	0	0	FALSE	FALSE	1
OG_0028842	NA	FALSE	0	0	FALSE	FALSE	1
OG_0028846	NA	FALSE	0	0	FALSE	FALSE	1
OG_0028847	NA	FALSE	0	0	FALSE	FALSE	1
OG_0028848	NA	FALSE	0	0	FALSE	FALSE	1
OG_0028865	NA	FALSE	0	0	FALSE	FALSE	1
OG_0028892	NA	FALSE	0	0	FALSE	FALSE	1
OG_0028901	NA	FALSE	0	0	FALSE	FALSE	1
OG_0028917	NA	FALSE	0	0	FALSE	FALSE	1
OG_0028920	NA	FALSE	0	0	FALSE	FALSE	1
OG_0028930	NA	FALSE	0	0	FALSE	FALSE	1
OG_0028976	NA	FALSE	0	0	TRUE	FALSE	1
OG_0028989	CCL4	TRUE	1	0	FALSE	FALSE	1
OG_0029823	NA	FALSE	0	0	FALSE	FALSE	1
OG_0029835	NA	FALSE	0	0	FALSE	FALSE	1
OG_0029845	NA	FALSE	0	0	FALSE	FALSE	1
OG_0029877	NA	FALSE	0	0	FALSE	FALSE	1
OG_0029879	NA	FALSE	0	0	FALSE	FALSE	1
OG_0029940	NA	FALSE	0	0	FALSE	FALSE	1
OG_0029941	NA	FALSE	0	0	FALSE	FALSE	1
OG_0029960	NA	FALSE	0	0	FALSE	FALSE	1
OG_0029971	NA	FALSE	0	0	FALSE	FALSE	1
OG_0030038	NA	FALSE	0	0	FALSE	FALSE	1
OG_0030061	NA	FALSE	0	0	FALSE	FALSE	1
OG_0030993	NA	FALSE	0	0	FALSE	FALSE	1
OG_0031014	NA	FALSE	0	0	FALSE	FALSE	1
OG_0031027	NA	FALSE	0	0	FALSE	FALSE	1
OG_0031055	NA	FALSE	0	0	FALSE	FALSE	1
OG_0031060	NA	FALSE	0	0	FALSE	FALSE	1
OG_0031083	LOC100232745	TRUE	1	0	FALSE	FALSE	1
OG_0031135	NA	FALSE	0	0	FALSE	FALSE	1
OG_0031175	NA	FALSE	0	0	FALSE	FALSE	1
OG_0031189	NA	FALSE	0	0	FALSE	FALSE	1
OG_0031190	NA	FALSE	0	0	FALSE	FALSE	1
OG_0031217	NA	FALSE	0	0	FALSE	FALSE	1
OG_0031227	NA	FALSE	0	0	FALSE	FALSE	1
OG_0031279	NA	FALSE	0	0	FALSE	FALSE	1
OG_0031297	NA	FALSE	0	0	FALSE	FALSE	1
OG_0031382	NA	FALSE	0	0	FALSE	FALSE	1
OG_0031389	NA	FALSE	0	0	FALSE	FALSE	1
OG_0031530	NA	FALSE	0	0	FALSE	FALSE	1
OG_0031548	NA	FALSE	0	0	FALSE	FALSE	1
OG_0031566	NA	FALSE	0	0	FALSE	FALSE	1
OG_0031575	NA	FALSE	0	0	FALSE	FALSE	1
OG_0032914	NA	FALSE	0	0	FALSE	FALSE	1
OG_0032927	NA	FALSE	0	0	FALSE	FALSE	1
OG_0032964	NA	FALSE	0	0	FALSE	FALSE	1
OG_0032989	NA	FALSE	0	0	FALSE	FALSE	1
OG_0033001	NA	FALSE	0	0	FALSE	FALSE	1
OG_0033037	NA	FALSE	0	0	FALSE	FALSE	1
OG_0033039	NA	FALSE	0	0	FALSE	FALSE	1
OG_0033057	NA	FALSE	0	0	FALSE	FALSE	1
OG_0033088	NA	FALSE	0	0	FALSE	FALSE	1
OG_0033117	NA	FALSE	0	0	FALSE	FALSE	1
OG_0033133	NA	FALSE	0	0	FALSE	FALSE	1
OG_0033139	NA	FALSE	0	0	FALSE	FALSE	1
OG_0033198	NA	FALSE	0	0	FALSE	FALSE	1
OG_0033235	NA	FALSE	0	0	FALSE	FALSE	1
OG_0033283	NA	FALSE	0	0	FALSE	FALSE	1
OG_0033289	NA	FALSE	0	0	FALSE	FALSE	1
OG_0033307	NA	FALSE	0	0	FALSE	FALSE	1
OG_0033384	NA	FALSE	0	0	FALSE	FALSE	1
OG_0033391	NA	FALSE	0	0	FALSE	FALSE	1
OG_0033398	NA	FALSE	0	0	FALSE	FALSE	1
OG_0033416	NA	FALSE	0	0	FALSE	FALSE	1
OG_0033417	NA	FALSE	0	0	FALSE	FALSE	1
OG_0033525	NA	FALSE	0	0	FALSE	FALSE	1
OG_0033528	NA	FALSE	0	0	FALSE	FALSE	1
OG_0033594	NA	FALSE	0	0	FALSE	FALSE	1
OG_0033650	NA	FALSE	0	0	FALSE	FALSE	1
OG_0033732	NA	FALSE	0	0	FALSE	FALSE	1
OG_0033740	NA	FALSE	0	0	FALSE	FALSE	1
OG_0033836	NA	FALSE	0	0	FALSE	FALSE	1
OG_0033888	NA	FALSE	0	0	FALSE	FALSE	1
OG_0033894	NA	FALSE	0	0	FALSE	FALSE	1
OG_0033919	NA	FALSE	0	0	FALSE	FALSE	1
OG_0033921	NA	FALSE	0	0	FALSE	FALSE	1
OG_0034003	NA	FALSE	0	0	TRUE	FALSE	1
OG_0034004	NA	FALSE	0	0	FALSE	FALSE	1
OG_0034015	NA	FALSE	0	0	FALSE	FALSE	1
OG_0034039	NA	FALSE	0	0	FALSE	FALSE	1
OG_0034049	NA	FALSE	0	0	FALSE	FALSE	1
OG_0034127	NA	FALSE	0	0	FALSE	FALSE	1
OG_0034128	NA	FALSE	0	0	FALSE	FALSE	1
OG_0034129	NA	FALSE	0	0	FALSE	FALSE	1
OG_0035818	NA	FALSE	0	0	FALSE	FALSE	1
OG_0035822	NA	FALSE	0	0	FALSE	FALSE	1
OG_0035861	NA	FALSE	0	0	FALSE	FALSE	1
OG_0035863	NA	FALSE	0	0	FALSE	FALSE	1
OG_0035864	NA	FALSE	0	0	FALSE	FALSE	1
OG_0035892	NA	FALSE	0	0	FALSE	FALSE	1
OG_0035898	NA	FALSE	0	0	FALSE	FALSE	1
OG_0035937	NA	FALSE	0	0	FALSE	FALSE	1
OG_0035981	NA	FALSE	0	0	FALSE	FALSE	1
OG_0035991	NA	FALSE	0	0	FALSE	FALSE	1
OG_0035998	NA	FALSE	0	0	FALSE	FALSE	1
OG_0036006	NA	FALSE	0	0	FALSE	FALSE	1
OG_0036028	NA	FALSE	0	0	FALSE	FALSE	1
OG_0036061	NA	FALSE	0	0	FALSE	FALSE	1
OG_0036104	NA	FALSE	0	0	FALSE	FALSE	1
OG_0036109	NA	FALSE	0	0	FALSE	FALSE	1
OG_0036137	NA	FALSE	0	0	FALSE	FALSE	1
OG_0036153	NA	FALSE	0	0	FALSE	FALSE	1
OG_0036159	NA	FALSE	0	0	FALSE	FALSE	1
OG_0036162	NA	FALSE	0	0	FALSE	FALSE	1
OG_0036190	NA	FALSE	0	0	FALSE	FALSE	1
OG_0036198	NA	FALSE	0	0	FALSE	FALSE	1
OG_0036199	NA	FALSE	0	0	FALSE	FALSE	1
OG_0036210	NA	FALSE	0	0	FALSE	FALSE	1
OG_0036213	NA	FALSE	0	0	FALSE	FALSE	1
OG_0036223	NA	FALSE	0	0	FALSE	FALSE	1
OG_0036275	NA	FALSE	0	0	FALSE	FALSE	1
OG_0038780	NA	FALSE	0	0	FALSE	FALSE	1
OG_0038825	NA	FALSE	0	0	TRUE	FALSE	1
OG_0038836	NA	FALSE	0	0	FALSE	FALSE	1
OG_0038846	NA	FALSE	0	0	FALSE	FALSE	1
OG_0038935	NA	FALSE	0	0	TRUE	FALSE	1
OG_0038970	NA	FALSE	0	0	FALSE	FALSE	1
OG_0038985	NA	FALSE	0	0	FALSE	FALSE	1
OG_0038994	NA	FALSE	0	0	FALSE	FALSE	1
OG_0039009	NA	FALSE	0	0	FALSE	FALSE	1
OG_0039016	NA	FALSE	0	0	FALSE	FALSE	1
OG_0039024	NA	FALSE	0	0	FALSE	FALSE	1
OG_0039099	NA	FALSE	0	0	FALSE	FALSE	1
OG_0039114	NA	FALSE	0	0	FALSE	FALSE	1
OG_0039115	NA	FALSE	0	0	FALSE	FALSE	1
OG_0041447	NA	FALSE	0	0	FALSE	FALSE	1
OG_0041455	NA	FALSE	0	0	FALSE	FALSE	1
OG_0041466	NA	FALSE	0	0	FALSE	FALSE	1
OG_0041489	NA	FALSE	0	0	FALSE	FALSE	1
OG_0041517	NA	FALSE	0	0	FALSE	FALSE	1
OG_0041533	NA	FALSE	0	0	FALSE	FALSE	1
OG_0041558	NA	FALSE	0	0	FALSE	FALSE	1
OG_0041578	NA	FALSE	0	0	FALSE	FALSE	1
OG_0041579	NA	FALSE	0	0	FALSE	FALSE	1
OG_0041580	NA	FALSE	0	0	FALSE	FALSE	1
OG_0041582	NA	FALSE	0	0	FALSE	FALSE	1
OG_0041615	NA	FALSE	0	0	FALSE	FALSE	1
OG_0041619	NA	FALSE	0	0	FALSE	FALSE	1
OG_0041683	NA	FALSE	0	0	FALSE	FALSE	1
OG_0041694	NA	FALSE	0	0	FALSE	FALSE	1
OG_0041697	NA	FALSE	0	0	FALSE	FALSE	1
OG_0041699	NA	FALSE	0	0	FALSE	FALSE	1
OG_0041704	NA	FALSE	0	0	FALSE	FALSE	1
OG_0041711	NA	FALSE	0	0	FALSE	FALSE	1
OG_0041720	NA	FALSE	0	0	FALSE	FALSE	1
OG_0041736	NA	FALSE	0	0	FALSE	FALSE	1
OG_0041740	NA	FALSE	0	0	FALSE	FALSE	1
OG_0041771	NA	FALSE	0	0	FALSE	FALSE	1
OG_0041772	NA	FALSE	0	0	FALSE	FALSE	1
OG_0041773	NA	FALSE	0	0	FALSE	FALSE	1
OG_0041775	NA	FALSE	0	0	FALSE	FALSE	1
OG_0041780	NA	FALSE	0	0	FALSE	FALSE	1
OG_0041810	NA	FALSE	0	0	FALSE	FALSE	1
OG_0041832	NA	FALSE	0	0	FALSE	FALSE	1
OG_0041848	NA	FALSE	0	0	FALSE	FALSE	1
OG_0041867	NA	FALSE	0	0	FALSE	FALSE	1
OG_0041914	NA	FALSE	0	0	FALSE	FALSE	1
OG_0041940	NA	FALSE	0	0	FALSE	FALSE	1
OG_0041950	NA	FALSE	0	0	FALSE	FALSE	1
OG_0042032	NA	FALSE	0	0	FALSE	FALSE	1
OG_0042059	NA	FALSE	0	0	FALSE	FALSE	1
OG_0042119	NA	FALSE	0	0	FALSE	FALSE	1
OG_0042126	NA	FALSE	0	0	FALSE	FALSE	1
OG_0042136	NA	FALSE	0	0	FALSE	FALSE	1
OG_0042138	NA	FALSE	0	0	FALSE	FALSE	1
OG_0042150	NA	FALSE	0	0	FALSE	FALSE	1
OG_0042160	NA	FALSE	0	0	FALSE	FALSE	1
OG_0042212	NA	FALSE	0	0	FALSE	FALSE	1
OG_0042217	NA	FALSE	0	0	FALSE	FALSE	1
OG_0042249	NA	FALSE	0	0	FALSE	FALSE	1
OG_0042263	NA	FALSE	0	0	FALSE	FALSE	1
OG_0042302	NA	FALSE	0	0	FALSE	FALSE	1
OG_0042308	NA	FALSE	0	0	FALSE	FALSE	1
OG_0042320	NA	FALSE	0	0	FALSE	FALSE	1
OG_0042324	NA	FALSE	0	0	FALSE	FALSE	1
OG_0042371	NA	FALSE	0	0	FALSE	FALSE	1
OG_0042384	NA	FALSE	0	0	FALSE	FALSE	1
OG_0042386	NA	FALSE	0	0	FALSE	FALSE	1
OG_0042522	NA	FALSE	0	0	FALSE	FALSE	1
OG_0042545	NA	FALSE	0	0	FALSE	FALSE	1
OG_0042546	NA	FALSE	0	0	FALSE	FALSE	1
OG_0042560	NA	FALSE	0	0	FALSE	FALSE	1
OG_0042598	NA	FALSE	0	0	FALSE	FALSE	1
OG_0042619	NA	FALSE	0	0	FALSE	FALSE	1
OG_0042698	NA	FALSE	0	0	FALSE	FALSE	1
OG_0042777	NA	FALSE	0	0	FALSE	FALSE	1
OG_0042879	NA	FALSE	0	0	FALSE	FALSE	1
OG_0042911	NA	FALSE	0	0	FALSE	FALSE	1
OG_0042929	NA	FALSE	0	0	FALSE	FALSE	1
OG_0042930	NA	FALSE	0	0	FALSE	FALSE	1
OG_0042932	NA	FALSE	0	0	FALSE	FALSE	1
OG_0042984	NA	FALSE	0	0	FALSE	FALSE	1
OG_0042994	OSBPL9	TRUE	1	0	FALSE	FALSE	1
OG_0043009	NA	FALSE	0	0	FALSE	FALSE	1
OG_0043034	NA	FALSE	0	0	FALSE	FALSE	1
OG_0043041	NA	FALSE	0	0	FALSE	FALSE	1
OG_0043062	NA	FALSE	0	0	FALSE	FALSE	1
OG_0043092	NA	FALSE	0	0	FALSE	FALSE	1
OG_0043137	NA	FALSE	0	0	FALSE	FALSE	1
OG_0043204	NA	FALSE	0	0	FALSE	FALSE	1
OG_0043235	NA	FALSE	0	0	FALSE	FALSE	1
OG_0043334	NA	FALSE	0	0	FALSE	FALSE	1
OG_0043344	NA	FALSE	0	0	FALSE	FALSE	1
OG_0043359	NA	FALSE	0	0	FALSE	FALSE	1
OG_0043378	NA	FALSE	0	0	FALSE	FALSE	1
OG_0043428	NA	FALSE	0	0	FALSE	FALSE	1
OG_0043471	NA	FALSE	0	0	FALSE	FALSE	1
OG_0044189	NA	FALSE	0	0	FALSE	FALSE	1
OG_0044190	NA	FALSE	0	0	FALSE	FALSE	1
OG_0044208	NA	FALSE	0	0	FALSE	FALSE	1
OG_0044209	NA	FALSE	0	0	FALSE	FALSE	1
OG_0044260	NA	FALSE	0	0	FALSE	FALSE	1
